<?xml version="1.0" encoding="UTF-8"?>
<sltp_graph version="1.1" packageUris="http://schema.mathworks.com/mf0/sltp_mm/R2021b_202106150630">
  <sltp.mm.core.Context type="sltp.mm.core.Context" uuid="d0283f9f-c145-4773-9d84-8a3f5399725e">
    <priorityDirection>HighNumberLast</priorityDirection>
    <editorState type="sltp.mm.core.EditorState" uuid="f87f54c0-734b-402c-8227-d4824a339e80">
      <isSynchronized>true</isSynchronized>
      <panelState type="sltp.mm.core.EditorPanelState" uuid="5b6019a6-50a2-494e-818a-5ae8c9f2432e"/>
    </editorState>
    <rootTask type="sltp.mm.core.Task" uuid="12453feb-075c-4f94-abd9-5ca7cf68c4ee">
      <context type="sltp.mm.core.Context" uuid="d0283f9f-c145-4773-9d84-8a3f5399725e"/>
      <explicit>false</explicit>
      <name>Default</name>
      <priority>-2147483648</priority>
      <subgraph type="sltp.mm.core.Graph" uuid="e8d03bc8-3210-4abd-a2a1-208d7191a6bb">
        <connections type="sltp.mm.core.Connection" uuid="e4560ba9-6264-4884-ac2b-87e8bef34823">
          <dst type="sltp.mm.core.Task" uuid="ea702952-c2cc-4fab-9f80-71ed22981c2c"/>
          <src type="sltp.mm.core.Task" uuid="15534676-5645-4d97-8c6f-bd4b9f4fab74"/>
        </connections>
        <tasks type="sltp.mm.core.Task" uuid="ea702952-c2cc-4fab-9f80-71ed22981c2c">
          <baseTask>true</baseTask>
          <context type="sltp.mm.core.Context" uuid="d0283f9f-c145-4773-9d84-8a3f5399725e"/>
          <explicit>false</explicit>
          <id>1</id>
          <inConnections type="sltp.mm.core.Connection" uuid="e4560ba9-6264-4884-ac2b-87e8bef34823"/>
          <isTimed>true</isTimed>
          <name>Cont</name>
          <priority>40</priority>
          <rates type="sltp.mm.core.Rate" uuid="b99a1295-fc16-452c-bd3d-09723440b5ff">
            <annotation>Cont</annotation>
            <color>255</color>
            <hasBlocks>true</hasBlocks>
            <identifier>Continuous00</identifier>
            <rateSpec type="sltp.mm.core.RateSpec">
              <period>0.0</period>
            </rateSpec>
            <sti>0</sti>
          </rates>
          <rates type="sltp.mm.core.Rate" uuid="975e3662-88ca-47d8-8c19-76ef6ebe7d08">
            <annotation>D1</annotation>
            <color>-436207361</color>
            <hasBlocks>true</hasBlocks>
            <rateSpec type="sltp.mm.core.RateSpec">
              <period>.005</period>
            </rateSpec>
            <sti>1</sti>
          </rates>
        </tasks>
        <tasks type="sltp.mm.core.Task" uuid="15534676-5645-4d97-8c6f-bd4b9f4fab74">
          <context type="sltp.mm.core.Context" uuid="d0283f9f-c145-4773-9d84-8a3f5399725e"/>
          <explicit>false</explicit>
          <id>2</id>
          <isTimed>true</isTimed>
          <name>D2</name>
          <outConnections type="sltp.mm.core.Connection" uuid="e4560ba9-6264-4884-ac2b-87e8bef34823"/>
          <priority>41</priority>
          <rates type="sltp.mm.core.Rate" uuid="4c06b106-7fbf-4b41-b3fe-1c61f163d0ee">
            <annotation>D2</annotation>
            <color>13697279</color>
            <hasBlocks>true</hasBlocks>
            <identifier>ClassicPeriodicDiscrete0.20</identifier>
            <rateSpec type="sltp.mm.core.RateSpec">
              <period>.2</period>
            </rateSpec>
            <sti>2</sti>
          </rates>
        </tasks>
      </subgraph>
    </rootTask>
  </sltp.mm.core.Context>
</sltp_graph>