<?xml version="1.0" encoding="UTF-8"?>
<sltp_editor version="1.1" packageUris="http://schema.mathworks.com/mf0/DiagramEditor/R2019a_20181107 http://schema.mathworks.com/mf0/SltpSyntax/R2021b_202101212121">
  <diagram.editor.model.Diagram type="diagram.editor.model.Diagram" uuid="aa358aa9-51bd-4953-9299-cc627924a8b2">
    <connections type="diagram.editor.model.Connection" uuid="c6377a2f-09ce-4e3d-af19-562b0d3cb1ff">
      <dstElement type="diagram.editor.model.Entity" uuid="82482668-e444-4777-9e21-76ffcf9e77ba"/>
      <srcElement type="diagram.editor.model.Entity" uuid="aae9466e-d45b-4156-8c16-7c4c79108c95"/>
      <position>0,0</position>
      <size>0,0,0,0</size>
      <syntaxElement type="sltp.mm.syntax.Edge" uuid="46568c9c-146c-4809-90cc-9a3a57426bb4"/>
      <type>graph.Edge</type>
    </connections>
    <entities type="diagram.editor.model.Entity" uuid="82482668-e444-4777-9e21-76ffcf9e77ba">
      <inConnections type="diagram.editor.model.Connection" uuid="c6377a2f-09ce-4e3d-af19-562b0d3cb1ff"/>
      <position>0,0</position>
      <size>0,0,0,0</size>
      <syntaxElement type="sltp.mm.syntax.Node" uuid="bd5300e4-6b0f-400b-bb4c-c9f3005ece45"/>
      <title>Cont</title>
      <type>base</type>
      <subDiagram type="diagram.editor.model.Diagram" uuid="d305a328-d66f-40d0-96ee-e865a6a5f5e6">
        <position>0,0</position>
        <syntaxElement type="sltp.mm.syntax.Graph" uuid="39ea2f8e-7403-42a5-b068-76884ad43965"/>
        <title>Cont</title>
        <type>graph.Graph</type>
      </subDiagram>
    </entities>
    <entities type="diagram.editor.model.Entity" uuid="aae9466e-d45b-4156-8c16-7c4c79108c95">
      <outConnections type="diagram.editor.model.Connection" uuid="c6377a2f-09ce-4e3d-af19-562b0d3cb1ff"/>
      <position>0,0</position>
      <size>0,0,0,0</size>
      <syntaxElement type="sltp.mm.syntax.Node" uuid="9f7a3643-e07d-47a4-87ea-c458aebd76d9"/>
      <title>D2</title>
      <type>implicit-periodic</type>
      <subDiagram type="diagram.editor.model.Diagram" uuid="50460979-7922-4813-bd9d-c558373e2b82">
        <position>0,0</position>
        <syntaxElement type="sltp.mm.syntax.Graph" uuid="f558aed5-8f5f-44a2-9f74-c6db3a470fde"/>
        <title>D2</title>
        <type>graph.Graph</type>
      </subDiagram>
    </entities>
    <syntaxElement type="sltp.mm.syntax.Graph" uuid="e5170ac6-c5b1-4749-b606-ae7773a51d4b"/>
    <title>Default</title>
    <type>graph.Graph</type>
  </diagram.editor.model.Diagram>
  <sltp.mm.syntax.Context type="sltp.mm.syntax.Context" uuid="315f3bce-4d5b-4680-b399-24cd2e6d4104">
    <rootGraph type="sltp.mm.syntax.Graph" uuid="e5170ac6-c5b1-4749-b606-ae7773a51d4b">
      <children type="sltp.mm.syntax.Node" uuid="bd5300e4-6b0f-400b-bb4c-c9f3005ece45">
        <inEdges type="sltp.mm.syntax.Edge" uuid="46568c9c-146c-4809-90cc-9a3a57426bb4"/>
        <priority>40</priority>
        <rates type="sltp.mm.syntax.RateData">
          <color>#000000</color>
          <hasBlocks>true</hasBlocks>
          <rate>0</rate>
          <title>Cont</title>
        </rates>
        <rates type="sltp.mm.syntax.RateData">
          <color>#e60000</color>
          <hasBlocks>true</hasBlocks>
          <rate>0.005</rate>
          <title>D1</title>
        </rates>
        <title>Cont</title>
        <type>base</type>
        <diagramElement type="diagram.editor.model.Entity" uuid="82482668-e444-4777-9e21-76ffcf9e77ba"/>
        <subgraph type="sltp.mm.syntax.Graph" uuid="39ea2f8e-7403-42a5-b068-76884ad43965">
          <title>Cont</title>
          <diagramElement type="diagram.editor.model.Diagram" uuid="d305a328-d66f-40d0-96ee-e865a6a5f5e6"/>
        </subgraph>
      </children>
      <children type="sltp.mm.syntax.Node" uuid="9f7a3643-e07d-47a4-87ea-c458aebd76d9">
        <orderIndex>1</orderIndex>
        <outEdges type="sltp.mm.syntax.Edge" uuid="46568c9c-146c-4809-90cc-9a3a57426bb4"/>
        <priority>41</priority>
        <rates type="sltp.mm.syntax.RateData">
          <color>#00d100</color>
          <hasBlocks>true</hasBlocks>
          <rate>0.2</rate>
          <title>D2</title>
        </rates>
        <title>D2</title>
        <type>implicit-periodic</type>
        <diagramElement type="diagram.editor.model.Entity" uuid="aae9466e-d45b-4156-8c16-7c4c79108c95"/>
        <subgraph type="sltp.mm.syntax.Graph" uuid="f558aed5-8f5f-44a2-9f74-c6db3a470fde">
          <title>D2</title>
          <diagramElement type="diagram.editor.model.Diagram" uuid="50460979-7922-4813-bd9d-c558373e2b82"/>
        </subgraph>
      </children>
      <edges type="sltp.mm.syntax.Edge" uuid="46568c9c-146c-4809-90cc-9a3a57426bb4">
        <dst type="sltp.mm.syntax.Node" uuid="bd5300e4-6b0f-400b-bb4c-c9f3005ece45"/>
        <src type="sltp.mm.syntax.Node" uuid="9f7a3643-e07d-47a4-87ea-c458aebd76d9"/>
        <type>Delay</type>
        <diagramElement type="diagram.editor.model.Connection" uuid="c6377a2f-09ce-4e3d-af19-562b0d3cb1ff"/>
      </edges>
      <title>Default</title>
      <diagramElement type="diagram.editor.model.Diagram" uuid="aa358aa9-51bd-4953-9299-cc627924a8b2"/>
    </rootGraph>
  </sltp.mm.syntax.Context>
</sltp_editor>