<?xml version="1.0" encoding="utf-8"?>
<ModelInformation Version="1.0">
  <Model>
    <P Name="ModelUUID">fe531df7-2b50-4f5f-bb79-8e6c207c629a</P>
    <Object PropName="HDLParams" ObjectID="1" ClassName="slprops.hdlmdlprops">
      <Array PropName="mdlProps" Type="Cell" Dimension="1*2">
        <Cell Class="char">HDLSubsystem</Cell>
        <Cell Class="char">$bdroot</Cell>
      </Array>
    </Object>
    <P Name="SLXCompressionType">Normal</P>
    <P Name="LastSavedArchitecture">win64</P>
    <ConfigManagerSettings>
      <P Name="ModifiedByFormat">%&lt;Auto&gt;</P>
      <P Name="ModifiedDateFormat">%&lt;Auto&gt;</P>
      <P Name="RTWModifiedTimeStamp">569552626</P>
      <P Name="ModelVersionFormat">%&lt;AutoIncrement:3.0&gt;</P>
    </ConfigManagerSettings>
    <EditorSettings>
      <P Name="LibraryLinkDisplay">user</P>
      <P Name="ShowLineDimensions">on</P>
      <P Name="ShowEditTimeErrors">off</P>
      <P Name="ShowEditTimeWarnings">off</P>
      <P Name="ScheduleConnectors">off</P>
      <P Name="MultithreadedSim">on</P>
    </EditorSettings>
    <SimulationSettings>
      <P Name="SimulationMode">normal</P>
      <Object PropName="DataLoggingOverride" ObjectID="2" ClassName="Simulink.SimulationData.ModelLoggingInfo">
        <P Name="model_" Class="char">$bdroot</P>
        <P Name="overrideMode_" Class="uint32">0U</P>
        <Array PropName="logAsSpecifiedByModels_" Type="Cell" Dimension="1*1">
          <Cell Class="char">$bdroot</Cell>
        </Array>
        <Array PropName="logAsSpecifiedByModelsSSIDs_" Type="Cell" Dimension="1*1">
          <Cell Class="double">[]</Cell>
        </Array>
      </Object>
      <Object PropName="InstrumentedSignals" ObjectID="3" ClassName="Simulink.HMI.InstrumentedSignals">
        <Array PropName="Persistence" Type="Struct" Dimension="12*1">
          <MATStruct>
            <Field Name="UUID" Class="char">9ede06aa-f18c-494a-acd9-edca3a5d01aa</Field>
            <Field Name="BlockPath_" Class="char">Environment Model</Field>
            <Field Name="SID_" Class="char">84</Field>
            <Field Name="SubPath_" Class="char"/>
            <Field Name="OutputPortIndex_" Class="double">1.0</Field>
            <Field Name="LogicalPortIndex_" Class="double">0.0</Field>
            <Field Name="SignalName_" Class="char"/>
            <Field Name="SubSysPath_" Class="char"/>
            <Field Name="Decimation_" Class="double">1.0</Field>
            <Field Name="MaxPoints_" Class="double">0.0</Field>
            <Field Name="TargetBufferedStreaming_" Class="double">0.0</Field>
            <Field Name="IsFrameBased_" Class="double">0.0</Field>
            <Field Name="HideInSDI_" Class="double">0.0</Field>
            <Field Name="DomainType_" Class="char"/>
            <Array PropName="DomainParams_" Type="Struct" Dimension="1*1">
              <MATStruct/>
            </Array>
            <Field Name="VisualType_" Class="char"/>
          </MATStruct>
          <MATStruct>
            <Field Name="UUID" Class="char">bcafdc3b-13bd-421d-976e-50cd93993185</Field>
            <Field Name="BlockPath_" Class="char">Flight Control System</Field>
            <Field Name="SID_" Class="char">1</Field>
            <Field Name="SubPath_" Class="char"/>
            <Field Name="OutputPortIndex_" Class="double">1.0</Field>
            <Field Name="LogicalPortIndex_" Class="double">0.0</Field>
            <Field Name="SignalName_" Class="char"/>
            <Field Name="SubSysPath_" Class="char"/>
            <Field Name="Decimation_" Class="double">1.0</Field>
            <Field Name="MaxPoints_" Class="double">0.0</Field>
            <Field Name="TargetBufferedStreaming_" Class="double">0.0</Field>
            <Field Name="IsFrameBased_" Class="double">0.0</Field>
            <Field Name="HideInSDI_" Class="double">0.0</Field>
            <Field Name="DomainType_" Class="char"/>
            <Array PropName="DomainParams_" Type="Struct" Dimension="1*1">
              <MATStruct/>
            </Array>
            <Field Name="VisualType_" Class="char"/>
          </MATStruct>
          <MATStruct>
            <Field Name="UUID" Class="char">a7ff1396-4190-41a9-8a33-b6cc4d49d931</Field>
            <Field Name="BlockPath_" Class="char">Extract Flight Instruments/Demux</Field>
            <Field Name="SID_" Class="char">2425</Field>
            <Field Name="SubPath_" Class="char"/>
            <Field Name="OutputPortIndex_" Class="double">3.0</Field>
            <Field Name="LogicalPortIndex_" Class="double">0.0</Field>
            <Field Name="SignalName_" Class="char"/>
            <Field Name="SubSysPath_" Class="char"/>
            <Field Name="Decimation_" Class="double">1.0</Field>
            <Field Name="MaxPoints_" Class="double">0.0</Field>
            <Field Name="TargetBufferedStreaming_" Class="double">0.0</Field>
            <Field Name="IsFrameBased_" Class="double">0.0</Field>
            <Field Name="HideInSDI_" Class="double">0.0</Field>
            <Field Name="DomainType_" Class="char"/>
            <Array PropName="DomainParams_" Type="Struct" Dimension="1*1">
              <MATStruct/>
            </Array>
            <Field Name="VisualType_" Class="char"/>
          </MATStruct>
          <MATStruct>
            <Field Name="UUID" Class="char">0b85d71c-b0a9-4baa-8fbe-6b2a59a9e19a</Field>
            <Field Name="BlockPath_" Class="char">Extract Flight Instruments/Altitude [ft]</Field>
            <Field Name="SID_" Class="char">2421</Field>
            <Field Name="SubPath_" Class="char"/>
            <Field Name="OutputPortIndex_" Class="double">1.0</Field>
            <Field Name="LogicalPortIndex_" Class="double">0.0</Field>
            <Field Name="SignalName_" Class="char"/>
            <Field Name="SubSysPath_" Class="char"/>
            <Field Name="Decimation_" Class="double">1.0</Field>
            <Field Name="MaxPoints_" Class="double">0.0</Field>
            <Field Name="TargetBufferedStreaming_" Class="double">0.0</Field>
            <Field Name="IsFrameBased_" Class="double">0.0</Field>
            <Field Name="HideInSDI_" Class="double">0.0</Field>
            <Field Name="DomainType_" Class="char"/>
            <Array PropName="DomainParams_" Type="Struct" Dimension="1*1">
              <MATStruct/>
            </Array>
            <Field Name="VisualType_" Class="char"/>
          </MATStruct>
          <MATStruct>
            <Field Name="UUID" Class="char">9bb3120b-0374-45db-adf5-0ee680cffbfa</Field>
            <Field Name="BlockPath_" Class="char">Extract Flight Instruments/Demux1</Field>
            <Field Name="SID_" Class="char">2426</Field>
            <Field Name="SubPath_" Class="char"/>
            <Field Name="OutputPortIndex_" Class="double">1.0</Field>
            <Field Name="LogicalPortIndex_" Class="double">0.0</Field>
            <Field Name="SignalName_" Class="char"/>
            <Field Name="SubSysPath_" Class="char"/>
            <Field Name="Decimation_" Class="double">1.0</Field>
            <Field Name="MaxPoints_" Class="double">0.0</Field>
            <Field Name="TargetBufferedStreaming_" Class="double">0.0</Field>
            <Field Name="IsFrameBased_" Class="double">0.0</Field>
            <Field Name="HideInSDI_" Class="double">0.0</Field>
            <Field Name="DomainType_" Class="char"/>
            <Array PropName="DomainParams_" Type="Struct" Dimension="1*1">
              <MATStruct/>
            </Array>
            <Field Name="VisualType_" Class="char"/>
          </MATStruct>
          <MATStruct>
            <Field Name="UUID" Class="char">7ad9fd6d-acb8-4720-b8ac-bf1f7418ad51</Field>
            <Field Name="BlockPath_" Class="char">Extract Flight Instruments/Demux1</Field>
            <Field Name="SID_" Class="char">2426</Field>
            <Field Name="SubPath_" Class="char"/>
            <Field Name="OutputPortIndex_" Class="double">2.0</Field>
            <Field Name="LogicalPortIndex_" Class="double">0.0</Field>
            <Field Name="SignalName_" Class="char"/>
            <Field Name="SubSysPath_" Class="char"/>
            <Field Name="Decimation_" Class="double">1.0</Field>
            <Field Name="MaxPoints_" Class="double">0.0</Field>
            <Field Name="TargetBufferedStreaming_" Class="double">0.0</Field>
            <Field Name="IsFrameBased_" Class="double">0.0</Field>
            <Field Name="HideInSDI_" Class="double">0.0</Field>
            <Field Name="DomainType_" Class="char"/>
            <Array PropName="DomainParams_" Type="Struct" Dimension="1*1">
              <MATStruct/>
            </Array>
            <Field Name="VisualType_" Class="char"/>
          </MATStruct>
          <MATStruct>
            <Field Name="UUID" Class="char">7e8de775-8913-4708-bff6-c8f38a270714</Field>
            <Field Name="BlockPath_" Class="char">Extract Flight Instruments/Demux1</Field>
            <Field Name="SID_" Class="char">2426</Field>
            <Field Name="SubPath_" Class="char"/>
            <Field Name="OutputPortIndex_" Class="double">3.0</Field>
            <Field Name="LogicalPortIndex_" Class="double">0.0</Field>
            <Field Name="SignalName_" Class="char"/>
            <Field Name="SubSysPath_" Class="char"/>
            <Field Name="Decimation_" Class="double">1.0</Field>
            <Field Name="MaxPoints_" Class="double">0.0</Field>
            <Field Name="TargetBufferedStreaming_" Class="double">0.0</Field>
            <Field Name="IsFrameBased_" Class="double">0.0</Field>
            <Field Name="HideInSDI_" Class="double">0.0</Field>
            <Field Name="DomainType_" Class="char"/>
            <Array PropName="DomainParams_" Type="Struct" Dimension="1*1">
              <MATStruct/>
            </Array>
            <Field Name="VisualType_" Class="char"/>
          </MATStruct>
          <MATStruct>
            <Field Name="UUID" Class="char">06bd78df-e431-4908-af09-f344c2440bf8</Field>
            <Field Name="BlockPath_" Class="char">Extract Flight Instruments/Demux1</Field>
            <Field Name="SID_" Class="char">2426</Field>
            <Field Name="SubPath_" Class="char"/>
            <Field Name="OutputPortIndex_" Class="double">4.0</Field>
            <Field Name="LogicalPortIndex_" Class="double">0.0</Field>
            <Field Name="SignalName_" Class="char"/>
            <Field Name="SubSysPath_" Class="char"/>
            <Field Name="Decimation_" Class="double">1.0</Field>
            <Field Name="MaxPoints_" Class="double">0.0</Field>
            <Field Name="TargetBufferedStreaming_" Class="double">0.0</Field>
            <Field Name="IsFrameBased_" Class="double">0.0</Field>
            <Field Name="HideInSDI_" Class="double">0.0</Field>
            <Field Name="DomainType_" Class="char"/>
            <Array PropName="DomainParams_" Type="Struct" Dimension="1*1">
              <MATStruct/>
            </Array>
            <Field Name="VisualType_" Class="char"/>
          </MATStruct>
          <MATStruct>
            <Field Name="UUID" Class="char">2ec345b0-6e9f-430b-b411-09ca4fed8888</Field>
            <Field Name="BlockPath_" Class="char">Extract Flight Instruments/Deg from North</Field>
            <Field Name="SID_" Class="char">2424</Field>
            <Field Name="SubPath_" Class="char"/>
            <Field Name="OutputPortIndex_" Class="double">1.0</Field>
            <Field Name="LogicalPortIndex_" Class="double">0.0</Field>
            <Field Name="SignalName_" Class="char"/>
            <Field Name="SubSysPath_" Class="char"/>
            <Field Name="Decimation_" Class="double">1.0</Field>
            <Field Name="MaxPoints_" Class="double">0.0</Field>
            <Field Name="TargetBufferedStreaming_" Class="double">0.0</Field>
            <Field Name="IsFrameBased_" Class="double">0.0</Field>
            <Field Name="HideInSDI_" Class="double">0.0</Field>
            <Field Name="DomainType_" Class="char"/>
            <Array PropName="DomainParams_" Type="Struct" Dimension="1*1">
              <MATStruct/>
            </Array>
            <Field Name="VisualType_" Class="char"/>
          </MATStruct>
          <MATStruct>
            <Field Name="UUID" Class="char">7c3865fc-29e2-45cc-b129-0f7b112b51fd</Field>
            <Field Name="BlockPath_" Class="char">Extract Flight Instruments/V</Field>
            <Field Name="SID_" Class="char">2444</Field>
            <Field Name="SubPath_" Class="char"/>
            <Field Name="OutputPortIndex_" Class="double">1.0</Field>
            <Field Name="LogicalPortIndex_" Class="double">0.0</Field>
            <Field Name="SignalName_" Class="char"/>
            <Field Name="SubSysPath_" Class="char"/>
            <Field Name="Decimation_" Class="double">1.0</Field>
            <Field Name="MaxPoints_" Class="double">0.0</Field>
            <Field Name="TargetBufferedStreaming_" Class="double">0.0</Field>
            <Field Name="IsFrameBased_" Class="double">0.0</Field>
            <Field Name="HideInSDI_" Class="double">0.0</Field>
            <Field Name="DomainType_" Class="char"/>
            <Array PropName="DomainParams_" Type="Struct" Dimension="1*1">
              <MATStruct/>
            </Array>
            <Field Name="VisualType_" Class="char"/>
          </MATStruct>
          <MATStruct>
            <Field Name="UUID" Class="char">d2b23cf4-25ac-41fc-a646-60d0bd78944a</Field>
            <Field Name="BlockPath_" Class="char">Extract Flight Instruments/Gain</Field>
            <Field Name="SID_" Class="char">2438</Field>
            <Field Name="SubPath_" Class="char"/>
            <Field Name="OutputPortIndex_" Class="double">1.0</Field>
            <Field Name="LogicalPortIndex_" Class="double">0.0</Field>
            <Field Name="SignalName_" Class="char"/>
            <Field Name="SubSysPath_" Class="char"/>
            <Field Name="Decimation_" Class="double">1.0</Field>
            <Field Name="MaxPoints_" Class="double">0.0</Field>
            <Field Name="TargetBufferedStreaming_" Class="double">0.0</Field>
            <Field Name="IsFrameBased_" Class="double">0.0</Field>
            <Field Name="HideInSDI_" Class="double">0.0</Field>
            <Field Name="DomainType_" Class="char"/>
            <Array PropName="DomainParams_" Type="Struct" Dimension="1*1">
              <MATStruct/>
            </Array>
            <Field Name="VisualType_" Class="char"/>
          </MATStruct>
          <MATStruct>
            <Field Name="UUID" Class="char">7036092b-cacf-4c06-b996-c3134861a031</Field>
            <Field Name="BlockPath_" Class="char">Extract Flight Instruments/Mux</Field>
            <Field Name="SID_" Class="char">2441</Field>
            <Field Name="SubPath_" Class="char"/>
            <Field Name="OutputPortIndex_" Class="double">1.0</Field>
            <Field Name="LogicalPortIndex_" Class="double">0.0</Field>
            <Field Name="SignalName_" Class="char"/>
            <Field Name="SubSysPath_" Class="char"/>
            <Field Name="Decimation_" Class="double">1.0</Field>
            <Field Name="MaxPoints_" Class="double">0.0</Field>
            <Field Name="TargetBufferedStreaming_" Class="double">0.0</Field>
            <Field Name="IsFrameBased_" Class="double">0.0</Field>
            <Field Name="HideInSDI_" Class="double">0.0</Field>
            <Field Name="DomainType_" Class="char"/>
            <Array PropName="DomainParams_" Type="Struct" Dimension="1*1">
              <MATStruct/>
            </Array>
            <Field Name="VisualType_" Class="char"/>
          </MATStruct>
        </Array>
      </Object>
      <Object PropName="StreamingClients" ObjectID="4" ClassName="Simulink.HMI.StreamingClients">
        <Array PropName="Persistence" Type="Struct" Dimension="6*1">
          <MATStruct>
            <Field Name="UUID" Class="char">8cd78197-0c01-4594-854a-cb5020ba0722</Field>
            <Array PropName="ModelPath_" Type="Cell" Dimension="0*1"/>
            <Array PropName="ModelPathSID_" Type="Cell" Dimension="0*1"/>
            <Field Name="SourceModel_" Class="char"/>
            <Field Name="SignalUUID_" Class="char">1a228fcd-564f-44ff-ae6c-0b88ea292557</Field>
            <Field Name="ObserverType_" Class="char">dashboardblocks_observer</Field>
            <Array PropName="ObserverParams_" Type="Struct" Dimension="1*1">
              <MATStruct/>
            </Array>
            <Field Name="UpdateRate_" Class="uint32">1U</Field>
            <Field Name="DimensionChannel_" Class="uint32">1U</Field>
            <Field Name="ObserveImaginaryPart_" Class="logical">0</Field>
            <Field Name="BusLeafPath_" Class="char"/>
          </MATStruct>
          <MATStruct>
            <Field Name="UUID" Class="char">aebbdd28-8825-404a-b04f-b290e7035443</Field>
            <Array PropName="ModelPath_" Type="Cell" Dimension="0*1"/>
            <Array PropName="ModelPathSID_" Type="Cell" Dimension="0*1"/>
            <Field Name="SourceModel_" Class="char"/>
            <Field Name="SignalUUID_" Class="char">0cd4f235-ef5b-40fe-b983-5fa8dfd9edd1</Field>
            <Field Name="ObserverType_" Class="char">aerohmiblocks_observer</Field>
            <Array PropName="ObserverParams_" Type="Struct" Dimension="1*1">
              <MATStruct/>
            </Array>
            <Field Name="UpdateRate_" Class="uint32">1U</Field>
            <Field Name="DimensionChannel_" Class="uint32">1U</Field>
            <Field Name="ObserveImaginaryPart_" Class="logical">0</Field>
            <Field Name="BusLeafPath_" Class="char"/>
          </MATStruct>
          <MATStruct>
            <Field Name="UUID" Class="char">1724f6ff-6381-4122-a56b-e7264177e6fe</Field>
            <Array PropName="ModelPath_" Type="Cell" Dimension="0*1"/>
            <Array PropName="ModelPathSID_" Type="Cell" Dimension="0*1"/>
            <Field Name="SourceModel_" Class="char"/>
            <Field Name="SignalUUID_" Class="char">64f1a7f7-c8dd-4365-99bc-b7eac9346bbd</Field>
            <Field Name="ObserverType_" Class="char">dashboardblocks_observer</Field>
            <Array PropName="ObserverParams_" Type="Struct" Dimension="1*1">
              <MATStruct/>
            </Array>
            <Field Name="UpdateRate_" Class="uint32">1U</Field>
            <Field Name="DimensionChannel_" Class="uint32">1U</Field>
            <Field Name="ObserveImaginaryPart_" Class="logical">0</Field>
            <Field Name="BusLeafPath_" Class="char"/>
          </MATStruct>
          <MATStruct>
            <Field Name="UUID" Class="char">675f71a8-9796-4b47-84c1-5daecca84d55</Field>
            <Array PropName="ModelPath_" Type="Cell" Dimension="0*1"/>
            <Array PropName="ModelPathSID_" Type="Cell" Dimension="0*1"/>
            <Field Name="SourceModel_" Class="char"/>
            <Field Name="SignalUUID_" Class="char">6e4daacf-8770-4999-b9d2-74b62b5c39a3</Field>
            <Field Name="ObserverType_" Class="char">dashboardblocks_observer</Field>
            <Array PropName="ObserverParams_" Type="Struct" Dimension="1*1">
              <MATStruct/>
            </Array>
            <Field Name="UpdateRate_" Class="uint32">1U</Field>
            <Field Name="DimensionChannel_" Class="uint32">1U</Field>
            <Field Name="ObserveImaginaryPart_" Class="logical">0</Field>
            <Field Name="BusLeafPath_" Class="char"/>
          </MATStruct>
          <MATStruct>
            <Field Name="UUID" Class="char">19550b0e-4390-4027-bbe9-88b8d77413f5</Field>
            <Array PropName="ModelPath_" Type="Cell" Dimension="0*1"/>
            <Array PropName="ModelPathSID_" Type="Cell" Dimension="0*1"/>
            <Field Name="SourceModel_" Class="char"/>
            <Field Name="SignalUUID_" Class="char">273bce34-c0eb-45ef-ae23-47019fb08bdb</Field>
            <Field Name="ObserverType_" Class="char">dashboardblocks_observer</Field>
            <Array PropName="ObserverParams_" Type="Struct" Dimension="1*1">
              <MATStruct/>
            </Array>
            <Field Name="UpdateRate_" Class="uint32">1U</Field>
            <Field Name="DimensionChannel_" Class="uint32">1U</Field>
            <Field Name="ObserveImaginaryPart_" Class="logical">0</Field>
            <Field Name="BusLeafPath_" Class="char"/>
          </MATStruct>
          <MATStruct>
            <Field Name="UUID" Class="char">70a1fa0e-7a23-4abc-a654-3739f277478c</Field>
            <Array PropName="ModelPath_" Type="Cell" Dimension="0*1"/>
            <Array PropName="ModelPathSID_" Type="Cell" Dimension="0*1"/>
            <Field Name="SourceModel_" Class="char"/>
            <Field Name="SignalUUID_" Class="char">8325ba56-a3c7-45db-95f1-b034097d55c8</Field>
            <Field Name="ObserverType_" Class="char">dashboardblocks_observer</Field>
            <Array PropName="ObserverParams_" Type="Struct" Dimension="1*1">
              <MATStruct/>
            </Array>
            <Field Name="UpdateRate_" Class="uint32">1U</Field>
            <Field Name="DimensionChannel_" Class="uint32">1U</Field>
            <Field Name="ObserveImaginaryPart_" Class="logical">0</Field>
            <Field Name="BusLeafPath_" Class="char"/>
          </MATStruct>
        </Array>
      </Object>
    </SimulationSettings>
    <ExternalMode>
      <P Name="ExtModeTrigDuration">80</P>
    </ExternalMode>
    <EngineSettings>
      <P Name="ConfigurableSubsystemUsage">warning</P>
    </EngineSettings>
    <ConcurrentExecutionSettings>
      <Object PropName="DataTransfer" ObjectID="5" ClassName="Simulink.GlobalDataTransfer">
        <P Name="DefaultTransitionBetweenSyncTasks" Class="char">Ensure deterministic transfer (maximum delay)</P>
        <P Name="DefaultTransitionBetweenAsyncTasks" Class="char">Ensure data integrity only</P>
        <P Name="DefaultTransitionBetweenContTasks" Class="char">Ensure deterministic transfer (minimum delay)</P>
        <P Name="DefaultExtrapolationMethodBetweenContTasks" Class="char">None</P>
      </Object>
    </ConcurrentExecutionSettings>
    <System Ref="system_root"/>
  </Model>
</ModelInformation>
