<?xml version="1.0" encoding="UTF-8"?>
<sltp_editor version="1.1" packageUris="http://schema.mathworks.com/mf0/DiagramEditor/R2019a_20181107 http://schema.mathworks.com/mf0/SltpSyntax/R2021b_202101212121">
  <diagram.editor.model.Diagram type="diagram.editor.model.Diagram" uuid="aa358aa9-51bd-4953-9299-cc627924a8b2">
    <connections type="diagram.editor.model.Connection" uuid="9040203b-1763-4de6-89bc-53445fb6cc56">
      <dstElement type="diagram.editor.model.Entity" uuid="82482668-e444-4777-9e21-76ffcf9e77ba"/>
      <srcElement type="diagram.editor.model.Entity" uuid="e9d72b23-2352-4a54-90a1-7eeed121085c"/>
      <position>0,0</position>
      <size>0,0,0,0</size>
      <syntaxElement type="sltp.mm.syntax.Edge" uuid="5b8326f8-6ecd-4a74-9dbe-21a6ad635816"/>
      <type>graph.Edge</type>
    </connections>
    <entities type="diagram.editor.model.Entity" uuid="82482668-e444-4777-9e21-76ffcf9e77ba">
      <inConnections type="diagram.editor.model.Connection" uuid="9040203b-1763-4de6-89bc-53445fb6cc56"/>
      <position>0,0</position>
      <size>0,0,0,0</size>
      <syntaxElement type="sltp.mm.syntax.Node" uuid="bd5300e4-6b0f-400b-bb4c-c9f3005ece45"/>
      <title>Cont</title>
      <type>base</type>
      <subDiagram type="diagram.editor.model.Diagram" uuid="d305a328-d66f-40d0-96ee-e865a6a5f5e6">
        <position>0,0</position>
        <syntaxElement type="sltp.mm.syntax.Graph" uuid="39ea2f8e-7403-42a5-b068-76884ad43965"/>
        <title>Cont</title>
        <type>graph.Graph</type>
      </subDiagram>
    </entities>
    <entities type="diagram.editor.model.Entity" uuid="e9d72b23-2352-4a54-90a1-7eeed121085c">
      <outConnections type="diagram.editor.model.Connection" uuid="9040203b-1763-4de6-89bc-53445fb6cc56"/>
      <position>0,0</position>
      <size>0,0,0,0</size>
      <syntaxElement type="sltp.mm.syntax.Node" uuid="7bf3c9d1-d5dd-415c-90db-9079b92eb1d5"/>
      <title>D2</title>
      <type>implicit-periodic</type>
      <subDiagram type="diagram.editor.model.Diagram" uuid="3c33b9d5-cdc5-469d-8d2f-96b6ddf1dc49">
        <position>0,0</position>
        <syntaxElement type="sltp.mm.syntax.Graph" uuid="d1a5f6b3-46bd-4505-9e7c-74e879533596"/>
        <title>D2</title>
        <type>graph.Graph</type>
      </subDiagram>
    </entities>
    <syntaxElement type="sltp.mm.syntax.Graph" uuid="e5170ac6-c5b1-4749-b606-ae7773a51d4b"/>
    <title>Default</title>
    <type>graph.Graph</type>
  </diagram.editor.model.Diagram>
  <sltp.mm.syntax.Context type="sltp.mm.syntax.Context" uuid="315f3bce-4d5b-4680-b399-24cd2e6d4104">
    <rootGraph type="sltp.mm.syntax.Graph" uuid="e5170ac6-c5b1-4749-b606-ae7773a51d4b">
      <children type="sltp.mm.syntax.Node" uuid="bd5300e4-6b0f-400b-bb4c-c9f3005ece45">
        <inEdges type="sltp.mm.syntax.Edge" uuid="5b8326f8-6ecd-4a74-9dbe-21a6ad635816"/>
        <priority>40</priority>
        <rates type="sltp.mm.syntax.RateData">
          <color>#000000</color>
          <hasBlocks>true</hasBlocks>
          <rate>0</rate>
          <title>Cont</title>
        </rates>
        <rates type="sltp.mm.syntax.RateData">
          <color>#e60000</color>
          <hasBlocks>true</hasBlocks>
          <rate>0.005</rate>
          <title>D1</title>
        </rates>
        <title>Cont</title>
        <type>base</type>
        <diagramElement type="diagram.editor.model.Entity" uuid="82482668-e444-4777-9e21-76ffcf9e77ba"/>
        <subgraph type="sltp.mm.syntax.Graph" uuid="39ea2f8e-7403-42a5-b068-76884ad43965">
          <title>Cont</title>
          <diagramElement type="diagram.editor.model.Diagram" uuid="d305a328-d66f-40d0-96ee-e865a6a5f5e6"/>
        </subgraph>
      </children>
      <children type="sltp.mm.syntax.Node" uuid="7bf3c9d1-d5dd-415c-90db-9079b92eb1d5">
        <orderIndex>1</orderIndex>
        <outEdges type="sltp.mm.syntax.Edge" uuid="5b8326f8-6ecd-4a74-9dbe-21a6ad635816"/>
        <priority>41</priority>
        <rates type="sltp.mm.syntax.RateData">
          <color>#00d100</color>
          <hasBlocks>true</hasBlocks>
          <rate>0.2</rate>
          <title>D2</title>
        </rates>
        <title>D2</title>
        <type>implicit-periodic</type>
        <diagramElement type="diagram.editor.model.Entity" uuid="e9d72b23-2352-4a54-90a1-7eeed121085c"/>
        <subgraph type="sltp.mm.syntax.Graph" uuid="d1a5f6b3-46bd-4505-9e7c-74e879533596">
          <title>D2</title>
          <diagramElement type="diagram.editor.model.Diagram" uuid="3c33b9d5-cdc5-469d-8d2f-96b6ddf1dc49"/>
        </subgraph>
      </children>
      <edges type="sltp.mm.syntax.Edge" uuid="5b8326f8-6ecd-4a74-9dbe-21a6ad635816">
        <dst type="sltp.mm.syntax.Node" uuid="bd5300e4-6b0f-400b-bb4c-c9f3005ece45"/>
        <src type="sltp.mm.syntax.Node" uuid="7bf3c9d1-d5dd-415c-90db-9079b92eb1d5"/>
        <type>Delay</type>
        <diagramElement type="diagram.editor.model.Connection" uuid="9040203b-1763-4de6-89bc-53445fb6cc56"/>
      </edges>
      <title>Default</title>
      <diagramElement type="diagram.editor.model.Diagram" uuid="aa358aa9-51bd-4953-9299-cc627924a8b2"/>
    </rootGraph>
  </sltp.mm.syntax.Context>
</sltp_editor>