<?xml version="1.0" encoding="UTF-8"?>
<sltp_graph version="1.1" packageUris="http://schema.mathworks.com/mf0/sltp_mm/R2021b_202106150630">
  <sltp.mm.core.Context type="sltp.mm.core.Context" uuid="a9e86cc8-f23b-454f-8435-3a91dda7a6eb">
    <priorityDirection>HighNumberLast</priorityDirection>
    <editorState type="sltp.mm.core.EditorState" uuid="f87f54c0-734b-402c-8227-d4824a339e80">
      <isSynchronized>true</isSynchronized>
      <panelState type="sltp.mm.core.EditorPanelState" uuid="5b6019a6-50a2-494e-818a-5ae8c9f2432e"/>
    </editorState>
    <rootTask type="sltp.mm.core.Task" uuid="d0fd3a0a-1ad0-45dc-bf64-1fddab3b86ed">
      <context type="sltp.mm.core.Context" uuid="a9e86cc8-f23b-454f-8435-3a91dda7a6eb"/>
      <explicit>false</explicit>
      <name>Default</name>
      <priority>-2147483648</priority>
      <subgraph type="sltp.mm.core.Graph" uuid="b3f65494-3398-42b5-b5e1-c16cb59d18c7">
        <connections type="sltp.mm.core.Connection" uuid="dc6f176d-3207-4a77-89a2-52bb87c07c9a">
          <dst type="sltp.mm.core.Task" uuid="dd56460a-4540-45c7-afa2-dd036f3984e1"/>
          <src type="sltp.mm.core.Task" uuid="c68b31a3-22c5-43f2-8a49-cbdabde98127"/>
        </connections>
        <tasks type="sltp.mm.core.Task" uuid="dd56460a-4540-45c7-afa2-dd036f3984e1">
          <baseTask>true</baseTask>
          <context type="sltp.mm.core.Context" uuid="a9e86cc8-f23b-454f-8435-3a91dda7a6eb"/>
          <explicit>false</explicit>
          <id>1</id>
          <inConnections type="sltp.mm.core.Connection" uuid="dc6f176d-3207-4a77-89a2-52bb87c07c9a"/>
          <isTimed>true</isTimed>
          <name>Cont</name>
          <priority>40</priority>
          <rates type="sltp.mm.core.Rate" uuid="fdc96030-cbab-43fe-913c-fb0e8427bf5a">
            <annotation>Cont</annotation>
            <color>255</color>
            <hasBlocks>true</hasBlocks>
            <identifier>Continuous00</identifier>
            <rateSpec type="sltp.mm.core.RateSpec">
              <period>0.0</period>
            </rateSpec>
            <sti>0</sti>
          </rates>
          <rates type="sltp.mm.core.Rate" uuid="10c99aeb-b695-4f46-9178-b18770d293c0">
            <annotation>D1</annotation>
            <color>-436207361</color>
            <hasBlocks>true</hasBlocks>
            <rateSpec type="sltp.mm.core.RateSpec">
              <period>.005</period>
            </rateSpec>
            <sti>1</sti>
          </rates>
        </tasks>
        <tasks type="sltp.mm.core.Task" uuid="c68b31a3-22c5-43f2-8a49-cbdabde98127">
          <context type="sltp.mm.core.Context" uuid="a9e86cc8-f23b-454f-8435-3a91dda7a6eb"/>
          <explicit>false</explicit>
          <id>2</id>
          <isTimed>true</isTimed>
          <name>D2</name>
          <outConnections type="sltp.mm.core.Connection" uuid="dc6f176d-3207-4a77-89a2-52bb87c07c9a"/>
          <priority>41</priority>
          <rates type="sltp.mm.core.Rate" uuid="6f390082-11e9-4119-ab9d-2efe1693ce3d">
            <annotation>D2</annotation>
            <color>13697279</color>
            <hasBlocks>true</hasBlocks>
            <identifier>ClassicPeriodicDiscrete0.20</identifier>
            <rateSpec type="sltp.mm.core.RateSpec">
              <period>.2</period>
            </rateSpec>
            <sti>2</sti>
          </rates>
        </tasks>
      </subgraph>
    </rootTask>
  </sltp.mm.core.Context>
</sltp_graph>