<?xml version="1.0" encoding="utf-8"?>
<ModelInformation Version="1.0">
  <Model>
    <P Name="ModelUUID">e685072d-a4a0-44c6-85ab-61671ce109f2</P>
    <Object PropName="HDLParams" ObjectID="1" ClassName="slprops.hdlmdlprops">
      <Array PropName="mdlProps" Type="Cell" Dimension="1*2">
        <Cell Class="char">HDLSubsystem</Cell>
        <Cell Class="char">$bdroot</Cell>
      </Array>
    </Object>
    <P Name="SLXCompressionType">Normal</P>
    <P Name="LastSavedArchitecture">win64</P>
    <P Name="HideAutomaticNames">off</P>
    <ConfigManagerSettings>
      <P Name="ModifiedByFormat">%&lt;Auto&gt;</P>
      <P Name="ModifiedDateFormat">%&lt;Auto&gt;</P>
      <P Name="RTWModifiedTimeStamp">579233191</P>
      <P Name="ModelVersionFormat">%&lt;AutoIncrement:3.44&gt;</P>
    </ConfigManagerSettings>
    <EditorSettings>
      <P Name="ShowEditTimeWarnings">off</P>
      <P Name="ShowTestPointIcons">off</P>
      <P Name="ShowSignalResolutionIcons">off</P>
      <P Name="ScheduleConnectors">off</P>
      <P Name="MultithreadedSim">on</P>
    </EditorSettings>
    <SimulationSettings>
      <P Name="SimulationMode">normal</P>
      <Object PropName="RTWFcnClass" ObjectID="2" ClassName="RTW.FcnDefault">
        <P Name="Name">Auto</P>
        <P Name="FunctionName">flightControlSystem_step</P>
        <P Name="InitFunctionName">flightControlSystem_initialize</P>
      </Object>
      <Object PropName="DataLoggingOverride" ObjectID="3" ClassName="Simulink.SimulationData.ModelLoggingInfo">
        <P Name="model_" Class="char">$bdroot</P>
        <Array PropName="logAsSpecifiedByModels_" Type="Cell" Dimension="1*1">
          <Cell Class="char">$bdroot</Cell>
        </Array>
        <Array PropName="logAsSpecifiedByModelsSSIDs_" Type="Cell" Dimension="1*1">
          <Cell Class="char"/>
        </Array>
      </Object>
      <Object PropName="InstrumentedSignals" ObjectID="4" ClassName="Simulink.HMI.InstrumentedSignals">
        <Array PropName="Persistence" Type="Struct" Dimension="1*1">
          <MATStruct>
            <Field Name="UUID" Class="char">68d0b03a-8741-43cf-b0c2-b7858d6b1712</Field>
            <Field Name="BlockPath_" Class="char">Flight Control System/Controller/Altitude Controller/Obs/Gain2</Field>
            <Field Name="SID_" Class="char">3063</Field>
            <Field Name="SubPath_" Class="char"/>
            <Field Name="OutputPortIndex_" Class="double">1.0</Field>
            <Field Name="LogicalPortIndex_" Class="double">0.0</Field>
            <Field Name="SignalName_" Class="char"/>
            <Field Name="SubSysPath_" Class="char"/>
            <Field Name="Decimation_" Class="double">1.0</Field>
            <Field Name="MaxPoints_" Class="double">1024.0</Field>
            <Field Name="TargetBufferedStreaming_" Class="double">0.0</Field>
            <Field Name="IsFrameBased_" Class="double">0.0</Field>
            <Field Name="HideInSDI_" Class="double">0.0</Field>
            <Field Name="DomainType_" Class="char"/>
            <Array PropName="DomainParams_" Type="Struct" Dimension="1*1">
              <MATStruct/>
            </Array>
            <Field Name="VisualType_" Class="char"/>
          </MATStruct>
        </Array>
      </Object>
    </SimulationSettings>
    <ExternalMode>
      <P Name="ExtModeTrigDuration">80</P>
    </ExternalMode>
    <EngineSettings>
      <P Name="ConfigurableSubsystemUsage">warning</P>
    </EngineSettings>
    <ConcurrentExecutionSettings>
      <Object PropName="DataTransfer" ObjectID="5" ClassName="Simulink.GlobalDataTransfer">
        <P Name="DefaultTransitionBetweenSyncTasks" Class="char">Ensure deterministic transfer (maximum delay)</P>
        <P Name="DefaultTransitionBetweenAsyncTasks" Class="char">Ensure data integrity only</P>
        <P Name="DefaultTransitionBetweenContTasks" Class="char">Ensure deterministic transfer (minimum delay)</P>
        <P Name="DefaultExtrapolationMethodBetweenContTasks" Class="char">None</P>
      </Object>
      <Array PropName="ModelMappings" Type="Simulink.CoderDictionary.ModelMappingBase" Dimension="1*2">
        <Object ObjectID="6" ClassName="Simulink.CoderDictionary.ModelMapping">
          <P Name="DummyName" Class="char"/>
          <Array PropName="Inports" Type="Simulink.CoderDictionary.InportsMapping" Dimension="1*3">
            <Object ObjectID="7">
              <Object PropName="MappedTo" ObjectID="8" ClassName="Simulink.DataReferenceClass">
                <P Name="MappedTo" Class="char">StorageClass</P>
                <Object PropName="StorageClass" ObjectID="9" ClassName="Simulink.MapDataRef">
                  <P Name="UUID" Class="char">49c69b75-1e5d-4583-8e2e-adfdb3383b6e</P>
                </Object>
                <P Name="CSCAttributes" Class="char"/>
                <P Name="MemorySection" Class="double">[]</P>
                <P Name="Identifier" Class="char">cmd_inport</P>
              </Object>
              <P Name="StereotypeProperties" Class="char"/>
              <Object Reference="true" PropName="ParentMapping" ObjectID="6"/>
            </Object>
            <Object ObjectID="10">
              <Object PropName="MappedTo" ObjectID="11" ClassName="Simulink.DataReferenceClass">
                <P Name="MappedTo" Class="char">StorageClass</P>
                <Object PropName="StorageClass" ObjectID="12" ClassName="Simulink.MapDataRef">
                  <P Name="UUID" Class="char">49c69b75-1e5d-4583-8e2e-adfdb3383b6e</P>
                </Object>
                <P Name="CSCAttributes" Class="char"/>
                <P Name="MemorySection" Class="double">[]</P>
                <P Name="Identifier" Class="char">sensor_inport</P>
              </Object>
              <P Name="StereotypeProperties" Class="char"/>
              <Object Reference="true" PropName="ParentMapping" ObjectID="6"/>
            </Object>
            <Object ObjectID="13">
              <Object PropName="MappedTo" ObjectID="14" ClassName="Simulink.DataReferenceClass">
                <P Name="MappedTo" Class="char">StorageClass</P>
                <Object PropName="StorageClass" ObjectID="15" ClassName="Simulink.MapDataRef">
                  <P Name="UUID" Class="char">3d00140e-9905-495b-b543-bd24ca564783</P>
                </Object>
                <P Name="CSCAttributes" Class="char"/>
                <P Name="MemorySection" Class="double">[]</P>
                <P Name="Identifier" Class="char">imRGB</P>
              </Object>
              <P Name="StereotypeProperties" Class="char"/>
              <Object Reference="true" PropName="ParentMapping" ObjectID="6"/>
            </Object>
          </Array>
          <Array PropName="Outports" Type="Simulink.CoderDictionary.OutportsMapping" Dimension="1*2">
            <Object ObjectID="16">
              <Object PropName="MappedTo" ObjectID="17" ClassName="Simulink.DataReferenceClass">
                <P Name="MappedTo" Class="char">StorageClass</P>
                <P Name="StorageClass" Class="double">[]</P>
                <P Name="CSCAttributes" Class="char"/>
                <P Name="MemorySection" Class="double">[]</P>
                <P Name="Identifier" Class="char"/>
              </Object>
              <P Name="StereotypeProperties" Class="char"/>
              <Object Reference="true" PropName="ParentMapping" ObjectID="6"/>
            </Object>
            <Object ObjectID="18">
              <Object PropName="MappedTo" ObjectID="19" ClassName="Simulink.DataReferenceClass">
                <P Name="MappedTo" Class="char">StorageClass</P>
                <P Name="StorageClass" Class="double">[]</P>
                <P Name="CSCAttributes" Class="char"/>
                <P Name="MemorySection" Class="double">[]</P>
                <P Name="Identifier" Class="char"/>
              </Object>
              <P Name="StereotypeProperties" Class="char"/>
              <Object Reference="true" PropName="ParentMapping" ObjectID="6"/>
            </Object>
          </Array>
          <P Name="FcnCallInports" Class="double">[]</P>
          <Array PropName="OneShotFunctionMappings" Type="Simulink.CoderDictionary.EntryPointMapping" Dimension="1*2">
            <Object ObjectID="20">
              <P Name="Prototype" Class="char"/>
              <P Name="SimulinkFunctionName" Class="char">Initialize</P>
              <Object Reference="true" PropName="ParentMapping" ObjectID="6"/>
              <Object PropName="FunctionReference" ObjectID="21" ClassName="Simulink.FunctionReferenceClass">
                <Object PropName="FunctionClass" ObjectID="22" ClassName="Simulink.MapDataRef">
                  <P Name="UUID" Class="char"/>
                </Object>
                <Object PropName="MemorySection" ObjectID="23" ClassName="Simulink.MapDataRef">
                  <P Name="UUID" Class="char"/>
                </Object>
              </Object>
            </Object>
            <Object ObjectID="24">
              <P Name="Prototype" Class="char"/>
              <P Name="SimulinkFunctionName" Class="char">Terminate</P>
              <Object Reference="true" PropName="ParentMapping" ObjectID="6"/>
              <Object PropName="FunctionReference" ObjectID="25" ClassName="Simulink.FunctionReferenceClass">
                <Object PropName="FunctionClass" ObjectID="26" ClassName="Simulink.MapDataRef">
                  <P Name="UUID" Class="char"/>
                </Object>
                <Object PropName="MemorySection" ObjectID="27" ClassName="Simulink.MapDataRef">
                  <P Name="UUID" Class="char"/>
                </Object>
              </Object>
            </Object>
          </Array>
          <P Name="OutputFunctionMappings" Class="double">[]</P>
          <P Name="UpdateFunctionMappings" Class="double">[]</P>
          <P Name="AperiodicFunctionMappings" Class="double">[]</P>
          <P Name="AsynchronousFunctionMappings" Class="double">[]</P>
          <P Name="ResetFunctions" Class="double">[]</P>
          <P Name="SimulinkFunctionCallerMappings" Class="double">[]</P>
          <P Name="ModelScopedParameters" Class="double">[]</P>
          <P Name="SubsystemFunctions" Class="double">[]</P>
          <P Name="Parameters" Class="double">[]</P>
          <Array PropName="Signals" Type="Simulink.CoderDictionary.SignalMapping" Dimension="1*2">
            <Object ObjectID="28">
              <P Name="OutputPort" Class="int32">0</P>
              <Object Reference="true" PropName="ParentMapping" ObjectID="6"/>
              <Object PropName="MappedTo" ObjectID="29" ClassName="Simulink.DataReferenceClass">
                <P Name="MappedTo" Class="char">StorageClass</P>
                <Object PropName="StorageClass" ObjectID="30" ClassName="Simulink.MapDataRef">
                  <P Name="UUID" Class="char">49c69b75-1e5d-4583-8e2e-adfdb3383b6e</P>
                </Object>
                <P Name="CSCAttributes" Class="char"/>
                <P Name="MemorySection" Class="double">[]</P>
                <P Name="Identifier" Class="char">motors_outport</P>
              </Object>
              <P Name="BlockSID" Class="char">85</P>
              <P Name="StereotypeProperties" Class="char"/>
            </Object>
            <Object ObjectID="31">
              <P Name="OutputPort" Class="int32">1</P>
              <Object Reference="true" PropName="ParentMapping" ObjectID="6"/>
              <Object PropName="MappedTo" ObjectID="32" ClassName="Simulink.DataReferenceClass">
                <P Name="MappedTo" Class="char">StorageClass</P>
                <Object PropName="StorageClass" ObjectID="33" ClassName="Simulink.MapDataRef">
                  <P Name="UUID" Class="char">49c69b75-1e5d-4583-8e2e-adfdb3383b6e</P>
                </Object>
                <P Name="CSCAttributes" Class="char"/>
                <P Name="MemorySection" Class="double">[]</P>
                <P Name="Identifier" Class="char">flag_outport</P>
              </Object>
              <P Name="BlockSID" Class="char">85</P>
              <P Name="StereotypeProperties" Class="char"/>
            </Object>
          </Array>
          <P Name="SynthesizedLocalDataStores" Class="double">[]</P>
          <P Name="DataStores" Class="double">[]</P>
          <Array PropName="States" Type="Simulink.CoderDictionary.StateMapping" Dimension="1*17">
            <Object ObjectID="34">
              <P Name="StateIdentifier" Class="int32">0</P>
              <P Name="Identifier" Class="int32">0</P>
              <Object Reference="true" PropName="ParentMapping" ObjectID="6"/>
              <Object PropName="MappedTo" ObjectID="35" ClassName="Simulink.DataReferenceClass">
                <P Name="MappedTo" Class="char">StorageClass</P>
                <P Name="StorageClass" Class="double">[]</P>
                <P Name="CSCAttributes" Class="char"/>
                <P Name="MemorySection" Class="double">[]</P>
                <P Name="Identifier" Class="char"/>
              </Object>
              <P Name="BlockSID" Class="char">2510</P>
              <P Name="StereotypeProperties" Class="char"/>
            </Object>
            <Object ObjectID="36">
              <P Name="StateIdentifier" Class="int32">0</P>
              <P Name="Identifier" Class="int32">0</P>
              <Object Reference="true" PropName="ParentMapping" ObjectID="6"/>
              <Object PropName="MappedTo" ObjectID="37" ClassName="Simulink.DataReferenceClass">
                <P Name="MappedTo" Class="char">StorageClass</P>
                <P Name="StorageClass" Class="double">[]</P>
                <P Name="CSCAttributes" Class="char"/>
                <P Name="MemorySection" Class="double">[]</P>
                <P Name="Identifier" Class="char"/>
              </Object>
              <P Name="BlockSID" Class="char">2517</P>
              <P Name="StereotypeProperties" Class="char"/>
            </Object>
            <Object ObjectID="38">
              <P Name="StateIdentifier" Class="int32">0</P>
              <P Name="Identifier" Class="int32">0</P>
              <Object Reference="true" PropName="ParentMapping" ObjectID="6"/>
              <Object PropName="MappedTo" ObjectID="39" ClassName="Simulink.DataReferenceClass">
                <P Name="MappedTo" Class="char">StorageClass</P>
                <P Name="StorageClass" Class="double">[]</P>
                <P Name="CSCAttributes" Class="char"/>
                <P Name="MemorySection" Class="double">[]</P>
                <P Name="Identifier" Class="char"/>
              </Object>
              <P Name="BlockSID" Class="char">2364</P>
              <P Name="StereotypeProperties" Class="char"/>
            </Object>
            <Object ObjectID="40">
              <P Name="StateIdentifier" Class="int32">0</P>
              <P Name="Identifier" Class="int32">0</P>
              <Object Reference="true" PropName="ParentMapping" ObjectID="6"/>
              <Object PropName="MappedTo" ObjectID="41" ClassName="Simulink.DataReferenceClass">
                <P Name="MappedTo" Class="char">StorageClass</P>
                <P Name="StorageClass" Class="double">[]</P>
                <P Name="CSCAttributes" Class="char"/>
                <P Name="MemorySection" Class="double">[]</P>
                <P Name="Identifier" Class="char"/>
              </Object>
              <P Name="BlockSID" Class="char">1627</P>
              <P Name="StereotypeProperties" Class="char"/>
            </Object>
            <Object ObjectID="42">
              <P Name="StateIdentifier" Class="int32">0</P>
              <P Name="Identifier" Class="int32">0</P>
              <Object Reference="true" PropName="ParentMapping" ObjectID="6"/>
              <Object PropName="MappedTo" ObjectID="43" ClassName="Simulink.DataReferenceClass">
                <P Name="MappedTo" Class="char">StorageClass</P>
                <P Name="StorageClass" Class="double">[]</P>
                <P Name="CSCAttributes" Class="char"/>
                <P Name="MemorySection" Class="double">[]</P>
                <P Name="Identifier" Class="char"/>
              </Object>
              <P Name="BlockSID" Class="char">1651</P>
              <P Name="StereotypeProperties" Class="char"/>
            </Object>
            <Object ObjectID="44">
              <P Name="StateIdentifier" Class="int32">0</P>
              <P Name="Identifier" Class="int32">0</P>
              <Object Reference="true" PropName="ParentMapping" ObjectID="6"/>
              <Object PropName="MappedTo" ObjectID="45" ClassName="Simulink.DataReferenceClass">
                <P Name="MappedTo" Class="char">StorageClass</P>
                <P Name="StorageClass" Class="double">[]</P>
                <P Name="CSCAttributes" Class="char"/>
                <P Name="MemorySection" Class="double">[]</P>
                <P Name="Identifier" Class="char"/>
              </Object>
              <P Name="BlockSID" Class="char">1652</P>
              <P Name="StereotypeProperties" Class="char"/>
            </Object>
            <Object ObjectID="46">
              <P Name="StateIdentifier" Class="int32">0</P>
              <P Name="Identifier" Class="int32">0</P>
              <Object Reference="true" PropName="ParentMapping" ObjectID="6"/>
              <Object PropName="MappedTo" ObjectID="47" ClassName="Simulink.DataReferenceClass">
                <P Name="MappedTo" Class="char">StorageClass</P>
                <P Name="StorageClass" Class="double">[]</P>
                <P Name="CSCAttributes" Class="char"/>
                <P Name="MemorySection" Class="double">[]</P>
                <P Name="Identifier" Class="char"/>
              </Object>
              <P Name="BlockSID" Class="char">2586</P>
              <P Name="StereotypeProperties" Class="char"/>
            </Object>
            <Object ObjectID="48">
              <P Name="StateIdentifier" Class="int32">0</P>
              <P Name="Identifier" Class="int32">0</P>
              <Object Reference="true" PropName="ParentMapping" ObjectID="6"/>
              <Object PropName="MappedTo" ObjectID="49" ClassName="Simulink.DataReferenceClass">
                <P Name="MappedTo" Class="char">StorageClass</P>
                <P Name="StorageClass" Class="double">[]</P>
                <P Name="CSCAttributes" Class="char"/>
                <P Name="MemorySection" Class="double">[]</P>
                <P Name="Identifier" Class="char"/>
              </Object>
              <P Name="BlockSID" Class="char">1262</P>
              <P Name="StereotypeProperties" Class="char"/>
            </Object>
            <Object ObjectID="50">
              <P Name="StateIdentifier" Class="int32">0</P>
              <P Name="Identifier" Class="int32">0</P>
              <Object Reference="true" PropName="ParentMapping" ObjectID="6"/>
              <Object PropName="MappedTo" ObjectID="51" ClassName="Simulink.DataReferenceClass">
                <P Name="MappedTo" Class="char">StorageClass</P>
                <P Name="StorageClass" Class="double">[]</P>
                <P Name="CSCAttributes" Class="char"/>
                <P Name="MemorySection" Class="double">[]</P>
                <P Name="Identifier" Class="char"/>
              </Object>
              <P Name="BlockSID" Class="char">2747</P>
              <P Name="StereotypeProperties" Class="char"/>
            </Object>
            <Object ObjectID="52">
              <P Name="StateIdentifier" Class="int32">0</P>
              <P Name="Identifier" Class="int32">0</P>
              <Object Reference="true" PropName="ParentMapping" ObjectID="6"/>
              <Object PropName="MappedTo" ObjectID="53" ClassName="Simulink.DataReferenceClass">
                <P Name="MappedTo" Class="char">StorageClass</P>
                <P Name="StorageClass" Class="double">[]</P>
                <P Name="CSCAttributes" Class="char"/>
                <P Name="MemorySection" Class="double">[]</P>
                <P Name="Identifier" Class="char"/>
              </Object>
              <P Name="BlockSID" Class="char">2749</P>
              <P Name="StereotypeProperties" Class="char"/>
            </Object>
            <Object ObjectID="54">
              <P Name="StateIdentifier" Class="int32">0</P>
              <P Name="Identifier" Class="int32">0</P>
              <Object Reference="true" PropName="ParentMapping" ObjectID="6"/>
              <Object PropName="MappedTo" ObjectID="55" ClassName="Simulink.DataReferenceClass">
                <P Name="MappedTo" Class="char">StorageClass</P>
                <P Name="StorageClass" Class="double">[]</P>
                <P Name="CSCAttributes" Class="char"/>
                <P Name="MemorySection" Class="double">[]</P>
                <P Name="Identifier" Class="char"/>
              </Object>
              <P Name="BlockSID" Class="char">2750</P>
              <P Name="StereotypeProperties" Class="char"/>
            </Object>
            <Object ObjectID="56">
              <P Name="StateIdentifier" Class="int32">0</P>
              <P Name="Identifier" Class="int32">0</P>
              <Object Reference="true" PropName="ParentMapping" ObjectID="6"/>
              <Object PropName="MappedTo" ObjectID="57" ClassName="Simulink.DataReferenceClass">
                <P Name="MappedTo" Class="char">StorageClass</P>
                <P Name="StorageClass" Class="double">[]</P>
                <P Name="CSCAttributes" Class="char"/>
                <P Name="MemorySection" Class="double">[]</P>
                <P Name="Identifier" Class="char"/>
              </Object>
              <P Name="BlockSID" Class="char">2751</P>
              <P Name="StereotypeProperties" Class="char"/>
            </Object>
            <Object ObjectID="58">
              <P Name="StateIdentifier" Class="int32">0</P>
              <P Name="Identifier" Class="int32">0</P>
              <Object Reference="true" PropName="ParentMapping" ObjectID="6"/>
              <Object PropName="MappedTo" ObjectID="59" ClassName="Simulink.DataReferenceClass">
                <P Name="MappedTo" Class="char">StorageClass</P>
                <P Name="StorageClass" Class="double">[]</P>
                <P Name="CSCAttributes" Class="char"/>
                <P Name="MemorySection" Class="double">[]</P>
                <P Name="Identifier" Class="char"/>
              </Object>
              <P Name="BlockSID" Class="char">2677</P>
              <P Name="StereotypeProperties" Class="char"/>
            </Object>
            <Object ObjectID="60">
              <P Name="StateIdentifier" Class="int32">0</P>
              <P Name="Identifier" Class="int32">0</P>
              <Object Reference="true" PropName="ParentMapping" ObjectID="6"/>
              <Object PropName="MappedTo" ObjectID="61" ClassName="Simulink.DataReferenceClass">
                <P Name="MappedTo" Class="char">StorageClass</P>
                <P Name="StorageClass" Class="double">[]</P>
                <P Name="CSCAttributes" Class="char"/>
                <P Name="MemorySection" Class="double">[]</P>
                <P Name="Identifier" Class="char"/>
              </Object>
              <P Name="BlockSID" Class="char">2701</P>
              <P Name="StereotypeProperties" Class="char"/>
            </Object>
            <Object ObjectID="62">
              <P Name="StateIdentifier" Class="int32">0</P>
              <P Name="Identifier" Class="int32">0</P>
              <Object Reference="true" PropName="ParentMapping" ObjectID="6"/>
              <Object PropName="MappedTo" ObjectID="63" ClassName="Simulink.DataReferenceClass">
                <P Name="MappedTo" Class="char">StorageClass</P>
                <P Name="StorageClass" Class="double">[]</P>
                <P Name="CSCAttributes" Class="char"/>
                <P Name="MemorySection" Class="double">[]</P>
                <P Name="Identifier" Class="char"/>
              </Object>
              <P Name="BlockSID" Class="char">2730</P>
              <P Name="StereotypeProperties" Class="char"/>
            </Object>
            <Object ObjectID="64">
              <P Name="StateIdentifier" Class="int32">0</P>
              <P Name="Identifier" Class="int32">0</P>
              <Object Reference="true" PropName="ParentMapping" ObjectID="6"/>
              <Object PropName="MappedTo" ObjectID="65" ClassName="Simulink.DataReferenceClass">
                <P Name="MappedTo" Class="char">StorageClass</P>
                <P Name="StorageClass" Class="double">[]</P>
                <P Name="CSCAttributes" Class="char"/>
                <P Name="MemorySection" Class="double">[]</P>
                <P Name="Identifier" Class="char"/>
              </Object>
              <P Name="BlockSID" Class="char">2902</P>
              <P Name="StereotypeProperties" Class="char"/>
            </Object>
            <Object ObjectID="66">
              <P Name="StateIdentifier" Class="int32">0</P>
              <P Name="Identifier" Class="int32">0</P>
              <Object Reference="true" PropName="ParentMapping" ObjectID="6"/>
              <Object PropName="MappedTo" ObjectID="67" ClassName="Simulink.DataReferenceClass">
                <P Name="MappedTo" Class="char">StorageClass</P>
                <P Name="StorageClass" Class="double">[]</P>
                <P Name="CSCAttributes" Class="char"/>
                <P Name="MemorySection" Class="double">[]</P>
                <P Name="Identifier" Class="char"/>
              </Object>
              <P Name="BlockSID" Class="char">2907</P>
              <P Name="StereotypeProperties" Class="char"/>
            </Object>
          </Array>
          <Object PropName="DefaultsMapping" ObjectID="68" ClassName="Simulink.CoderDictionary.DefaultsMapping">
            <Object Reference="true" PropName="ParentMapping" ObjectID="6"/>
            <Object PropName="Inports" ObjectID="69" ClassName="Simulink.DataReferenceClass">
              <P Name="MappedTo" Class="char">StorageClass</P>
              <P Name="StorageClass" Class="double">[]</P>
              <P Name="CSCAttributes" Class="char"/>
              <P Name="MemorySection" Class="double">[]</P>
              <P Name="Identifier" Class="char"/>
            </Object>
            <Object PropName="Outports" ObjectID="70" ClassName="Simulink.DataReferenceClass">
              <P Name="MappedTo" Class="char">StorageClass</P>
              <P Name="StorageClass" Class="double">[]</P>
              <P Name="CSCAttributes" Class="char"/>
              <P Name="MemorySection" Class="double">[]</P>
              <P Name="Identifier" Class="char"/>
            </Object>
            <Object PropName="GlobalParameters" ObjectID="71" ClassName="Simulink.DataReferenceClass">
              <P Name="MappedTo" Class="char">StorageClass</P>
              <P Name="StorageClass" Class="double">[]</P>
              <P Name="CSCAttributes" Class="char"/>
              <P Name="MemorySection" Class="double">[]</P>
              <P Name="Identifier" Class="char"/>
            </Object>
            <Object PropName="SharedParameters" ObjectID="72" ClassName="Simulink.DataReferenceClass">
              <P Name="MappedTo" Class="char">StorageClass</P>
              <P Name="StorageClass" Class="double">[]</P>
              <P Name="CSCAttributes" Class="char"/>
              <P Name="MemorySection" Class="double">[]</P>
              <P Name="Identifier" Class="char"/>
            </Object>
            <Object PropName="PerInstanceParameters" ObjectID="73" ClassName="Simulink.DataReferenceClass">
              <P Name="MappedTo" Class="char">StorageClass</P>
              <P Name="StorageClass" Class="double">[]</P>
              <P Name="CSCAttributes" Class="char"/>
              <P Name="MemorySection" Class="double">[]</P>
              <P Name="Identifier" Class="char"/>
            </Object>
            <Object PropName="SharedLocalDataStores" ObjectID="74" ClassName="Simulink.DataReferenceClass">
              <P Name="MappedTo" Class="char">StorageClass</P>
              <P Name="StorageClass" Class="double">[]</P>
              <P Name="CSCAttributes" Class="char"/>
              <P Name="MemorySection" Class="double">[]</P>
              <P Name="Identifier" Class="char"/>
            </Object>
            <Object PropName="GlobalDataStores" ObjectID="75" ClassName="Simulink.DataReferenceClass">
              <P Name="MappedTo" Class="char">StorageClass</P>
              <P Name="StorageClass" Class="double">[]</P>
              <P Name="CSCAttributes" Class="char"/>
              <P Name="MemorySection" Class="double">[]</P>
              <P Name="Identifier" Class="char"/>
            </Object>
            <Object PropName="InternalData" ObjectID="76" ClassName="Simulink.DataReferenceClass">
              <P Name="MappedTo" Class="char">StorageClass</P>
              <P Name="StorageClass" Class="double">[]</P>
              <P Name="CSCAttributes" Class="char"/>
              <P Name="MemorySection" Class="double">[]</P>
              <P Name="Identifier" Class="char"/>
            </Object>
            <Object PropName="Constants" ObjectID="77" ClassName="Simulink.DataReferenceClass">
              <P Name="MappedTo" Class="char">StorageClass</P>
              <P Name="StorageClass" Class="double">[]</P>
              <P Name="CSCAttributes" Class="char"/>
              <P Name="MemorySection" Class="double">[]</P>
              <P Name="Identifier" Class="char"/>
            </Object>
            <Object PropName="InitTermFunctions" ObjectID="78" ClassName="Simulink.FunctionReferenceClass">
              <P Name="FunctionClass" Class="double">[]</P>
              <P Name="MemorySection" Class="double">[]</P>
            </Object>
            <Object PropName="ExecutionFunctions" ObjectID="79" ClassName="Simulink.FunctionReferenceClass">
              <P Name="FunctionClass" Class="double">[]</P>
              <P Name="MemorySection" Class="double">[]</P>
            </Object>
            <Object PropName="SharedUtilityFunctions" ObjectID="80" ClassName="Simulink.FunctionReferenceClass">
              <P Name="FunctionClass" Class="double">[]</P>
              <P Name="MemorySection" Class="double">[]</P>
            </Object>
          </Object>
          <P Name="Name" Class="char">flightControlSystem_c</P>
          <P Name="Active" Class="logical">1</P>
        </Object>
        <Object ObjectID="81" ClassName="Simulink.CoderDictionary.ModelMappingSLC">
          <P Name="DummyName" Class="char"/>
          <Array PropName="Inports" Type="Simulink.CoderDictionary.InportsMapping" Dimension="1*3">
            <Object ObjectID="82">
              <Object PropName="MappedTo" ObjectID="83" ClassName="Simulink.DataReferenceClass">
                <P Name="MappedTo" Class="char">StorageClass</P>
                <Object PropName="StorageClass" ObjectID="84" ClassName="Simulink.MapDataRef">
                  <P Name="UUID" Class="char">49c69b75-1e5d-4583-8e2e-adfdb3383b6e</P>
                </Object>
                <P Name="CSCAttributes" Class="char"/>
                <P Name="MemorySection" Class="double">[]</P>
                <P Name="Identifier" Class="char">cmd_inport</P>
              </Object>
              <P Name="StereotypeProperties" Class="char"/>
              <Object Reference="true" PropName="ParentMapping" ObjectID="81"/>
            </Object>
            <Object ObjectID="85">
              <Object PropName="MappedTo" ObjectID="86" ClassName="Simulink.DataReferenceClass">
                <P Name="MappedTo" Class="char">StorageClass</P>
                <Object PropName="StorageClass" ObjectID="87" ClassName="Simulink.MapDataRef">
                  <P Name="UUID" Class="char">49c69b75-1e5d-4583-8e2e-adfdb3383b6e</P>
                </Object>
                <P Name="CSCAttributes" Class="char"/>
                <P Name="MemorySection" Class="double">[]</P>
                <P Name="Identifier" Class="char">sensor_inport</P>
              </Object>
              <P Name="StereotypeProperties" Class="char"/>
              <Object Reference="true" PropName="ParentMapping" ObjectID="81"/>
            </Object>
            <Object ObjectID="88">
              <Object PropName="MappedTo" ObjectID="89" ClassName="Simulink.DataReferenceClass">
                <P Name="MappedTo" Class="char">StorageClass</P>
                <Object PropName="StorageClass" ObjectID="90" ClassName="Simulink.MapDataRef">
                  <P Name="UUID" Class="char">3d00140e-9905-495b-b543-bd24ca564783</P>
                </Object>
                <P Name="CSCAttributes" Class="char"/>
                <P Name="MemorySection" Class="double">[]</P>
                <P Name="Identifier" Class="char">imRGB</P>
              </Object>
              <P Name="StereotypeProperties" Class="char"/>
              <Object Reference="true" PropName="ParentMapping" ObjectID="81"/>
            </Object>
          </Array>
          <Array PropName="Outports" Type="Simulink.CoderDictionary.OutportsMapping" Dimension="1*2">
            <Object ObjectID="91">
              <Object PropName="MappedTo" ObjectID="92" ClassName="Simulink.DataReferenceClass">
                <P Name="MappedTo" Class="char">StorageClass</P>
                <P Name="StorageClass" Class="double">[]</P>
                <P Name="CSCAttributes" Class="char"/>
                <P Name="MemorySection" Class="double">[]</P>
                <P Name="Identifier" Class="char"/>
              </Object>
              <P Name="StereotypeProperties" Class="char"/>
              <Object Reference="true" PropName="ParentMapping" ObjectID="81"/>
            </Object>
            <Object ObjectID="93">
              <Object PropName="MappedTo" ObjectID="94" ClassName="Simulink.DataReferenceClass">
                <P Name="MappedTo" Class="char">StorageClass</P>
                <P Name="StorageClass" Class="double">[]</P>
                <P Name="CSCAttributes" Class="char"/>
                <P Name="MemorySection" Class="double">[]</P>
                <P Name="Identifier" Class="char"/>
              </Object>
              <P Name="StereotypeProperties" Class="char"/>
              <Object Reference="true" PropName="ParentMapping" ObjectID="81"/>
            </Object>
          </Array>
          <P Name="ModelScopedParameters" Class="double">[]</P>
          <P Name="Parameters" Class="double">[]</P>
          <Array PropName="Signals" Type="Simulink.CoderDictionary.SignalMapping" Dimension="1*2">
            <Object ObjectID="95">
              <P Name="OutputPort" Class="int32">0</P>
              <Object Reference="true" PropName="ParentMapping" ObjectID="81"/>
              <Object PropName="MappedTo" ObjectID="96" ClassName="Simulink.DataReferenceClass">
                <P Name="MappedTo" Class="char">StorageClass</P>
                <Object PropName="StorageClass" ObjectID="97" ClassName="Simulink.MapDataRef">
                  <P Name="UUID" Class="char">49c69b75-1e5d-4583-8e2e-adfdb3383b6e</P>
                </Object>
                <P Name="CSCAttributes" Class="char"/>
                <P Name="MemorySection" Class="double">[]</P>
                <P Name="Identifier" Class="char">motors_outport</P>
              </Object>
              <P Name="BlockSID" Class="char">85</P>
              <P Name="StereotypeProperties" Class="char"/>
            </Object>
            <Object ObjectID="98">
              <P Name="OutputPort" Class="int32">1</P>
              <Object Reference="true" PropName="ParentMapping" ObjectID="81"/>
              <Object PropName="MappedTo" ObjectID="99" ClassName="Simulink.DataReferenceClass">
                <P Name="MappedTo" Class="char">StorageClass</P>
                <Object PropName="StorageClass" ObjectID="100" ClassName="Simulink.MapDataRef">
                  <P Name="UUID" Class="char">49c69b75-1e5d-4583-8e2e-adfdb3383b6e</P>
                </Object>
                <P Name="CSCAttributes" Class="char"/>
                <P Name="MemorySection" Class="double">[]</P>
                <P Name="Identifier" Class="char">flag_outport</P>
              </Object>
              <P Name="BlockSID" Class="char">85</P>
              <P Name="StereotypeProperties" Class="char"/>
            </Object>
          </Array>
          <P Name="DataStores" Class="double">[]</P>
          <Array PropName="States" Type="Simulink.CoderDictionary.StateMapping" Dimension="1*22">
            <Object ObjectID="101">
              <P Name="StateIdentifier" Class="int32">0</P>
              <P Name="Identifier" Class="int32">0</P>
              <Object Reference="true" PropName="ParentMapping" ObjectID="81"/>
              <Object PropName="MappedTo" ObjectID="102" ClassName="Simulink.DataReferenceClass">
                <P Name="MappedTo" Class="char">StorageClass</P>
                <P Name="StorageClass" Class="double">[]</P>
                <P Name="CSCAttributes" Class="char"/>
                <P Name="MemorySection" Class="double">[]</P>
                <P Name="Identifier" Class="char"/>
              </Object>
              <P Name="BlockSID" Class="char">2364</P>
              <P Name="StereotypeProperties" Class="char"/>
            </Object>
            <Object ObjectID="103">
              <P Name="StateIdentifier" Class="int32">0</P>
              <P Name="Identifier" Class="int32">0</P>
              <Object Reference="true" PropName="ParentMapping" ObjectID="81"/>
              <Object PropName="MappedTo" ObjectID="104" ClassName="Simulink.DataReferenceClass">
                <P Name="MappedTo" Class="char">StorageClass</P>
                <P Name="StorageClass" Class="double">[]</P>
                <P Name="CSCAttributes" Class="char"/>
                <P Name="MemorySection" Class="double">[]</P>
                <P Name="Identifier" Class="char"/>
              </Object>
              <P Name="BlockSID" Class="char">1262</P>
              <P Name="StereotypeProperties" Class="char"/>
            </Object>
            <Object ObjectID="105">
              <P Name="StateIdentifier" Class="int32">0</P>
              <P Name="Identifier" Class="int32">0</P>
              <Object Reference="true" PropName="ParentMapping" ObjectID="81"/>
              <Object PropName="MappedTo" ObjectID="106" ClassName="Simulink.DataReferenceClass">
                <P Name="MappedTo" Class="char">StorageClass</P>
                <P Name="StorageClass" Class="double">[]</P>
                <P Name="CSCAttributes" Class="char"/>
                <P Name="MemorySection" Class="double">[]</P>
                <P Name="Identifier" Class="char"/>
              </Object>
              <P Name="BlockSID" Class="char">1627</P>
              <P Name="StereotypeProperties" Class="char"/>
            </Object>
            <Object ObjectID="107">
              <P Name="StateIdentifier" Class="int32">0</P>
              <P Name="Identifier" Class="int32">0</P>
              <Object Reference="true" PropName="ParentMapping" ObjectID="81"/>
              <Object PropName="MappedTo" ObjectID="108" ClassName="Simulink.DataReferenceClass">
                <P Name="MappedTo" Class="char">StorageClass</P>
                <P Name="StorageClass" Class="double">[]</P>
                <P Name="CSCAttributes" Class="char"/>
                <P Name="MemorySection" Class="double">[]</P>
                <P Name="Identifier" Class="char"/>
              </Object>
              <P Name="BlockSID" Class="char">1651</P>
              <P Name="StereotypeProperties" Class="char"/>
            </Object>
            <Object ObjectID="109">
              <P Name="StateIdentifier" Class="int32">0</P>
              <P Name="Identifier" Class="int32">0</P>
              <Object Reference="true" PropName="ParentMapping" ObjectID="81"/>
              <Object PropName="MappedTo" ObjectID="110" ClassName="Simulink.DataReferenceClass">
                <P Name="MappedTo" Class="char">StorageClass</P>
                <P Name="StorageClass" Class="double">[]</P>
                <P Name="CSCAttributes" Class="char"/>
                <P Name="MemorySection" Class="double">[]</P>
                <P Name="Identifier" Class="char"/>
              </Object>
              <P Name="BlockSID" Class="char">1652</P>
              <P Name="StereotypeProperties" Class="char"/>
            </Object>
            <Object ObjectID="111">
              <P Name="StateIdentifier" Class="int32">0</P>
              <P Name="Identifier" Class="int32">0</P>
              <Object Reference="true" PropName="ParentMapping" ObjectID="81"/>
              <Object PropName="MappedTo" ObjectID="112" ClassName="Simulink.DataReferenceClass">
                <P Name="MappedTo" Class="char">StorageClass</P>
                <P Name="StorageClass" Class="double">[]</P>
                <P Name="CSCAttributes" Class="char"/>
                <P Name="MemorySection" Class="double">[]</P>
                <P Name="Identifier" Class="char"/>
              </Object>
              <P Name="BlockSID" Class="char">2510</P>
              <P Name="StereotypeProperties" Class="char"/>
            </Object>
            <Object ObjectID="113">
              <P Name="StateIdentifier" Class="int32">0</P>
              <P Name="Identifier" Class="int32">0</P>
              <Object Reference="true" PropName="ParentMapping" ObjectID="81"/>
              <Object PropName="MappedTo" ObjectID="114" ClassName="Simulink.DataReferenceClass">
                <P Name="MappedTo" Class="char">StorageClass</P>
                <P Name="StorageClass" Class="double">[]</P>
                <P Name="CSCAttributes" Class="char"/>
                <P Name="MemorySection" Class="double">[]</P>
                <P Name="Identifier" Class="char"/>
              </Object>
              <P Name="BlockSID" Class="char">2517</P>
              <P Name="StereotypeProperties" Class="char"/>
            </Object>
            <Object ObjectID="115">
              <P Name="StateIdentifier" Class="int32">0</P>
              <P Name="Identifier" Class="int32">0</P>
              <Object Reference="true" PropName="ParentMapping" ObjectID="81"/>
              <Object PropName="MappedTo" ObjectID="116" ClassName="Simulink.DataReferenceClass">
                <P Name="MappedTo" Class="char">StorageClass</P>
                <P Name="StorageClass" Class="double">[]</P>
                <P Name="CSCAttributes" Class="char"/>
                <P Name="MemorySection" Class="double">[]</P>
                <P Name="Identifier" Class="char"/>
              </Object>
              <P Name="BlockSID" Class="char">2586</P>
              <P Name="StereotypeProperties" Class="char"/>
            </Object>
            <Object ObjectID="117">
              <P Name="StateIdentifier" Class="int32">0</P>
              <P Name="Identifier" Class="int32">0</P>
              <Object Reference="true" PropName="ParentMapping" ObjectID="81"/>
              <Object PropName="MappedTo" ObjectID="118" ClassName="Simulink.DataReferenceClass">
                <P Name="MappedTo" Class="char">StorageClass</P>
                <P Name="StorageClass" Class="double">[]</P>
                <P Name="CSCAttributes" Class="char"/>
                <P Name="MemorySection" Class="double">[]</P>
                <P Name="Identifier" Class="char"/>
              </Object>
              <P Name="BlockSID" Class="char">2677</P>
              <P Name="StereotypeProperties" Class="char"/>
            </Object>
            <Object ObjectID="119">
              <P Name="StateIdentifier" Class="int32">0</P>
              <P Name="Identifier" Class="int32">0</P>
              <Object Reference="true" PropName="ParentMapping" ObjectID="81"/>
              <Object PropName="MappedTo" ObjectID="120" ClassName="Simulink.DataReferenceClass">
                <P Name="MappedTo" Class="char">StorageClass</P>
                <P Name="StorageClass" Class="double">[]</P>
                <P Name="CSCAttributes" Class="char"/>
                <P Name="MemorySection" Class="double">[]</P>
                <P Name="Identifier" Class="char"/>
              </Object>
              <P Name="BlockSID" Class="char">2701</P>
              <P Name="StereotypeProperties" Class="char"/>
            </Object>
            <Object ObjectID="121">
              <P Name="StateIdentifier" Class="int32">0</P>
              <P Name="Identifier" Class="int32">0</P>
              <Object Reference="true" PropName="ParentMapping" ObjectID="81"/>
              <Object PropName="MappedTo" ObjectID="122" ClassName="Simulink.DataReferenceClass">
                <P Name="MappedTo" Class="char">StorageClass</P>
                <P Name="StorageClass" Class="double">[]</P>
                <P Name="CSCAttributes" Class="char"/>
                <P Name="MemorySection" Class="double">[]</P>
                <P Name="Identifier" Class="char"/>
              </Object>
              <P Name="BlockSID" Class="char">2730</P>
              <P Name="StereotypeProperties" Class="char"/>
            </Object>
            <Object ObjectID="123">
              <P Name="StateIdentifier" Class="int32">0</P>
              <P Name="Identifier" Class="int32">0</P>
              <Object Reference="true" PropName="ParentMapping" ObjectID="81"/>
              <Object PropName="MappedTo" ObjectID="124" ClassName="Simulink.DataReferenceClass">
                <P Name="MappedTo" Class="char">StorageClass</P>
                <P Name="StorageClass" Class="double">[]</P>
                <P Name="CSCAttributes" Class="char"/>
                <P Name="MemorySection" Class="double">[]</P>
                <P Name="Identifier" Class="char"/>
              </Object>
              <P Name="BlockSID" Class="char">2747</P>
              <P Name="StereotypeProperties" Class="char"/>
            </Object>
            <Object ObjectID="125">
              <P Name="StateIdentifier" Class="int32">0</P>
              <P Name="Identifier" Class="int32">0</P>
              <Object Reference="true" PropName="ParentMapping" ObjectID="81"/>
              <Object PropName="MappedTo" ObjectID="126" ClassName="Simulink.DataReferenceClass">
                <P Name="MappedTo" Class="char">StorageClass</P>
                <P Name="StorageClass" Class="double">[]</P>
                <P Name="CSCAttributes" Class="char"/>
                <P Name="MemorySection" Class="double">[]</P>
                <P Name="Identifier" Class="char"/>
              </Object>
              <P Name="BlockSID" Class="char">2749</P>
              <P Name="StereotypeProperties" Class="char"/>
            </Object>
            <Object ObjectID="127">
              <P Name="StateIdentifier" Class="int32">0</P>
              <P Name="Identifier" Class="int32">0</P>
              <Object Reference="true" PropName="ParentMapping" ObjectID="81"/>
              <Object PropName="MappedTo" ObjectID="128" ClassName="Simulink.DataReferenceClass">
                <P Name="MappedTo" Class="char">StorageClass</P>
                <P Name="StorageClass" Class="double">[]</P>
                <P Name="CSCAttributes" Class="char"/>
                <P Name="MemorySection" Class="double">[]</P>
                <P Name="Identifier" Class="char"/>
              </Object>
              <P Name="BlockSID" Class="char">2750</P>
              <P Name="StereotypeProperties" Class="char"/>
            </Object>
            <Object ObjectID="129">
              <P Name="StateIdentifier" Class="int32">0</P>
              <P Name="Identifier" Class="int32">0</P>
              <Object Reference="true" PropName="ParentMapping" ObjectID="81"/>
              <Object PropName="MappedTo" ObjectID="130" ClassName="Simulink.DataReferenceClass">
                <P Name="MappedTo" Class="char">StorageClass</P>
                <P Name="StorageClass" Class="double">[]</P>
                <P Name="CSCAttributes" Class="char"/>
                <P Name="MemorySection" Class="double">[]</P>
                <P Name="Identifier" Class="char"/>
              </Object>
              <P Name="BlockSID" Class="char">2751</P>
              <P Name="StereotypeProperties" Class="char"/>
            </Object>
            <Object ObjectID="131">
              <P Name="StateIdentifier" Class="int32">0</P>
              <P Name="Identifier" Class="int32">0</P>
              <Object Reference="true" PropName="ParentMapping" ObjectID="81"/>
              <Object PropName="MappedTo" ObjectID="132" ClassName="Simulink.DataReferenceClass">
                <P Name="MappedTo" Class="char">StorageClass</P>
                <P Name="StorageClass" Class="double">[]</P>
                <P Name="CSCAttributes" Class="char"/>
                <P Name="MemorySection" Class="double">[]</P>
                <P Name="Identifier" Class="char"/>
              </Object>
              <P Name="BlockSID" Class="char">2501:843</P>
              <P Name="StereotypeProperties" Class="char"/>
            </Object>
            <Object ObjectID="133">
              <P Name="StateIdentifier" Class="int32">0</P>
              <P Name="Identifier" Class="int32">0</P>
              <Object Reference="true" PropName="ParentMapping" ObjectID="81"/>
              <Object PropName="MappedTo" ObjectID="134" ClassName="Simulink.DataReferenceClass">
                <P Name="MappedTo" Class="char">StorageClass</P>
                <P Name="StorageClass" Class="double">[]</P>
                <P Name="CSCAttributes" Class="char"/>
                <P Name="MemorySection" Class="double">[]</P>
                <P Name="Identifier" Class="char"/>
              </Object>
              <P Name="BlockSID" Class="char">2471:843</P>
              <P Name="StereotypeProperties" Class="char"/>
            </Object>
            <Object ObjectID="135">
              <P Name="StateIdentifier" Class="int32">0</P>
              <P Name="Identifier" Class="int32">0</P>
              <Object Reference="true" PropName="ParentMapping" ObjectID="81"/>
              <Object PropName="MappedTo" ObjectID="136" ClassName="Simulink.DataReferenceClass">
                <P Name="MappedTo" Class="char">StorageClass</P>
                <P Name="StorageClass" Class="double">[]</P>
                <P Name="CSCAttributes" Class="char"/>
                <P Name="MemorySection" Class="double">[]</P>
                <P Name="Identifier" Class="char"/>
              </Object>
              <P Name="BlockSID" Class="char">2471:737</P>
              <P Name="StereotypeProperties" Class="char"/>
            </Object>
            <Object ObjectID="137">
              <P Name="StateIdentifier" Class="int32">0</P>
              <P Name="Identifier" Class="int32">0</P>
              <Object Reference="true" PropName="ParentMapping" ObjectID="81"/>
              <Object PropName="MappedTo" ObjectID="138" ClassName="Simulink.DataReferenceClass">
                <P Name="MappedTo" Class="char">StorageClass</P>
                <P Name="StorageClass" Class="double">[]</P>
                <P Name="CSCAttributes" Class="char"/>
                <P Name="MemorySection" Class="double">[]</P>
                <P Name="Identifier" Class="char"/>
              </Object>
              <P Name="BlockSID" Class="char">2471:723</P>
              <P Name="StereotypeProperties" Class="char"/>
            </Object>
            <Object ObjectID="139">
              <P Name="StateIdentifier" Class="int32">0</P>
              <P Name="Identifier" Class="int32">0</P>
              <Object Reference="true" PropName="ParentMapping" ObjectID="81"/>
              <Object PropName="MappedTo" ObjectID="140" ClassName="Simulink.DataReferenceClass">
                <P Name="MappedTo" Class="char">StorageClass</P>
                <P Name="StorageClass" Class="double">[]</P>
                <P Name="CSCAttributes" Class="char"/>
                <P Name="MemorySection" Class="double">[]</P>
                <P Name="Identifier" Class="char"/>
              </Object>
              <P Name="BlockSID" Class="char">2471:748</P>
              <P Name="StereotypeProperties" Class="char"/>
            </Object>
            <Object ObjectID="141">
              <P Name="StateIdentifier" Class="int32">0</P>
              <P Name="Identifier" Class="int32">0</P>
              <Object Reference="true" PropName="ParentMapping" ObjectID="81"/>
              <Object PropName="MappedTo" ObjectID="142" ClassName="Simulink.DataReferenceClass">
                <P Name="MappedTo" Class="char">StorageClass</P>
                <P Name="StorageClass" Class="double">[]</P>
                <P Name="CSCAttributes" Class="char"/>
                <P Name="MemorySection" Class="double">[]</P>
                <P Name="Identifier" Class="char"/>
              </Object>
              <P Name="BlockSID" Class="char">2902</P>
              <P Name="StereotypeProperties" Class="char"/>
            </Object>
            <Object ObjectID="143">
              <P Name="StateIdentifier" Class="int32">0</P>
              <P Name="Identifier" Class="int32">0</P>
              <Object Reference="true" PropName="ParentMapping" ObjectID="81"/>
              <Object PropName="MappedTo" ObjectID="144" ClassName="Simulink.DataReferenceClass">
                <P Name="MappedTo" Class="char">StorageClass</P>
                <P Name="StorageClass" Class="double">[]</P>
                <P Name="CSCAttributes" Class="char"/>
                <P Name="MemorySection" Class="double">[]</P>
                <P Name="Identifier" Class="char"/>
              </Object>
              <P Name="BlockSID" Class="char">2907</P>
              <P Name="StereotypeProperties" Class="char"/>
            </Object>
          </Array>
          <Object PropName="DefaultsMapping" ObjectID="145" ClassName="Simulink.CoderDictionary.DefaultsMapping">
            <Object Reference="true" PropName="ParentMapping" ObjectID="81"/>
            <Object PropName="Inports" ObjectID="146" ClassName="Simulink.DataReferenceClass">
              <P Name="MappedTo" Class="char">StorageClass</P>
              <P Name="StorageClass" Class="double">[]</P>
              <P Name="CSCAttributes" Class="char"/>
              <P Name="MemorySection" Class="double">[]</P>
              <P Name="Identifier" Class="char"/>
            </Object>
            <Object PropName="Outports" ObjectID="147" ClassName="Simulink.DataReferenceClass">
              <P Name="MappedTo" Class="char">StorageClass</P>
              <P Name="StorageClass" Class="double">[]</P>
              <P Name="CSCAttributes" Class="char"/>
              <P Name="MemorySection" Class="double">[]</P>
              <P Name="Identifier" Class="char"/>
            </Object>
            <Object PropName="GlobalParameters" ObjectID="148" ClassName="Simulink.DataReferenceClass">
              <P Name="MappedTo" Class="char">StorageClass</P>
              <P Name="StorageClass" Class="double">[]</P>
              <P Name="CSCAttributes" Class="char"/>
              <P Name="MemorySection" Class="double">[]</P>
              <P Name="Identifier" Class="char"/>
            </Object>
            <Object PropName="SharedParameters" ObjectID="149" ClassName="Simulink.DataReferenceClass">
              <P Name="MappedTo" Class="char">StorageClass</P>
              <P Name="StorageClass" Class="double">[]</P>
              <P Name="CSCAttributes" Class="char"/>
              <P Name="MemorySection" Class="double">[]</P>
              <P Name="Identifier" Class="char"/>
            </Object>
            <Object PropName="PerInstanceParameters" ObjectID="150" ClassName="Simulink.DataReferenceClass">
              <P Name="MappedTo" Class="char">StorageClass</P>
              <P Name="StorageClass" Class="double">[]</P>
              <P Name="CSCAttributes" Class="char"/>
              <P Name="MemorySection" Class="double">[]</P>
              <P Name="Identifier" Class="char"/>
            </Object>
            <Object PropName="SharedLocalDataStores" ObjectID="151" ClassName="Simulink.DataReferenceClass">
              <P Name="MappedTo" Class="char">StorageClass</P>
              <P Name="StorageClass" Class="double">[]</P>
              <P Name="CSCAttributes" Class="char"/>
              <P Name="MemorySection" Class="double">[]</P>
              <P Name="Identifier" Class="char"/>
            </Object>
            <Object PropName="GlobalDataStores" ObjectID="152" ClassName="Simulink.DataReferenceClass">
              <P Name="MappedTo" Class="char">StorageClass</P>
              <P Name="StorageClass" Class="double">[]</P>
              <P Name="CSCAttributes" Class="char"/>
              <P Name="MemorySection" Class="double">[]</P>
              <P Name="Identifier" Class="char"/>
            </Object>
            <Object PropName="InternalData" ObjectID="153" ClassName="Simulink.DataReferenceClass">
              <P Name="MappedTo" Class="char">StorageClass</P>
              <P Name="StorageClass" Class="double">[]</P>
              <P Name="CSCAttributes" Class="char"/>
              <P Name="MemorySection" Class="double">[]</P>
              <P Name="Identifier" Class="char"/>
            </Object>
            <Object PropName="Constants" ObjectID="154" ClassName="Simulink.DataReferenceClass">
              <P Name="MappedTo" Class="char">StorageClass</P>
              <P Name="StorageClass" Class="double">[]</P>
              <P Name="CSCAttributes" Class="char"/>
              <P Name="MemorySection" Class="double">[]</P>
              <P Name="Identifier" Class="char"/>
            </Object>
            <Object PropName="InitTermFunctions" ObjectID="155" ClassName="Simulink.FunctionReferenceClass">
              <P Name="FunctionClass" Class="double">[]</P>
              <P Name="MemorySection" Class="double">[]</P>
            </Object>
            <Object PropName="ExecutionFunctions" ObjectID="156" ClassName="Simulink.FunctionReferenceClass">
              <P Name="FunctionClass" Class="double">[]</P>
              <P Name="MemorySection" Class="double">[]</P>
            </Object>
            <Object PropName="SharedUtilityFunctions" ObjectID="157" ClassName="Simulink.FunctionReferenceClass">
              <P Name="FunctionClass" Class="double">[]</P>
              <P Name="MemorySection" Class="double">[]</P>
            </Object>
          </Object>
          <P Name="Name" Class="char">flightControlSystem_SLC</P>
          <P Name="Active" Class="logical">1</P>
        </Object>
      </Array>
    </ConcurrentExecutionSettings>
    <System Ref="system_root"/>
  </Model>
</ModelInformation>
