<?xml version="1.0" encoding="UTF-8"?>
<MF0 version="1.1" defaultPackage="coderdictionary.data" packageUris="http://schema.mathworks.com/mf0/coderdictionary_data/R2021b http://schema.mathworks.com/mf0/coderdictionary_data/R2021b/coderdictionary.data">
  <Container type="Container" uuid="be934b0a-af3e-4ead-b140-49b0433f595d">
    <ReferencedContainers type="ReferenceContainerInfo" uuid="d381efee-1a2b-4677-8c0e-0b1b263d9f7c">
      <Name>SimulinkBuiltin</Name>
    </ReferencedContainers>
    <ReferencedContainers type="ReferenceContainerInfo" uuid="acd5b9ae-cdcd-4831-b553-6d2558a11cad">
      <Name>Simulink</Name>
    </ReferencedContainers>
    <CDefinitions type="C_Definitions" uuid="b06802d3-5aeb-4594-b4cb-7e56600efb15">
      <SoftwareComponentTemplates type="SoftwareComponentTemplate" uuid="dd4c4894-90ec-4418-b966-fda2d93f250d">
        <Name>CODER_DICTIONARY</Name>
        <Constants type="DataConfiguration" uuid="2e022164-1693-4401-83c5-3853f894e11d">
          <category>Constants</category>
        </Constants>
        <DataTransfers type="DataConfiguration" uuid="12769a49-07a2-4e37-9082-5b6d9962d3c9">
          <category>DataTransfers</category>
        </DataTransfers>
        <Execution type="FunctionConfiguration" uuid="163c3b42-4267-454c-8d13-c631013c394f"/>
        <GlobalDataStores type="DataConfiguration" uuid="1327a1c5-15b3-42f5-ab43-6f6ead0284da">
          <category>GlobalDataStores</category>
        </GlobalDataStores>
        <GlobalParameters type="DataConfiguration" uuid="e46624f2-44b9-4fcc-82f3-061ebfe8ab02">
          <category>GlobalParameters</category>
        </GlobalParameters>
        <InitializeTerminate type="FunctionConfiguration" uuid="b6b00c61-899a-42d3-9572-59073bc9bb1c"/>
        <Inports type="DataConfiguration" uuid="91496980-cca6-4ce5-a19b-32c515531cac">
          <category>Inports</category>
        </Inports>
        <InternalData type="DataConfiguration" uuid="cc87bd13-cc10-4384-943b-b21ee0142cb8">
          <category>InternalData</category>
        </InternalData>
        <LocalParameters type="DataConfiguration" uuid="3f385076-ec5e-4acf-b0db-955b78f82c07">
          <category>LocalParameters</category>
        </LocalParameters>
        <ModelData type="DataConfiguration" uuid="bb70ce73-9e25-48d1-a72e-709dc6d633f3">
          <category>ModelData</category>
        </ModelData>
        <Outports type="DataConfiguration" uuid="52757274-f9e4-4fe7-91f6-ab7a33f6e5d1">
          <category>Outports</category>
        </Outports>
        <ParameterArguments type="DataConfiguration" uuid="55a6c170-729e-44ef-8d04-a1d88bbbcc98">
          <category>ParameterArguments</category>
        </ParameterArguments>
        <SharedLocalDataStores type="DataConfiguration" uuid="779e9763-08e1-49bb-9437-db8c58dd613b">
          <category>SharedLocalDataStores</category>
        </SharedLocalDataStores>
        <SharedUtility type="FunctionConfiguration" uuid="d33d030e-6886-4c20-be93-e3ebdb01828a"/>
      </SoftwareComponentTemplates>
    </CDefinitions>
  </Container>
</MF0>