<?xml version="1.0" encoding="utf-8"?>
<GraphicalInterface>
  <P Name="NumRootInports">3</P>
  <Inport Name="AC cmd">
    <P Name="BusObject">CommandBus</P>
    <P Name="SignalName">cmd</P>
    <P Name="OutputFunctionCall">off</P>
    <P Name="SampleTime">-1</P>
    <P Name="UnitExpr">inherit</P>
    <P Name="DataTypeExpr">CommandBus</P>
    <P Name="ComplexityExpr">0</P>
  </Inport>
  <Inport Name="Sensors">
    <P Name="BusObject">SensorsBus</P>
    <P Name="SignalName">sensors</P>
    <P Name="OutputFunctionCall">off</P>
    <P Name="SampleTime">-1</P>
    <P Name="UnitExpr">inherit</P>
    <P Name="DataTypeExpr">SensorsBus</P>
    <P Name="ComplexityExpr">0</P>
  </Inport>
  <Inport Name="Image Data">
    <P Name="BusObject"/>
    <P Name="SignalName">Y1UY2V</P>
    <P Name="OutputFunctionCall">off</P>
    <P Name="SampleTime">-1</P>
    <P Name="UnitExpr">inherit</P>
    <P Name="DataTypeExpr">uint8</P>
    <P Name="DimensionsExpr">[4,9600]</P>
  </Inport>
  <P Name="NumRootOutports">2</P>
  <Outport Name="Actuators">
    <P Name="BusObject"/>
    <P Name="BusOutputAsStruct">off</P>
    <P Name="SignalName">motors</P>
    <P Name="UnitExpr">inherit</P>
    <P Name="DataTypeExpr">single</P>
    <P Name="DimensionsExpr">[4]</P>
  </Outport>
  <Outport Name="Flag">
    <P Name="BusObject"/>
    <P Name="BusOutputAsStruct">off</P>
    <P Name="SignalName">flag</P>
    <P Name="UnitExpr">inherit</P>
    <P Name="DataTypeExpr">uint8</P>
    <P Name="DimensionsExpr">[1]</P>
  </Outport>
  <P Name="ParameterArgumentNames"/>
  <P Name="NumModelReferences">0</P>
  <P Name="NumTestPointedSignals">1</P>
  <TestPointedSignal>
    <P Name="SignalName"/>
    <P Name="FullBlockPath">$bdroot/Flight Control System/Controller/Altitude Controller/Obs/Gain2</P>
    <P Name="LogSignal">1</P>
    <P Name="MaxPoints">5000</P>
    <P Name="Decimation">2</P>
  </TestPointedSignal>
  <P Name="NumProvidedFunctions">0</P>
  <P Name="NumRequiredFunctions">0</P>
  <P Name="NumResetEvents">0</P>
  <P Name="HasInitializeEvent">0</P>
  <P Name="HasTerminateEvent">0</P>
  <P Name="PreCompExecutionDomainType">Unset</P>
  <P Name="IsExportFunctionModel">0</P>
  <P Name="SimulinkSubDomainType">Simulink</P>
  <P Name="NumParameterArguments">0</P>
  <P Name="NumExternalFileReferences">52</P>
  <ExternalFileReference>
    <P Name="Reference">rllib/RL Agent</P>
    <P Name="Path">$bdroot/Flight Control System/Controller/Altitude Controller/RL Agent</P>
    <P Name="SID">2808</P>
    <P Name="Type">LIBRARY_BLOCK</P>
  </ExternalFileReference>
  <ExternalFileReference>
    <P Name="Reference">simulink/Logic and Bit
Operations/Compare
To Constant</P>
    <P Name="Path">$bdroot/Flight Control System/Controller/Altitude Controller/isdone/Compare To Constant1</P>
    <P Name="SID">3035</P>
    <P Name="Type">LIBRARY_BLOCK</P>
  </ExternalFileReference>
  <ExternalFileReference>
    <P Name="Reference">fuzblock/Fuzzy Logic 
Controller</P>
    <P Name="Path">$bdroot/Flight Control System/Controller/Altitude Controller/reward/Fuzzy Logic  Controller</P>
    <P Name="SID">3165</P>
    <P Name="Type">LIBRARY_BLOCK</P>
  </ExternalFileReference>
  <ExternalFileReference>
    <P Name="Reference">slpidlib/PID Controller</P>
    <P Name="Path">$bdroot/Flight Control System/Controller/Attitude Controller/Angle control loop</P>
    <P Name="SID">2470</P>
    <P Name="Type">LIBRARY_BLOCK</P>
  </ExternalFileReference>
  <ExternalFileReference>
    <P Name="Reference">slpidlib/PID Controller</P>
    <P Name="Path">$bdroot/Flight Control System/Controller/Attitude Controller/Angular velocity control loop</P>
    <P Name="SID">2471</P>
    <P Name="Type">LIBRARY_BLOCK</P>
  </ExternalFileReference>
  <ExternalFileReference>
    <P Name="Reference">slpidlib/PID Controller</P>
    <P Name="Path">$bdroot/Flight Control System/Controller/Position Controller/Position controller</P>
    <P Name="SID">2497</P>
    <P Name="Type">LIBRARY_BLOCK</P>
  </ExternalFileReference>
  <ExternalFileReference>
    <P Name="Reference">slpidlib/PID Controller</P>
    <P Name="Path">$bdroot/Flight Control System/Controller/Position Controller/Velocity controller</P>
    <P Name="SID">2501</P>
    <P Name="Type">LIBRARY_BLOCK</P>
  </ExternalFileReference>
  <ExternalFileReference>
    <P Name="Reference">simulink/Logic and Bit
Operations/Compare
To Constant</P>
    <P Name="Path">$bdroot/Flight Control System/Crash Prediction Flags/Compare To Constant</P>
    <P Name="SID">2311</P>
    <P Name="Type">LIBRARY_BLOCK</P>
  </ExternalFileReference>
  <ExternalFileReference>
    <P Name="Reference">simulink/Logic and Bit
Operations/Compare
To Constant</P>
    <P Name="Path">$bdroot/Flight Control System/Crash Prediction Flags/Compare To Constant1</P>
    <P Name="SID">2312</P>
    <P Name="Type">LIBRARY_BLOCK</P>
  </ExternalFileReference>
  <ExternalFileReference>
    <P Name="Reference">simulink/Logic and Bit
Operations/Compare
To Constant</P>
    <P Name="Path">$bdroot/Flight Control System/Crash Prediction Flags/Compare To Constant2</P>
    <P Name="SID">2313</P>
    <P Name="Type">LIBRARY_BLOCK</P>
  </ExternalFileReference>
  <ExternalFileReference>
    <P Name="Reference">simulink/Logic and Bit
Operations/Compare
To Constant</P>
    <P Name="Path">$bdroot/Flight Control System/Crash Prediction Flags/Compare To Constant3</P>
    <P Name="SID">2314</P>
    <P Name="Type">LIBRARY_BLOCK</P>
  </ExternalFileReference>
  <ExternalFileReference>
    <P Name="Reference">simulink/Logic and Bit
Operations/Compare
To Constant</P>
    <P Name="Path">$bdroot/Flight Control System/Crash Prediction Flags/Compare To Constant4</P>
    <P Name="SID">2315</P>
    <P Name="Type">LIBRARY_BLOCK</P>
  </ExternalFileReference>
  <ExternalFileReference>
    <P Name="Reference">simulink/Logic and Bit
Operations/Compare
To Constant</P>
    <P Name="Path">$bdroot/Flight Control System/Crash Prediction Flags/Compare To Constant5</P>
    <P Name="SID">2316</P>
    <P Name="Type">LIBRARY_BLOCK</P>
  </ExternalFileReference>
  <ExternalFileReference>
    <P Name="Reference">simulink/Sources/Counter
Free-Running</P>
    <P Name="Path">$bdroot/Flight Control System/Crash Prediction Flags/Counter Free-Running</P>
    <P Name="SID">2317</P>
    <P Name="Type">LIBRARY_BLOCK</P>
  </ExternalFileReference>
  <ExternalFileReference>
    <P Name="Reference">simulink/Logic and Bit
Operations/Compare
To Constant</P>
    <P Name="Path">$bdroot/Flight Control System/Crash Prediction Flags/Normal condition  and landing/Check if the drone  is 0.3m above ground</P>
    <P Name="SID">2345</P>
    <P Name="Type">LIBRARY_BLOCK</P>
  </ExternalFileReference>
  <ExternalFileReference>
    <P Name="Reference">simulink/Logic and Bit
Operations/Compare
To Constant</P>
    <P Name="Path">$bdroot/Flight Control System/Crash Prediction Flags/Optical flow error check/50 continuous  OF errors </P>
    <P Name="SID">2360</P>
    <P Name="Type">LIBRARY_BLOCK</P>
  </ExternalFileReference>
  <ExternalFileReference>
    <P Name="Reference">simulink/Logic and Bit
Operations/Compare
To Constant</P>
    <P Name="Path">$bdroot/Flight Control System/Crash Prediction Flags/Optical flow error check/Check error condition</P>
    <P Name="SID">2362</P>
    <P Name="Type">LIBRARY_BLOCK</P>
  </ExternalFileReference>
  <ExternalFileReference>
    <P Name="Reference">simulink/Logic and Bit
Operations/Compare
To Constant</P>
    <P Name="Path">$bdroot/Flight Control System/Path Planning/Landing Enable/Compare with  Stop time</P>
    <P Name="SID">1995</P>
    <P Name="Type">LIBRARY_BLOCK</P>
  </ExternalFileReference>
  <ExternalFileReference>
    <P Name="Reference">ctrlSharedLib/Kalman Filter</P>
    <P Name="Path">$bdroot/Flight Control System/State Estimator/Altitude Estimator/KalmanFilter_altitude</P>
    <P Name="SID">1629</P>
    <P Name="Type">LIBRARY_BLOCK</P>
  </ExternalFileReference>
  <ExternalFileReference>
    <P Name="Reference">simulink/Logic and Bit
Operations/Compare
To Constant</P>
    <P Name="Path">$bdroot/Flight Control System/State Estimator/Altitude Estimator/OutlierHandling/check for min altitude</P>
    <P Name="SID">1644</P>
    <P Name="Type">LIBRARY_BLOCK</P>
  </ExternalFileReference>
  <ExternalFileReference>
    <P Name="Reference">simulink/Logic and Bit
Operations/Compare
To Constant</P>
    <P Name="Path">$bdroot/Flight Control System/State Estimator/Altitude Estimator/OutlierHandling/currentEstimateVeryOffFromPressure</P>
    <P Name="SID">1645</P>
    <P Name="Type">LIBRARY_BLOCK</P>
  </ExternalFileReference>
  <ExternalFileReference>
    <P Name="Reference">simulink/Logic and Bit
Operations/Compare
To Constant</P>
    <P Name="Path">$bdroot/Flight Control System/State Estimator/Altitude Estimator/OutlierHandling/currentStateVeryOffsonarflt</P>
    <P Name="SID">1646</P>
    <P Name="Type">LIBRARY_BLOCK</P>
  </ExternalFileReference>
  <ExternalFileReference>
    <P Name="Reference">simulink/Logic and Bit
Operations/Compare
To Constant</P>
    <P Name="Path">$bdroot/Flight Control System/State Estimator/Altitude Estimator/OutlierHandling/outlierJump</P>
    <P Name="SID">1650</P>
    <P Name="Type">LIBRARY_BLOCK</P>
  </ExternalFileReference>
  <ExternalFileReference>
    <P Name="Reference">sharedtransform/Rotation Angles to
Direction Cosine Matrix</P>
    <P Name="Path">$bdroot/Flight Control System/State Estimator/Altitude Estimator/Rotation Angles to Direction Cosine Matrix</P>
    <P Name="SID">1656</P>
    <P Name="Type">LIBRARY_BLOCK</P>
  </ExternalFileReference>
  <ExternalFileReference>
    <P Name="Reference">simulink/Logic and Bit
Operations/Compare
To Constant</P>
    <P Name="Path">$bdroot/Flight Control System/State Estimator/Altitude Estimator/outlierBelowFloor</P>
    <P Name="SID">1662</P>
    <P Name="Type">LIBRARY_BLOCK</P>
  </ExternalFileReference>
  <ExternalFileReference>
    <P Name="Reference">simulink/Logic and Bit
Operations/Compare
To Constant</P>
    <P Name="Path">$bdroot/Flight Control System/State Estimator/Attitude Estimator/Compare To Constant</P>
    <P Name="SID">2541</P>
    <P Name="Type">LIBRARY_BLOCK</P>
  </ExternalFileReference>
  <ExternalFileReference>
    <P Name="Reference">simulink/Logic and Bit
Operations/Compare
To Constant</P>
    <P Name="Path">$bdroot/Flight Control System/State Estimator/Attitude Estimator/Compare To Constant1</P>
    <P Name="SID">2542</P>
    <P Name="Type">LIBRARY_BLOCK</P>
  </ExternalFileReference>
  <ExternalFileReference>
    <P Name="Reference">ctrlSharedLib/Kalman Filter</P>
    <P Name="Path">$bdroot/Flight Control System/State Estimator/Attitude Estimator/Pitch_Kalman/Kalman Filter</P>
    <P Name="SID">2556</P>
    <P Name="Type">LIBRARY_BLOCK</P>
  </ExternalFileReference>
  <ExternalFileReference>
    <P Name="Reference">ctrlSharedLib/Kalman Filter</P>
    <P Name="Path">$bdroot/Flight Control System/State Estimator/Attitude Estimator/Roll_Kalman/Kalman Filter</P>
    <P Name="SID">2572</P>
    <P Name="Type">LIBRARY_BLOCK</P>
  </ExternalFileReference>
  <ExternalFileReference>
    <P Name="Reference">simulink/Logic and Bit
Operations/Compare
To Constant</P>
    <P Name="Path">$bdroot/Flight Control System/State Estimator/SensorPreprocessing/Temperature Compensation/Compare To Constant</P>
    <P Name="SID">2762</P>
    <P Name="Type">LIBRARY_BLOCK</P>
  </ExternalFileReference>
  <ExternalFileReference>
    <P Name="Reference">simulink/Sources/Counter
Free-Running</P>
    <P Name="Path">$bdroot/Flight Control System/State Estimator/SensorPreprocessing/Temperature Compensation/Counter Free-Running</P>
    <P Name="SID">2764</P>
    <P Name="Type">LIBRARY_BLOCK</P>
  </ExternalFileReference>
  <ExternalFileReference>
    <P Name="Reference">simulink/Logic and Bit
Operations/Compare
To Constant</P>
    <P Name="Path">$bdroot/Flight Control System/State Estimator/XY Position Estimator/EstimatorVelocity/AccelerationHandling/Deactivate Acceleration If OF is not used due to low altitude</P>
    <P Name="SID">2627</P>
    <P Name="Type">LIBRARY_BLOCK</P>
  </ExternalFileReference>
  <ExternalFileReference>
    <P Name="Reference">sharedtransform/Rotation Angles to
Direction Cosine Matrix</P>
    <P Name="Path">$bdroot/Flight Control System/State Estimator/XY Position Estimator/EstimatorVelocity/AccelerationHandling/Rotation Angles to Direction Cosine Matrix</P>
    <P Name="SID">2632</P>
    <P Name="Type">LIBRARY_BLOCK</P>
  </ExternalFileReference>
  <ExternalFileReference>
    <P Name="Reference">simulink/Logic and Bit
Operations/Compare
To Constant</P>
    <P Name="Path">$bdroot/Flight Control System/State Estimator/XY Position Estimator/EstimatorVelocity/AccelerationHandling/do not use acc if optical flow never available (Note OF@60Hz but ZOH to 200!)</P>
    <P Name="SID">2636</P>
    <P Name="Type">LIBRARY_BLOCK</P>
  </ExternalFileReference>
  <ExternalFileReference>
    <P Name="Reference">simulink/Logic and Bit
Operations/Compare
To Constant</P>
    <P Name="Path">$bdroot/Flight Control System/State Estimator/XY Position Estimator/EstimatorVelocity/AccelerationHandling/do not use acc if optical flow never available (Note OF@60Hz but ZOH to 200!)1</P>
    <P Name="SID">2637</P>
    <P Name="Type">LIBRARY_BLOCK</P>
  </ExternalFileReference>
  <ExternalFileReference>
    <P Name="Reference">simulink/Discrete/Discrete Derivative</P>
    <P Name="Path">$bdroot/Flight Control System/State Estimator/XY Position Estimator/EstimatorVelocity/DataHandling/DiscreteDerivative</P>
    <P Name="SID">2676</P>
    <P Name="Type">LIBRARY_BLOCK</P>
  </ExternalFileReference>
  <ExternalFileReference>
    <P Name="Reference">simulink/Logic and Bit
Operations/Compare
To Constant</P>
    <P Name="Path">$bdroot/Flight Control System/State Estimator/XY Position Estimator/EstimatorVelocity/DataHandling/maxdw1</P>
    <P Name="SID">2684</P>
    <P Name="Type">LIBRARY_BLOCK</P>
  </ExternalFileReference>
  <ExternalFileReference>
    <P Name="Reference">simulink/Logic and Bit
Operations/Compare
To Constant</P>
    <P Name="Path">$bdroot/Flight Control System/State Estimator/XY Position Estimator/EstimatorVelocity/DataHandling/maxdw2</P>
    <P Name="SID">2685</P>
    <P Name="Type">LIBRARY_BLOCK</P>
  </ExternalFileReference>
  <ExternalFileReference>
    <P Name="Reference">simulink/Logic and Bit
Operations/Compare
To Constant</P>
    <P Name="Path">$bdroot/Flight Control System/State Estimator/XY Position Estimator/EstimatorVelocity/DataHandling/maxp</P>
    <P Name="SID">2686</P>
    <P Name="Type">LIBRARY_BLOCK</P>
  </ExternalFileReference>
  <ExternalFileReference>
    <P Name="Reference">simulink/Logic and Bit
Operations/Compare
To Constant</P>
    <P Name="Path">$bdroot/Flight Control System/State Estimator/XY Position Estimator/EstimatorVelocity/DataHandling/maxp2</P>
    <P Name="SID">2687</P>
    <P Name="Type">LIBRARY_BLOCK</P>
  </ExternalFileReference>
  <ExternalFileReference>
    <P Name="Reference">simulink/Logic and Bit
Operations/Compare
To Constant</P>
    <P Name="Path">$bdroot/Flight Control System/State Estimator/XY Position Estimator/EstimatorVelocity/DataHandling/maxq</P>
    <P Name="SID">2688</P>
    <P Name="Type">LIBRARY_BLOCK</P>
  </ExternalFileReference>
  <ExternalFileReference>
    <P Name="Reference">simulink/Logic and Bit
Operations/Compare
To Constant</P>
    <P Name="Path">$bdroot/Flight Control System/State Estimator/XY Position Estimator/EstimatorVelocity/DataHandling/maxq2</P>
    <P Name="SID">2689</P>
    <P Name="Type">LIBRARY_BLOCK</P>
  </ExternalFileReference>
  <ExternalFileReference>
    <P Name="Reference">simulink/Logic and Bit
Operations/Compare
To Constant</P>
    <P Name="Path">$bdroot/Flight Control System/State Estimator/XY Position Estimator/EstimatorVelocity/DataHandling/maxw1</P>
    <P Name="SID">2690</P>
    <P Name="Type">LIBRARY_BLOCK</P>
  </ExternalFileReference>
  <ExternalFileReference>
    <P Name="Reference">simulink/Logic and Bit
Operations/Compare
To Constant</P>
    <P Name="Path">$bdroot/Flight Control System/State Estimator/XY Position Estimator/EstimatorVelocity/DataHandling/maxw2</P>
    <P Name="SID">2691</P>
    <P Name="Type">LIBRARY_BLOCK</P>
  </ExternalFileReference>
  <ExternalFileReference>
    <P Name="Reference">simulink/Logic and Bit
Operations/Compare
To Constant</P>
    <P Name="Path">$bdroot/Flight Control System/State Estimator/XY Position Estimator/EstimatorVelocity/DataHandling/maxw3</P>
    <P Name="SID">2692</P>
    <P Name="Type">LIBRARY_BLOCK</P>
  </ExternalFileReference>
  <ExternalFileReference>
    <P Name="Reference">simulink/Logic and Bit
Operations/Compare
To Constant</P>
    <P Name="Path">$bdroot/Flight Control System/State Estimator/XY Position Estimator/EstimatorVelocity/DataHandling/maxw4</P>
    <P Name="SID">2693</P>
    <P Name="Type">LIBRARY_BLOCK</P>
  </ExternalFileReference>
  <ExternalFileReference>
    <P Name="Reference">simulink/Logic and Bit
Operations/Compare
To Constant</P>
    <P Name="Path">$bdroot/Flight Control System/State Estimator/XY Position Estimator/EstimatorVelocity/DataHandling/minHeightforOF</P>
    <P Name="SID">2694</P>
    <P Name="Type">LIBRARY_BLOCK</P>
  </ExternalFileReference>
  <ExternalFileReference>
    <P Name="Reference">ctrlSharedLib/Kalman Filter</P>
    <P Name="Path">$bdroot/Flight Control System/State Estimator/XY Position Estimator/EstimatorVelocity/KalmanFilter_dxdy</P>
    <P Name="SID">2702</P>
    <P Name="Type">LIBRARY_BLOCK</P>
  </ExternalFileReference>
  <ExternalFileReference>
    <P Name="Reference">simulink/Logic and Bit
Operations/Compare
To Constant</P>
    <P Name="Path">$bdroot/Flight Control System/State Estimator/XY Position Estimator/EstimatorVelocity/XY velocity w//o angular velocity compensation/Compare To Constant</P>
    <P Name="SID">2710</P>
    <P Name="Type">LIBRARY_BLOCK</P>
  </ExternalFileReference>
  <ExternalFileReference>
    <P Name="Reference">simulink/Sources/Counter
Free-Running</P>
    <P Name="Path">$bdroot/Flight Control System/State Estimator/XY Position Estimator/EstimatorVelocity/XY velocity w//o angular velocity compensation/Counter Free-Running</P>
    <P Name="SID">2711</P>
    <P Name="Type">LIBRARY_BLOCK</P>
  </ExternalFileReference>
  <ExternalFileReference>
    <P Name="Reference">sharedtransform/Rotation Angles to
Direction Cosine Matrix</P>
    <P Name="Path">$bdroot/Flight Control System/State Estimator/XY Position Estimator/EstimatorXYPosition/Rotation Angles to Direction Cosine Matrix</P>
    <P Name="SID">2728</P>
    <P Name="Type">LIBRARY_BLOCK</P>
  </ExternalFileReference>
  <ExternalFileReference>
    <P Name="Reference">parrotlib/PARROT Image Conversion</P>
    <P Name="Path">$bdroot/Image Processing System/PARROT Image Conversion</P>
    <P Name="SID">1064</P>
    <P Name="Type">LIBRARY_BLOCK</P>
  </ExternalFileReference>
  <P Name="OrderedModelArguments">1</P>
</GraphicalInterface>
