<?xml version="1.0" encoding="UTF-8"?>
<sltp_editor version="1.1" packageUris="http://schema.mathworks.com/mf0/DiagramEditor/R2019a_20181107 http://schema.mathworks.com/mf0/SltpSyntax/R2021b_202101212121">
  <diagram.editor.model.Diagram type="diagram.editor.model.Diagram" uuid="24f923d8-efd1-42ff-baf1-9df2d09a12e9">
    <connections type="diagram.editor.model.Connection" uuid="49a42515-3cd9-4039-a598-62894ed3f23b">
      <dstElement type="diagram.editor.model.Entity" uuid="dd62f106-002c-4880-a24d-415f4d2f5653"/>
      <srcElement type="diagram.editor.model.Entity" uuid="56f6d31c-709c-4ad1-8f7d-0dfd0ec100b2"/>
      <position>0,0</position>
      <size>0,0,0,0</size>
      <syntaxElement type="sltp.mm.syntax.Edge" uuid="e2b07512-ace3-4d0a-a9f0-eeb4ed78eddb"/>
      <type>graph.Edge</type>
    </connections>
    <entities type="diagram.editor.model.Entity" uuid="dd62f106-002c-4880-a24d-415f4d2f5653">
      <inConnections type="diagram.editor.model.Connection" uuid="49a42515-3cd9-4039-a598-62894ed3f23b"/>
      <position>0,0</position>
      <size>0,0,0,0</size>
      <syntaxElement type="sltp.mm.syntax.Node" uuid="fe440087-0de3-489f-8229-5fc70dc4dea1"/>
      <title>D1</title>
      <type>implicit-periodic</type>
      <subDiagram type="diagram.editor.model.Diagram" uuid="14fd2feb-3391-4418-aca3-360e44af8209">
        <position>0,0</position>
        <syntaxElement type="sltp.mm.syntax.Graph" uuid="5dc60e12-6f22-4615-b51a-60e1e0dcc752"/>
        <title>D1</title>
        <type>graph.Graph</type>
      </subDiagram>
    </entities>
    <entities type="diagram.editor.model.Entity" uuid="56f6d31c-709c-4ad1-8f7d-0dfd0ec100b2">
      <outConnections type="diagram.editor.model.Connection" uuid="49a42515-3cd9-4039-a598-62894ed3f23b"/>
      <position>0,0</position>
      <size>0,0,0,0</size>
      <syntaxElement type="sltp.mm.syntax.Node" uuid="0c6de141-c7d4-44be-8a66-095a6e8319d7"/>
      <title>D2</title>
      <type>implicit-periodic</type>
      <subDiagram type="diagram.editor.model.Diagram" uuid="71acbcb6-4889-48d1-8e4a-dbee2ded13ce">
        <position>0,0</position>
        <syntaxElement type="sltp.mm.syntax.Graph" uuid="57002653-1eb9-4947-9407-c160381df71a"/>
        <title>D2</title>
        <type>graph.Graph</type>
      </subDiagram>
    </entities>
    <syntaxElement type="sltp.mm.syntax.Graph" uuid="a5e0df4e-33be-4fa1-be79-defd2c313cf6"/>
    <title>Default</title>
    <type>graph.Graph</type>
  </diagram.editor.model.Diagram>
  <sltp.mm.syntax.Context type="sltp.mm.syntax.Context" uuid="03ca8c61-0261-42ab-b326-73c0b65454a5">
    <globalData type="sltp.mm.syntax.GlobalData" uuid="1f9c3667-d120-4040-9c68-4324c2cad390">
      <dataName>portAC cmd</dataName>
      <type>RootInport</type>
    </globalData>
    <globalData type="sltp.mm.syntax.GlobalData" uuid="b0feab22-6bfa-42d7-9358-5b4375e24727">
      <dataName>portActuators</dataName>
      <type>RootOutport</type>
    </globalData>
    <globalData type="sltp.mm.syntax.GlobalData" uuid="6cb2bfe8-0a4c-42b6-82c8-5eeb2ed20a1a">
      <dataName>portFlag</dataName>
      <type>RootOutport</type>
    </globalData>
    <globalData type="sltp.mm.syntax.GlobalData" uuid="19681f2a-9dfb-4ffc-8b4a-2cd4e6fe629b">
      <dataName>portImage Data</dataName>
      <type>RootInport</type>
    </globalData>
    <globalData type="sltp.mm.syntax.GlobalData" uuid="15c29d7d-a850-481e-bcc0-a22a96359812">
      <dataName>portSensors</dataName>
      <type>RootInport</type>
    </globalData>
    <rootGraph type="sltp.mm.syntax.Graph" uuid="a5e0df4e-33be-4fa1-be79-defd2c313cf6">
      <children type="sltp.mm.syntax.Node" uuid="fe440087-0de3-489f-8229-5fc70dc4dea1">
        <inEdges type="sltp.mm.syntax.Edge" uuid="e2b07512-ace3-4d0a-a9f0-eeb4ed78eddb"/>
        <priority>40</priority>
        <rates type="sltp.mm.syntax.RateData">
          <color>#e60000</color>
          <hasBlocks>true</hasBlocks>
          <rate>0.005</rate>
          <title>D1</title>
        </rates>
        <title>D1</title>
        <type>implicit-periodic</type>
        <diagramElement type="diagram.editor.model.Entity" uuid="dd62f106-002c-4880-a24d-415f4d2f5653"/>
        <subgraph type="sltp.mm.syntax.Graph" uuid="5dc60e12-6f22-4615-b51a-60e1e0dcc752">
          <title>D1</title>
          <diagramElement type="diagram.editor.model.Diagram" uuid="14fd2feb-3391-4418-aca3-360e44af8209"/>
        </subgraph>
      </children>
      <children type="sltp.mm.syntax.Node" uuid="0c6de141-c7d4-44be-8a66-095a6e8319d7">
        <orderIndex>1</orderIndex>
        <outEdges type="sltp.mm.syntax.Edge" uuid="e2b07512-ace3-4d0a-a9f0-eeb4ed78eddb"/>
        <priority>41</priority>
        <rates type="sltp.mm.syntax.RateData">
          <color>#00d100</color>
          <hasBlocks>true</hasBlocks>
          <rate>0.2</rate>
          <title>D2</title>
        </rates>
        <title>D2</title>
        <type>implicit-periodic</type>
        <diagramElement type="diagram.editor.model.Entity" uuid="56f6d31c-709c-4ad1-8f7d-0dfd0ec100b2"/>
        <subgraph type="sltp.mm.syntax.Graph" uuid="57002653-1eb9-4947-9407-c160381df71a">
          <title>D2</title>
          <diagramElement type="diagram.editor.model.Diagram" uuid="71acbcb6-4889-48d1-8e4a-dbee2ded13ce"/>
        </subgraph>
      </children>
      <edges type="sltp.mm.syntax.Edge" uuid="e2b07512-ace3-4d0a-a9f0-eeb4ed78eddb">
        <dst type="sltp.mm.syntax.Node" uuid="fe440087-0de3-489f-8229-5fc70dc4dea1"/>
        <src type="sltp.mm.syntax.Node" uuid="0c6de141-c7d4-44be-8a66-095a6e8319d7"/>
        <type>Delay</type>
        <diagramElement type="diagram.editor.model.Connection" uuid="49a42515-3cd9-4039-a598-62894ed3f23b"/>
      </edges>
      <title>Default</title>
      <diagramElement type="diagram.editor.model.Diagram" uuid="24f923d8-efd1-42ff-baf1-9df2d09a12e9"/>
    </rootGraph>
  </sltp.mm.syntax.Context>
</sltp_editor>