<?xml version="1.0" encoding="UTF-8"?>
<sltp_graph version="1.1" packageUris="http://schema.mathworks.com/mf0/sltp_mm/R2021b_202106150630">
  <sltp.mm.core.Context type="sltp.mm.core.Context" uuid="f92bc697-f743-447d-b0f0-d3318f35686f">
    <globalData type="sltp.mm.core.GlobalData" uuid="26667f47-b655-475b-bd3b-c8a5dab23e88">
      <dataName>portAC cmd</dataName>
      <type>RootInport</type>
    </globalData>
    <globalData type="sltp.mm.core.GlobalData" uuid="d10fd4df-b8d1-44b5-a6e8-a131339b32ef">
      <dataName>portActuators</dataName>
      <type>RootOutport</type>
    </globalData>
    <globalData type="sltp.mm.core.GlobalData" uuid="1031ed57-2b9a-4338-9799-bdbf262a46fe">
      <dataName>portFlag</dataName>
      <type>RootOutport</type>
    </globalData>
    <globalData type="sltp.mm.core.GlobalData" uuid="27737184-75a0-4161-8881-b4c7ee069c47">
      <dataName>portImage Data</dataName>
      <type>RootInport</type>
    </globalData>
    <globalData type="sltp.mm.core.GlobalData" uuid="6f5b9b9c-580f-4ac2-9540-63b7c212845a">
      <dataName>portSensors</dataName>
      <type>RootInport</type>
    </globalData>
    <priorityDirection>HighNumberLast</priorityDirection>
    <editorState type="sltp.mm.core.EditorState" uuid="a1a6b562-f11f-4050-ade4-8d96160f7d4d">
      <isSynchronized>true</isSynchronized>
      <panelState type="sltp.mm.core.EditorPanelState" uuid="07827365-b95c-4025-89d6-066936f77cc5"/>
    </editorState>
    <rootTask type="sltp.mm.core.Task" uuid="8ba0a46d-ccd1-492a-85b8-b429a4eef774">
      <context type="sltp.mm.core.Context" uuid="f92bc697-f743-447d-b0f0-d3318f35686f"/>
      <explicit>false</explicit>
      <name>Default</name>
      <priority>-2147483648</priority>
      <subgraph type="sltp.mm.core.Graph" uuid="b8aaad6b-4dcb-4df7-81d9-7d4c55a812df">
        <connections type="sltp.mm.core.Connection" uuid="24288cde-14a3-45f7-a66c-b2418b4a5fe1">
          <dst type="sltp.mm.core.Task" uuid="d64c954a-7ce9-458f-af72-25a203db1bb3"/>
          <src type="sltp.mm.core.Task" uuid="dc74f8aa-8f22-4852-a123-231d7c524c34"/>
        </connections>
        <tasks type="sltp.mm.core.Task" uuid="d64c954a-7ce9-458f-af72-25a203db1bb3">
          <context type="sltp.mm.core.Context" uuid="f92bc697-f743-447d-b0f0-d3318f35686f"/>
          <explicit>false</explicit>
          <id>1</id>
          <inConnections type="sltp.mm.core.Connection" uuid="24288cde-14a3-45f7-a66c-b2418b4a5fe1"/>
          <isTimed>true</isTimed>
          <name>D1</name>
          <priority>40</priority>
          <rates type="sltp.mm.core.Rate" uuid="60b781fa-881b-4fc0-93df-57999d81c2f2">
            <annotation>D1</annotation>
            <color>-436207361</color>
            <hasBlocks>true</hasBlocks>
            <identifier>ClassicPeriodicDiscrete0.0050</identifier>
            <rateSpec type="sltp.mm.core.RateSpec">
              <period>.005</period>
            </rateSpec>
            <sti>0</sti>
          </rates>
        </tasks>
        <tasks type="sltp.mm.core.Task" uuid="dc74f8aa-8f22-4852-a123-231d7c524c34">
          <context type="sltp.mm.core.Context" uuid="f92bc697-f743-447d-b0f0-d3318f35686f"/>
          <explicit>false</explicit>
          <id>2</id>
          <isTimed>true</isTimed>
          <name>D2</name>
          <outConnections type="sltp.mm.core.Connection" uuid="24288cde-14a3-45f7-a66c-b2418b4a5fe1"/>
          <priority>41</priority>
          <rates type="sltp.mm.core.Rate" uuid="2996ad4e-bb2e-4177-bbd7-7e835226071a">
            <annotation>D2</annotation>
            <color>13697279</color>
            <hasBlocks>true</hasBlocks>
            <identifier>ClassicPeriodicDiscrete0.20</identifier>
            <rateSpec type="sltp.mm.core.RateSpec">
              <period>.2</period>
            </rateSpec>
            <sti>1</sti>
          </rates>
        </tasks>
      </subgraph>
    </rootTask>
  </sltp.mm.core.Context>
</sltp_graph>