<?xml version="1.0" encoding="utf-8"?>
<System>
  <P Name="Location">[1, 87, 606, 475]</P>
  <P Name="SystemRect">[0.000000, 0.000000, 0.000000, 0.000000]</P>
  <P Name="SetExecutionDomain">off</P>
  <P Name="ExecutionDomainType">Deduce</P>
  <P Name="ZoomFactor">117</P>
  <P Name="SimulinkSubDomain">Simulink</P>
  <Block BlockType="Inport" Name="RGBImage" SID="2247">
    <P Name="Position">[-5, -17, 25, -3]</P>
    <P Name="ZOrder">1340</P>
    <P Name="OutDataTypeStr">uint8</P>
    <P Name="PortDimensions">[120 160 3]</P>
  </Block>
  <Block BlockType="InportShadow" Name=" RGBImage " SID="2248">
    <P Name="Position">[-5, -92, 25, -78]</P>
    <P Name="ZOrder">1379</P>
    <P Name="OutDataTypeStr">uint8</P>
    <P Name="PortDimensions">[120 160 3]</P>
  </Block>
  <Block BlockType="Selector" Name="Blue" SID="2249">
    <P Name="Ports">[1, 1]</P>
    <P Name="Position">[65, 58, 130, 72]</P>
    <P Name="ZOrder">1363</P>
    <P Name="NumberOfDimensions">3</P>
    <P Name="InputPortWidth">3</P>
    <P Name="IndexOptions">Select all,Select all,Index vector (dialog)</P>
    <P Name="Indices">1,1,3</P>
    <P Name="OutputSizes">1,1,1</P>
  </Block>
  <Block BlockType="Reference" Name="Color Space&#xA; Conversion" SID="2250">
    <P Name="Ports">[3, 3]</P>
    <P Name="Position">[150, -122, 220, 102]</P>
    <P Name="ZOrder">1332</P>
    <P Name="LibraryVersion">5.7</P>
    <P Name="SourceBlock">visionconversions/Color Space
 Conversion</P>
    <P Name="SourceType">Color Space Conversion</P>
    <P Name="SourceProductBaseCode">VP</P>
    <InstanceData>
      <P Name="MultithreadedSim">auto</P>
      <P Name="conversion">Obsolete</P>
      <P Name="conversionActive">R&apos;G&apos;B&apos; to Y&apos;CbCr</P>
      <P Name="wp_str">D65</P>
      <P Name="rec">Rec. 601 (SDTV)</P>
      <P Name="sys">1125/60/2:1</P>
      <P Name="imagePorts">Separate color signals</P>
    </InstanceData>
  </Block>
  <Block BlockType="Constant" Name="Constant" SID="2251">
    <P Name="Position">[365, -73, 435, -57]</P>
    <P Name="ZOrder">1368</P>
    <P Name="Value">1:2:120*160</P>
  </Block>
  <Block BlockType="Constant" Name="Constant1" SID="2252">
    <P Name="Position">[365, 27, 435, 43]</P>
    <P Name="ZOrder">1370</P>
    <P Name="Value">2:2:120*160</P>
  </Block>
  <Block BlockType="Constant" Name="Constant2" SID="2253">
    <P Name="Position">[365, -23, 435, -7]</P>
    <P Name="ZOrder">1372</P>
    <P Name="Value">1:2:120*160</P>
  </Block>
  <Block BlockType="Constant" Name="Constant3" SID="2254">
    <P Name="Position">[365, 77, 435, 93]</P>
    <P Name="ZOrder">1374</P>
    <P Name="Value">1:2:120*160</P>
  </Block>
  <Block BlockType="Selector" Name="Green" SID="2255">
    <P Name="Ports">[1, 1]</P>
    <P Name="Position">[65, -17, 130, -3]</P>
    <P Name="ZOrder">1362</P>
    <P Name="NumberOfDimensions">3</P>
    <P Name="InputPortWidth">3</P>
    <P Name="IndexOptions">Select all,Select all,Index vector (dialog)</P>
    <P Name="Indices">1,1,2</P>
    <P Name="OutputSizes">1,1,1</P>
  </Block>
  <Block BlockType="Concatenate" Name="Matrix&#xA;Concatenate" SID="2256">
    <P Name="Ports">[4, 1]</P>
    <P Name="Position">[575, -105, 625, 105]</P>
    <P Name="ZOrder">1343</P>
    <P Name="NumInputs">4</P>
    <P Name="Mode">Multidimensional array</P>
  </Block>
  <Block BlockType="InportShadow" Name="RGBImage " SID="2257">
    <P Name="Position">[-5, 58, 25, 72]</P>
    <P Name="ZOrder">1380</P>
    <P Name="OutDataTypeStr">uint8</P>
    <P Name="PortDimensions">[120 160 3]</P>
  </Block>
  <Block BlockType="Selector" Name="Red" SID="2258">
    <P Name="Ports">[1, 1]</P>
    <P Name="Position">[65, -92, 130, -78]</P>
    <P Name="ZOrder">1361</P>
    <P Name="NumberOfDimensions">3</P>
    <P Name="InputPortWidth">3</P>
    <P Name="IndexOptions">Select all,Select all,Index vector (dialog)</P>
    <P Name="Indices">1,1,1</P>
    <P Name="OutputSizes">1,1,1</P>
  </Block>
  <Block BlockType="Reshape" Name="Reshape1" SID="2259">
    <P Name="Ports">[1, 1]</P>
    <P Name="Position">[295, -22, 325, 2]</P>
    <P Name="ZOrder">1382</P>
    <P Name="OutputDimensionality">Customize</P>
    <P Name="OutputDimensions">[1,19200]</P>
  </Block>
  <Block BlockType="Reshape" Name="Reshape2" SID="2260">
    <P Name="Ports">[1, 1]</P>
    <P Name="Position">[295, 53, 325, 77]</P>
    <P Name="ZOrder">1383</P>
    <P Name="OutputDimensionality">Customize</P>
    <P Name="OutputDimensions">[1,19200]</P>
  </Block>
  <Block BlockType="Reshape" Name="Reshape3" SID="2261">
    <P Name="Ports">[1, 1]</P>
    <P Name="Position">[295, -97, 325, -73]</P>
    <P Name="ZOrder">1381</P>
    <P Name="OutputDimensionality">Customize</P>
    <P Name="OutputDimensions">[1,19200]</P>
  </Block>
  <Block BlockType="Selector" Name="u" SID="2262">
    <P Name="Ports">[2, 1]</P>
    <P Name="Position">[465, -43, 525, -7]</P>
    <P Name="ZOrder">1371</P>
    <P Name="InputPortWidth">120*160</P>
    <P Name="IndexOptions">Index vector (port)</P>
    <P Name="Indices">[1 3]</P>
    <P Name="OutputSizes">1</P>
  </Block>
  <Block BlockType="Selector" Name="v" SID="2263">
    <P Name="Ports">[2, 1]</P>
    <P Name="Position">[465, 57, 525, 93]</P>
    <P Name="ZOrder">1373</P>
    <P Name="InputPortWidth">120*160</P>
    <P Name="IndexOptions">Index vector (port)</P>
    <P Name="Indices">[1 3]</P>
    <P Name="OutputSizes">1</P>
  </Block>
  <Block BlockType="Selector" Name="y1" SID="2264">
    <P Name="Ports">[2, 1]</P>
    <P Name="Position">[465, -93, 525, -57]</P>
    <P Name="ZOrder">1367</P>
    <P Name="InputPortWidth">120*160</P>
    <P Name="IndexOptions">Index vector (port)</P>
    <P Name="Indices">[1 3]</P>
    <P Name="OutputSizes">1</P>
  </Block>
  <Block BlockType="Selector" Name="y2" SID="2265">
    <P Name="Ports">[2, 1]</P>
    <P Name="Position">[465, 7, 525, 43]</P>
    <P Name="ZOrder">1369</P>
    <P Name="InputPortWidth">120*160</P>
    <P Name="IndexOptions">Index vector (port)</P>
    <P Name="Indices">[1 3]</P>
    <P Name="OutputSizes">1</P>
  </Block>
  <Block BlockType="Outport" Name="Y1UY2VImage" SID="2266">
    <P Name="Position">[695, -7, 725, 7]</P>
    <P Name="ZOrder">1341</P>
    <P Name="OutDataTypeStr">uint8</P>
    <P Name="PortDimensions">[4 9600]</P>
    <P Name="VectorParamsAs1DForOutWhenUnconnected">off</P>
  </Block>
  <Line>
    <P Name="ZOrder">1</P>
    <P Name="Src">2263#out:1</P>
    <P Name="Dst">2256#in:4</P>
  </Line>
  <Line>
    <P Name="ZOrder">2</P>
    <P Name="Src">2264#out:1</P>
    <P Name="Dst">2256#in:1</P>
  </Line>
  <Line>
    <P Name="ZOrder">3</P>
    <P Name="Src">2247#out:1</P>
    <P Name="Dst">2255#in:1</P>
  </Line>
  <Line>
    <P Name="ZOrder">4</P>
    <P Name="Src">2258#out:1</P>
    <P Name="Dst">2250#in:1</P>
  </Line>
  <Line>
    <P Name="ZOrder">5</P>
    <P Name="Src">2255#out:1</P>
    <P Name="Dst">2250#in:2</P>
  </Line>
  <Line>
    <P Name="ZOrder">6</P>
    <P Name="Src">2249#out:1</P>
    <P Name="Dst">2250#in:3</P>
  </Line>
  <Line>
    <P Name="ZOrder">7</P>
    <P Name="Src">2261#out:1</P>
    <P Name="Points">[15, 0]</P>
    <Branch>
      <P Name="ZOrder">8</P>
      <P Name="Dst">2264#in:1</P>
    </Branch>
    <Branch>
      <P Name="ZOrder">9</P>
      <P Name="Points">[0, 100]</P>
      <P Name="Dst">2265#in:1</P>
    </Branch>
  </Line>
  <Line>
    <P Name="ZOrder">10</P>
    <P Name="Src">2259#out:1</P>
    <P Name="Points">[4, 0; 0, -25]</P>
    <P Name="Dst">2262#in:1</P>
  </Line>
  <Line>
    <P Name="ZOrder">11</P>
    <P Name="Src">2260#out:1</P>
    <P Name="Dst">2263#in:1</P>
  </Line>
  <Line>
    <P Name="ZOrder">12</P>
    <P Name="Src">2251#out:1</P>
    <P Name="Dst">2264#in:2</P>
  </Line>
  <Line>
    <P Name="ZOrder">13</P>
    <P Name="Src">2252#out:1</P>
    <P Name="Dst">2265#in:2</P>
  </Line>
  <Line>
    <P Name="ZOrder">14</P>
    <P Name="Src">2253#out:1</P>
    <P Name="Dst">2262#in:2</P>
  </Line>
  <Line>
    <P Name="ZOrder">15</P>
    <P Name="Src">2254#out:1</P>
    <P Name="Dst">2263#in:2</P>
  </Line>
  <Line>
    <P Name="ZOrder">16</P>
    <P Name="Src">2256#out:1</P>
    <P Name="Dst">2266#in:1</P>
  </Line>
  <Line>
    <P Name="ZOrder">17</P>
    <P Name="Src">2262#out:1</P>
    <P Name="Dst">2256#in:2</P>
  </Line>
  <Line>
    <P Name="ZOrder">18</P>
    <P Name="Src">2265#out:1</P>
    <P Name="Dst">2256#in:3</P>
  </Line>
  <Line>
    <P Name="ZOrder">19</P>
    <P Name="Src">2248#out:1</P>
    <P Name="Dst">2258#in:1</P>
  </Line>
  <Line>
    <P Name="ZOrder">20</P>
    <P Name="Src">2257#out:1</P>
    <P Name="Dst">2249#in:1</P>
  </Line>
  <Line>
    <P Name="ZOrder">21</P>
    <P Name="Src">2250#out:1</P>
    <P Name="Dst">2261#in:1</P>
  </Line>
  <Line>
    <P Name="ZOrder">22</P>
    <P Name="Src">2250#out:2</P>
    <P Name="Dst">2259#in:1</P>
  </Line>
  <Line>
    <P Name="ZOrder">23</P>
    <P Name="Src">2250#out:3</P>
    <P Name="Dst">2260#in:1</P>
  </Line>
</System>
