<?xml version="1.0" encoding="utf-8"?>
<System>
  <P Name="Location">[-5, 3, 1244, 768]</P>
  <P Name="SystemRect">[0.000000, 0.000000, 0.000000, 0.000000]</P>
  <P Name="SetExecutionDomain">off</P>
  <P Name="ExecutionDomainType">Deduce</P>
  <P Name="ZoomFactor">101</P>
  <P Name="SimulinkSubDomain">Simulink</P>
  <Block BlockType="Inport" Name="states" SID="2231">
    <P Name="Position">[90, 123, 120, 137]</P>
    <P Name="ZOrder">1450</P>
    <P Name="NameLocation">top</P>
    <P Name="OutDataTypeStr">Bus: StatesBus</P>
  </Block>
  <Block BlockType="Sum" Name="Add1" SID="2232">
    <P Name="Ports">[2, 1]</P>
    <P Name="Position">[840, 192, 870, 223]</P>
    <P Name="ZOrder">1444</P>
    <P Name="ShowName">off</P>
    <P Name="IconShape">rectangular</P>
  </Block>
  <Block BlockType="BusSelector" Name="Bus&#xA;Selector1" SID="2233">
    <P Name="Ports">[1, 1]</P>
    <P Name="Position">[215, 111, 220, 149]</P>
    <P Name="ZOrder">1435</P>
    <P Name="ShowName">off</P>
    <P Name="OutputSignals">V_body</P>
    <Port>
      <P Name="PortNumber">1</P>
      <P Name="Name">&lt;V_body&gt;</P>
    </Port>
  </Block>
  <Block BlockType="BusSelector" Name="Bus&#xA;Selector3" SID="2234">
    <P Name="Ports">[1, 1]</P>
    <P Name="Position">[215, 231, 220, 269]</P>
    <P Name="ZOrder">1448</P>
    <P Name="ShowName">off</P>
    <P Name="OutputSignals">X_ned</P>
    <Port>
      <P Name="PortNumber">1</P>
      <P Name="Name">&lt;X_ned&gt;</P>
    </Port>
  </Block>
  <Block BlockType="BusSelector" Name="Bus&#xA;Selector4" SID="2235">
    <P Name="Ports">[1, 1]</P>
    <P Name="Position">[215, 166, 220, 204]</P>
    <P Name="ZOrder">1449</P>
    <P Name="ShowName">off</P>
    <P Name="OutputSignals">Omega_body</P>
    <Port>
      <P Name="PortNumber">1</P>
      <P Name="Name">&lt;Omega_body&gt;</P>
    </Port>
  </Block>
  <Block BlockType="DataTypeConversion" Name="Data Type Conversion" SID="2236">
    <P Name="Position">[1105, 220, 1145, 240]</P>
    <P Name="ZOrder">1455</P>
    <P Name="ShowName">off</P>
    <P Name="OutDataTypeStr">single</P>
    <P Name="RndMeth">Floor</P>
    <P Name="SaturateOnIntegerOverflow">off</P>
  </Block>
  <Block BlockType="Demux" Name="Demux4" SID="2237">
    <P Name="Ports">[1, 2]</P>
    <P Name="Position">[470, 166, 475, 204]</P>
    <P Name="ZOrder">1437</P>
    <P Name="ShowName">off</P>
    <P Name="Outputs">2</P>
  </Block>
  <Block BlockType="Product" Name="Divide" SID="2238">
    <P Name="Ports">[2, 1]</P>
    <P Name="Position">[920, 202, 950, 233]</P>
    <P Name="ZOrder">1460</P>
    <P Name="Inputs">*/</P>
  </Block>
  <Block BlockType="Gain" Name="Gain1" SID="2239">
    <P Name="Position">[420, 170, 450, 200]</P>
    <P Name="ZOrder">1439</P>
    <P Name="ShowName">off</P>
    <P Name="Gain">0.8*[-1,1]</P>
  </Block>
  <Block BlockType="Gain" Name="Gain2" SID="2240">
    <P Name="Position">[495, 235, 525, 265]</P>
    <P Name="ZOrder">1443</P>
    <P Name="ShowName">off</P>
    <P Name="Gain">-1</P>
  </Block>
  <Block BlockType="Mux" Name="Mux7" SID="2241">
    <P Name="Ports">[2, 1]</P>
    <P Name="Position">[650, 196, 655, 234]</P>
    <P Name="ZOrder">1441</P>
    <P Name="ShowName">off</P>
    <P Name="Inputs">2</P>
    <P Name="DisplayOption">bar</P>
  </Block>
  <Block BlockType="Mux" Name="Mux8" SID="2242">
    <P Name="Ports">[2, 1]</P>
    <P Name="Position">[1000, 208, 1005, 252]</P>
    <P Name="ZOrder">1446</P>
    <P Name="ShowName">off</P>
    <P Name="Inputs">2</P>
    <P Name="DisplayOption">bar</P>
  </Block>
  <Block BlockType="S-Function" Name="On-Board Camera" SID="2243">
    <P Name="Ports">[0, 1]</P>
    <P Name="Position">[200, 370, 285, 420]</P>
    <P Name="ZOrder">1457</P>
    <P Name="InstantiateOnLoad">on</P>
    <P Name="CopyFcn">vrmfunc(&apos;FnCopy&apos;, gcbh);</P>
    <P Name="DeleteFcn">vrmfunc(&apos;FnDelete&apos;, gcbh);</P>
    <P Name="LoadFcn">vrmfunc(&apos;FnLoad&apos;, gcbh);</P>
    <P Name="PreSaveFcn">vrmfunc(&apos;FnPreSave&apos;, gcbh);</P>
    <P Name="InitFcn">
</P>
    <P Name="StartFcn">vrmfunc(&apos;FnSimStatus&apos;, gcbh, &apos;running&apos;)</P>
    <P Name="PauseFcn">vrmfunc(&apos;FnSimStatus&apos;, gcbh, &apos;paused&apos;);</P>
    <P Name="ContinueFcn">vrmfunc(&apos;FnSimStatus&apos;, gcbh, &apos;running&apos;);</P>
    <P Name="StopFcn">vrmfunc(&apos;FnStop&apos;, gcbh)</P>
    <P Name="DestroyFcn">vrmfunc(&apos;FnDestroy&apos;, gcbh);</P>
    <P Name="OpenFcn">vrmfunc(&apos;FnOpen&apos;, gcbh);</P>
    <P Name="CloseFcn">vrmfunc(&apos;FnClose&apos;, gcbh);</P>
    <P Name="FunctionName">vrsfunc</P>
    <P Name="Parameters">SampleTime, VideoDimensions, false</P>
    <P Name="SFunctionDeploymentMode">off</P>
    <P Name="EnableBusSupport">off</P>
    <P Name="SFcnIsStateOwnerBlock">off</P>
    <Mask SelfModifiable="on">
      <Type>Virtual Reality Sink</Type>
      <Display RunInitForIconRedraw="off">image(imread(&apos;vrblockicon.png&apos;));
</Display>
      <Description>Controls the selected fields of a virtual world according to given inputs.
</Description>
      <Initialization>set_param(gcbh, &apos;MaskDisplay&apos;, vrmfunc(&apos;FnIcon&apos;));
</Initialization>
      <Help>helpview(vrmfunc(&apos;FnHelpTopic&apos;), &apos;vr_vrtovideo&apos;);
</Help>
      <MaskParameter Name="SampleTime" Type="edit" Tunable="off">
        <Prompt>Sample Time</Prompt>
        <Value>VTs</Value>
      </MaskParameter>
      <MaskParameter Name="ViewEnable" Type="checkbox" Tunable="off">
        <Prompt>View</Prompt>
        <Value>on</Value>
      </MaskParameter>
      <MaskParameter Name="RemoteChange" Type="checkbox" Tunable="off" Visible="off">
        <Prompt>Remote Change</Prompt>
        <Value>off</Value>
      </MaskParameter>
      <MaskParameter Name="RemoteView" Type="checkbox" Tunable="off">
        <Prompt>Remote View</Prompt>
        <Value>off</Value>
      </MaskParameter>
      <MaskParameter Name="FieldsWritten" Type="edit" Evaluate="off" Tunable="off">
        <Prompt>Fields Written</Prompt>
      </MaskParameter>
      <MaskParameter Name="WorldFileName" Type="edit" Evaluate="off" Tunable="off">
        <Prompt>World File Name</Prompt>
        <Value>asbQuadcopterWorld.wrl</Value>
      </MaskParameter>
      <MaskParameter Name="WorldDescription" Type="edit" Evaluate="off">
        <Prompt>World Description</Prompt>
      </MaskParameter>
      <MaskParameter Name="AutoView" Type="checkbox" Tunable="off">
        <Prompt>AutoView</Prompt>
        <Value>off</Value>
      </MaskParameter>
      <MaskParameter Name="VideoDimensions" Type="edit" Tunable="off">
        <Prompt>Video Dimensions</Prompt>
        <Value>[160 120]</Value>
      </MaskParameter>
      <MaskParameter Name="AllowVariableSize" Type="checkbox" Tunable="off">
        <Prompt>Allow Variable Size</Prompt>
        <Value>off</Value>
      </MaskParameter>
      <MaskParameter Name="FigureProperties" Type="edit" Visible="off">
        <Prompt>Figure Properties</Prompt>
        <Value>{&apos;Position&apos;, &apos;Name&apos;, &apos;Viewpoint&apos;, &apos;CameraBound&apos;, &apos;CameraDirection&apos;, &apos;CameraPosition&apos;, &apos;CameraUpVector&apos;, &apos;ZoomFactor&apos;, &apos;Antialiasing&apos;, &apos;Headlight&apos;, &apos;Lighting&apos;, &apos;NavPanel&apos;, &apos;Sound&apos;, &apos;StatusBar&apos;, &apos;Stereo3D&apos;, &apos;Stereo3DCameraOffset&apos;, &apos;Stereo3DHIT&apos;, &apos;ToolBar&apos;, &apos;Textures&apos;, &apos;Transparency&apos;, &apos;Triad&apos;, &apos;Wireframe&apos;, &apos;NavZones&apos;, &apos;NavMode&apos;, &apos;NavSpeed&apos;, &apos;CaptureFileFormat&apos;, &apos;CaptureFileName&apos;, &apos;Record2DCompressMethod&apos;, &apos;Record2DCompressQuality&apos;, &apos;Record2D&apos;, &apos;Record2DFileName&apos;, &apos;Record2DFPS&apos;; [1.7510000000000000e+03   6.0000000000000000e+01   1.2000000000000000e+02   1.6000000000000000e+02], &apos;Minidrone Flight Visualization&apos;, &apos;Quadcopter Camera&apos;, &apos;on&apos;, [0.0000000000000000e+00   0.0000000000000000e+00  -1.0000000000000000e+00], [0.0000000000000000e+00   0.0000000000000000e+00   0.0000000000000000e+00], [0.0000000000000000e+00   1.0000000000000000e+00   0.0000000000000000e+00], [1.0000000000000000e+00], &apos;off&apos;, &apos;on&apos;, &apos;on&apos;, &apos;none&apos;, &apos;on&apos;, &apos;off&apos;, &apos;off&apos;, [1.0000000149011612e-01], [0.0000000000000000e+00], &apos;off&apos;, &apos;on&apos;, &apos;on&apos;, &apos;none&apos;, &apos;off&apos;, &apos;off&apos;, &apos;fly&apos;, &apos;normal&apos;, &apos;tif&apos;, &apos;%f_anim_%n.tif&apos;, &apos;auto&apos;, [7.5000000000000000e+01], &apos;off&apos;, &apos;***video***&apos;, &apos;auto&apos;} </Value>
      </MaskParameter>
    </Mask>
  </Block>
  <Block BlockType="Product" Name="Product" SID="2244">
    <P Name="Ports">[2, 1]</P>
    <P Name="Position">[590, 167, 620, 198]</P>
    <P Name="ZOrder">1438</P>
    <P Name="ShowName">off</P>
  </Block>
  <Block BlockType="Product" Name="Product1" SID="2245">
    <P Name="Ports">[2, 1]</P>
    <P Name="Position">[590, 227, 620, 258]</P>
    <P Name="ZOrder">1440</P>
    <P Name="ShowName">off</P>
  </Block>
  <Block BlockType="SubSystem" Name="RGB to Y1UY2V1" SID="2246">
    <P Name="Ports">[1, 1]</P>
    <P Name="Position">[430, 372, 560, 418]</P>
    <P Name="ZOrder">1458</P>
    <P Name="RequestExecContextInheritance">off</P>
    <System Ref="system_2246"/>
  </Block>
  <Block BlockType="Reshape" Name="Reshape" SID="2267">
    <P Name="Ports">[1, 1]</P>
    <P Name="Position">[305, 173, 335, 197]</P>
    <P Name="ZOrder">1454</P>
    <P Name="ShowName">off</P>
  </Block>
  <Block BlockType="Reference" Name="Rotate" SID="2268">
    <P Name="Ports">[1, 1]</P>
    <P Name="Position">[315, 382, 360, 408]</P>
    <P Name="ZOrder">1459</P>
    <P Name="LibraryVersion">5.1</P>
    <P Name="SourceBlock">visiongeotforms/Rotate</P>
    <P Name="SourceType">Rotate</P>
    <P Name="SourceProductBaseCode">VP</P>
    <InstanceData>
      <P Name="MultithreadedSim">auto</P>
      <P Name="outSizeR">Expanded to fit rotated input image</P>
      <P Name="src_angle">Specify via dialog</P>
      <P Name="unit_angle">Degrees</P>
      <P Name="angle">pi/2</P>
      <P Name="maxAngle">pi</P>
      <P Name="dispImage">Top-left corner</P>
      <P Name="method">Table lookup</P>
      <P Name="fillVal">0</P>
      <P Name="interpMethod">Bilinear</P>
      <P Name="roundingMode">Nearest</P>
      <P Name="overflowMode">on</P>
      <P Name="firstCoeffMode">Same word length as input</P>
      <P Name="firstCoeffWordLength">32</P>
      <P Name="firstCoeffFracLength">10</P>
      <P Name="prodOutputMode">Binary point scaling</P>
      <P Name="prodOutputWordLength">32</P>
      <P Name="prodOutputFracLength">10</P>
      <P Name="accumMode">Same as product output</P>
      <P Name="accumWordLength">32</P>
      <P Name="accumFracLength">10</P>
      <P Name="outputMode">Same as first input</P>
      <P Name="outputWordLength">32</P>
      <P Name="outputFracLength">10</P>
      <P Name="LockScale">off</P>
    </InstanceData>
  </Block>
  <Block BlockType="Selector" Name="Select dx,dy" SID="2269">
    <P Name="Ports">[1, 1]</P>
    <P Name="Position">[765, 143, 790, 187]</P>
    <P Name="ZOrder">1445</P>
    <P Name="ShowName">off</P>
    <P Name="InputPortWidth">3</P>
    <P Name="IndexOptions">Index vector (dialog)</P>
    <P Name="Indices">[1 2]</P>
    <P Name="OutputSizes">1</P>
  </Block>
  <Block BlockType="Selector" Name="Select dx,dy1" SID="2270">
    <P Name="Ports">[1, 1]</P>
    <P Name="Position">[370, 163, 395, 207]</P>
    <P Name="ZOrder">1452</P>
    <P Name="ShowName">off</P>
    <P Name="InputPortWidth">3</P>
    <P Name="IndexOptions">Index vector (dialog)</P>
    <P Name="Indices">[1 2]</P>
    <P Name="OutputSizes">1</P>
  </Block>
  <Block BlockType="Selector" Name="Select dz" SID="2271">
    <P Name="Ports">[1, 1]</P>
    <P Name="Position">[860, 108, 885, 152]</P>
    <P Name="ZOrder">1447</P>
    <P Name="ShowName">off</P>
    <P Name="InputPortWidth">3</P>
    <P Name="IndexOptions">Index vector (dialog)</P>
    <P Name="Indices">3</P>
    <P Name="OutputSizes">1</P>
  </Block>
  <Block BlockType="Selector" Name="Select dz1" SID="2272">
    <P Name="Ports">[1, 1]</P>
    <P Name="Position">[305, 228, 330, 272]</P>
    <P Name="ZOrder">1453</P>
    <P Name="ShowName">off</P>
    <P Name="InputPortWidth">3</P>
    <P Name="IndexOptions">Index vector (dialog)</P>
    <P Name="Indices">3</P>
    <P Name="OutputSizes">1</P>
  </Block>
  <Block BlockType="Selector" Name="SwitchPlanarOpticalFlow" SID="2273">
    <P Name="Ports">[1, 1]</P>
    <P Name="Position">[710, 193, 735, 237]</P>
    <P Name="ZOrder">1442</P>
    <P Name="ShowName">off</P>
    <P Name="InputPortWidth">2</P>
    <P Name="IndexOptions">Index vector (dialog)</P>
    <P Name="Indices">[2 1]</P>
    <P Name="OutputSizes">1</P>
  </Block>
  <Block BlockType="Gain" Name="VelocityToOpticalFlow_Gain" SID="2274">
    <P Name="Position">[1040, 215, 1070, 245]</P>
    <P Name="ZOrder">1436</P>
    <P Name="ShowName">off</P>
    <P Name="Gain">Sensors.velocityToOpticalFlowGain</P>
  </Block>
  <Block BlockType="Outport" Name="opticalFlow_datout" SID="2275">
    <P Name="Position">[1190, 223, 1220, 237]</P>
    <P Name="ZOrder">1451</P>
    <P Name="VectorParamsAs1DForOutWhenUnconnected">off</P>
  </Block>
  <Block BlockType="Outport" Name="image_data" SID="2276">
    <P Name="Position">[625, 388, 655, 402]</P>
    <P Name="ZOrder">1456</P>
    <P Name="Port">2</P>
    <P Name="VectorParamsAs1DForOutWhenUnconnected">off</P>
  </Block>
  <Line>
    <P Name="ZOrder">37</P>
    <P Name="Src">2231#out:1</P>
    <P Name="Points">[40, 0]</P>
    <Branch>
      <P Name="ZOrder">36</P>
      <P Name="Dst">2233#in:1</P>
    </Branch>
    <Branch>
      <P Name="ZOrder">35</P>
      <P Name="Points">[0, 55]</P>
      <Branch>
        <P Name="ZOrder">34</P>
        <P Name="Dst">2235#in:1</P>
      </Branch>
      <Branch>
        <P Name="ZOrder">33</P>
        <P Name="Points">[0, 65]</P>
        <P Name="Dst">2234#in:1</P>
      </Branch>
    </Branch>
  </Line>
  <Line>
    <P Name="ZOrder">38</P>
    <P Name="Src">2237#out:2</P>
    <P Name="Points">[77, 0; 0, 40]</P>
    <P Name="Dst">2245#in:1</P>
  </Line>
  <Line>
    <P Name="ZOrder">39</P>
    <P Name="Src">2237#out:1</P>
    <P Name="Dst">2244#in:1</P>
  </Line>
  <Line>
    <P Name="Name">&lt;V_body&gt;</P>
    <P Name="ZOrder">42</P>
    <P Name="Labels">[0, 0]</P>
    <P Name="Src">2233#out:1</P>
    <P Name="Points">[522, 0]</P>
    <Branch>
      <P Name="ZOrder">41</P>
      <P Name="Dst">2271#in:1</P>
    </Branch>
    <Branch>
      <P Name="ZOrder">40</P>
      <P Name="Points">[0, 35]</P>
      <P Name="Dst">2269#in:1</P>
    </Branch>
  </Line>
  <Line>
    <P Name="ZOrder">43</P>
    <P Name="Src">2268#out:1</P>
    <P Name="Dst">2246#in:1</P>
  </Line>
  <Line>
    <P Name="ZOrder">44</P>
    <P Name="Src">2239#out:1</P>
    <P Name="Dst">2237#in:1</P>
  </Line>
  <Line>
    <P Name="ZOrder">45</P>
    <P Name="Src">2232#out:1</P>
    <P Name="Dst">2238#in:1</P>
  </Line>
  <Line>
    <P Name="ZOrder">46</P>
    <P Name="Src">2244#out:1</P>
    <P Name="Points">[10, 0]</P>
    <P Name="Dst">2241#in:1</P>
  </Line>
  <Line>
    <P Name="ZOrder">47</P>
    <P Name="Src">2272#out:1</P>
    <P Name="Dst">2240#in:1</P>
  </Line>
  <Line>
    <P Name="ZOrder">48</P>
    <P Name="Src">2243#out:1</P>
    <P Name="Dst">2268#in:1</P>
  </Line>
  <Line>
    <P Name="ZOrder">49</P>
    <P Name="Src">2270#out:1</P>
    <P Name="Dst">2239#in:1</P>
  </Line>
  <Line>
    <P Name="ZOrder">54</P>
    <P Name="Src">2240#out:1</P>
    <P Name="Points">[21, 0]</P>
    <Branch>
      <P Name="ZOrder">53</P>
      <P Name="Points">[0, 32; 352, 0; 0, -57]</P>
      <P Name="Dst">2238#in:2</P>
    </Branch>
    <Branch>
      <P Name="ZOrder">52</P>
      <P Name="Points">[20, 0]</P>
      <Branch>
        <P Name="ZOrder">51</P>
        <P Name="Dst">2245#in:2</P>
      </Branch>
      <Branch>
        <P Name="ZOrder">50</P>
        <P Name="Points">[0, -60]</P>
        <P Name="Dst">2244#in:2</P>
      </Branch>
    </Branch>
  </Line>
  <Line>
    <P Name="ZOrder">55</P>
    <P Name="Src">2267#out:1</P>
    <P Name="Dst">2270#in:1</P>
  </Line>
  <Line>
    <P Name="ZOrder">56</P>
    <P Name="Src">2238#out:1</P>
    <P Name="Dst">2242#in:1</P>
  </Line>
  <Line>
    <P Name="ZOrder">57</P>
    <P Name="Src">2236#out:1</P>
    <P Name="Dst">2275#in:1</P>
  </Line>
  <Line>
    <P Name="ZOrder">58</P>
    <P Name="Src">2246#out:1</P>
    <P Name="Dst">2276#in:1</P>
  </Line>
  <Line>
    <P Name="ZOrder">59</P>
    <P Name="Src">2274#out:1</P>
    <P Name="Dst">2236#in:1</P>
  </Line>
  <Line>
    <P Name="ZOrder">60</P>
    <P Name="Src">2245#out:1</P>
    <P Name="Points">[10, 0]</P>
    <P Name="Dst">2241#in:2</P>
  </Line>
  <Line>
    <P Name="ZOrder">61</P>
    <P Name="Src">2241#out:1</P>
    <P Name="Dst">2273#in:1</P>
  </Line>
  <Line>
    <P Name="ZOrder">62</P>
    <P Name="Src">2242#out:1</P>
    <P Name="Dst">2274#in:1</P>
  </Line>
  <Line>
    <P Name="ZOrder">63</P>
    <P Name="Src">2269#out:1</P>
    <P Name="Points">[20, 0; 0, 35]</P>
    <P Name="Dst">2232#in:1</P>
  </Line>
  <Line>
    <P Name="Name">&lt;Omega_body&gt;</P>
    <P Name="ZOrder">64</P>
    <P Name="Labels">[0, 0]</P>
    <P Name="Src">2235#out:1</P>
    <P Name="Dst">2267#in:1</P>
  </Line>
  <Line>
    <P Name="ZOrder">65</P>
    <P Name="Src">2271#out:1</P>
    <P Name="Points">[85, 0; 0, 110]</P>
    <P Name="Dst">2242#in:2</P>
  </Line>
  <Line>
    <P Name="Name">&lt;X_ned&gt;</P>
    <P Name="ZOrder">66</P>
    <P Name="Labels">[0, 0]</P>
    <P Name="Src">2234#out:1</P>
    <P Name="Dst">2272#in:1</P>
  </Line>
  <Line>
    <P Name="ZOrder">67</P>
    <P Name="Src">2273#out:1</P>
    <P Name="Dst">2232#in:2</P>
  </Line>
  <Annotation SID="2277">
    <P Name="Name">This is a crude simulation of &quot;optical flow&quot; (vx,vy,vz) as 
fed into the c-function rsedu_optical_flow() on the Rolling Spider
by internal, inaccessible code of Parrot&apos;s firmware.
This is assumed to be far from what &quot;optical flow (vx,vy,vz)&quot; actually is!</P>
    <P Name="Position">[262, 16, 574, 66]</P>
    <P Name="InternalMargins">[0, 0, 0, 0]</P>
    <P Name="HorizontalAlignment">left</P>
    <P Name="VerticalAlignment">top</P>
    <P Name="ZOrder">-1</P>
  </Annotation>
</System>
