<?xml version="1.0" encoding="utf-8"?>
<System>
  <P Name="Location">[-8, -8, 1928, 1047]</P>
  <P Name="SystemRect">[0.000000, 0.000000, 0.000000, 0.000000]</P>
  <P Name="SetExecutionDomain">off</P>
  <P Name="ExecutionDomainType">Deduce</P>
  <P Name="ZoomFactor">188</P>
  <P Name="SimulinkSubDomain">Simulink</P>
  <Block BlockType="SubSystem" Name="Data" SID="564">
    <P Name="Ports">[0, 1]</P>
    <P Name="Position">[225, 264, 325, 306]</P>
    <P Name="ZOrder">10</P>
    <P Name="RequestExecContextInheritance">off</P>
    <P Name="VariantControl">VSS_COMMAND_PRESAVED</P>
    <System Ref="system_564"/>
  </Block>
  <Block BlockType="SubSystem" Name="Joystick" SID="585">
    <P Name="Ports">[0, 1]</P>
    <P Name="Position">[225, 179, 325, 221]</P>
    <P Name="ZOrder">9</P>
    <P Name="BackgroundColor">[1.000000, 0.694118, 0.392157]</P>
    <P Name="RequestExecContextInheritance">off</P>
    <P Name="VariantControl">VSS_COMMAND_JOYSTICK</P>
    <System Ref="system_585"/>
  </Block>
  <Block BlockType="SubSystem" Name="Signal Builder1" SID="2325">
    <P Name="Ports">[0, 1]</P>
    <P Name="Position">[225, 94, 325, 136]</P>
    <P Name="ZOrder">12</P>
    <P Name="RequestExecContextInheritance">off</P>
    <P Name="VariantControl">VSS_COMMAND_SIGBLDR</P>
    <System Ref="system_2325"/>
  </Block>
  <Block BlockType="SubSystem" Name="Spreadsheet Data" SID="626">
    <P Name="Ports">[0, 1]</P>
    <P Name="Position">[225, 349, 325, 391]</P>
    <P Name="ZOrder">11</P>
    <P Name="RequestExecContextInheritance">off</P>
    <P Name="VariantControl">VSS_COMMAND_SPREADSHEET</P>
    <System Ref="system_626"/>
  </Block>
  <Block BlockType="Outport" Name="AC Cmd" SID="646">
    <P Name="Position">[460, 233, 490, 247]</P>
    <P Name="ZOrder">-2</P>
    <P Name="OutDataTypeStr">Bus: CommandBus</P>
    <P Name="VectorParamsAs1DForOutWhenUnconnected">off</P>
  </Block>
  <Annotation SID="1105">
    <P Name="Name">VSS_COMMAND = 0 will select Signal Builder
VSS_COMMAND =1 will select Joystick + Signal Builder
VSS_COMMAND = 2 will select pre-saved data from .mat file
VSS_COMMAND = 3 will select pre-saved data from a spreadsheet</P>
    <P Name="Position">[124, 22, 426, 74]</P>
    <P Name="InternalMargins">[1, 1, 1, 1]</P>
    <P Name="HorizontalAlignment">left</P>
    <P Name="DropShadow">on</P>
    <P Name="ZOrder">-3</P>
  </Annotation>
</System>
