<?xml version="1.0" encoding="utf-8"?>
<System>
  <P Name="Location">[-7, -7, 1543, 831]</P>
  <P Name="SystemRect">[0.000000, 0.000000, 0.000000, 0.000000]</P>
  <P Name="SetExecutionDomain">off</P>
  <P Name="ExecutionDomainType">Deduce</P>
  <P Name="SimulinkSubDomain">Simulink</P>
  <Block BlockType="Constant" Name=" " SID="2326">
    <P Name="Position">[355, 330, 410, 350]</P>
    <P Name="ZOrder">1319</P>
    <P Name="DeleteFcn">clear sim_model stop_time_str stop_time </P>
    <P Name="InitFcn">sim_model = split(gcs,&quot;/&quot;);
stop_time_str = get_param(sim_model{1},&apos;stopTime&apos;);
stop_time = evalin(&apos;base&apos;, stop_time_str);</P>
    <P Name="Value">stop_time</P>
  </Block>
  <Block BlockType="BusCreator" Name="Bus&#xA;Creator" SID="2327">
    <P Name="Ports">[7, 1]</P>
    <P Name="Position">[650, 96, 655, 364]</P>
    <P Name="ZOrder">2</P>
    <P Name="ShowName">off</P>
    <P Name="Inputs">7</P>
    <P Name="DisplayOption">bar</P>
    <P Name="OutDataTypeStr">Bus: CommandBus</P>
    <P Name="NonVirtualBus">on</P>
    <P Name="InheritFromInputs">on</P>
  </Block>
  <Block BlockType="Clock" Name="Clock" SID="2328">
    <P Name="Position">[420, 180, 440, 200]</P>
    <P Name="ZOrder">1314</P>
  </Block>
  <Block BlockType="Reference" Name="Compare&#xA;To Constant" SID="2329">
    <P Name="Ports">[1, 1]</P>
    <P Name="Position">[455, 177, 545, 203]</P>
    <P Name="ZOrder">1315</P>
    <P Name="ShowName">off</P>
    <P Name="LibraryVersion">1.488</P>
    <P Name="SourceBlock">simulink/Logic and Bit
Operations/Compare
To Constant</P>
    <P Name="SourceType">Compare To Constant</P>
    <P Name="SourceProductBaseCode">SL</P>
    <InstanceData>
      <P Name="RTWMemSecFuncInitTerm">Inherit from model</P>
      <P Name="RTWMemSecFuncExecute">Inherit from model</P>
      <P Name="RTWMemSecDataConstants">Inherit from model</P>
      <P Name="RTWMemSecDataInternal">Inherit from model</P>
      <P Name="RTWMemSecDataParameters">Inherit from model</P>
      <P Name="ContentPreviewEnabled">off</P>
      <P Name="relop">&lt;</P>
      <P Name="const">takeOffDuration</P>
      <P Name="OutDataTypeStr">boolean</P>
      <P Name="ZeroCross">on</P>
    </InstanceData>
  </Block>
  <Block BlockType="Reference" Name="Compare&#xA;To Zero" SID="2330">
    <P Name="Ports">[1, 1]</P>
    <P Name="Position">[195, 92, 225, 108]</P>
    <P Name="ZOrder">1304</P>
    <P Name="ShowName">off</P>
    <P Name="LibraryVersion">1.488</P>
    <P Name="SourceBlock">simulink/Logic and Bit
Operations/Compare
To Zero</P>
    <P Name="SourceType">Compare To Zero</P>
    <P Name="SourceProductBaseCode">SL</P>
    <InstanceData>
      <P Name="RTWMemSecFuncInitTerm">Inherit from model</P>
      <P Name="RTWMemSecFuncExecute">Inherit from model</P>
      <P Name="RTWMemSecDataConstants">Inherit from model</P>
      <P Name="RTWMemSecDataInternal">Inherit from model</P>
      <P Name="RTWMemSecDataParameters">Inherit from model</P>
      <P Name="ContentPreviewEnabled">off</P>
      <P Name="relop">==</P>
      <P Name="OutDataTypeStr">boolean</P>
      <P Name="ZeroCross">on</P>
    </InstanceData>
  </Block>
  <Block BlockType="Reference" Name="Compare&#xA;To Zero1" SID="2331">
    <P Name="Ports">[1, 1]</P>
    <P Name="Position">[195, 107, 225, 123]</P>
    <P Name="ZOrder">1306</P>
    <P Name="ShowName">off</P>
    <P Name="LibraryVersion">1.488</P>
    <P Name="SourceBlock">simulink/Logic and Bit
Operations/Compare
To Zero</P>
    <P Name="SourceType">Compare To Zero</P>
    <P Name="SourceProductBaseCode">SL</P>
    <InstanceData>
      <P Name="RTWMemSecFuncInitTerm">Inherit from model</P>
      <P Name="RTWMemSecFuncExecute">Inherit from model</P>
      <P Name="RTWMemSecDataConstants">Inherit from model</P>
      <P Name="RTWMemSecDataInternal">Inherit from model</P>
      <P Name="RTWMemSecDataParameters">Inherit from model</P>
      <P Name="ContentPreviewEnabled">off</P>
      <P Name="relop">==</P>
      <P Name="OutDataTypeStr">boolean</P>
      <P Name="ZeroCross">on</P>
    </InstanceData>
  </Block>
  <Block BlockType="Constant" Name="Constant" SID="2332">
    <P Name="Position">[525, 295, 555, 325]</P>
    <P Name="ZOrder">1318</P>
    <P Name="Value">0</P>
    <P Name="OutDataTypeStr">boolean</P>
    <Port>
      <P Name="PortNumber">1</P>
      <P Name="Name">land_drone</P>
    </Port>
  </Block>
  <Block BlockType="Clock" Name="Current_time" SID="2333">
    <P Name="Position">[375, 380, 395, 400]</P>
    <P Name="ZOrder">1320</P>
  </Block>
  <Block BlockType="DataTypeConversion" Name="Data Type Conversion1" SID="2334">
    <P Name="Position">[475, 138, 530, 162]</P>
    <P Name="ZOrder">1312</P>
    <P Name="ShowName">off</P>
    <P Name="OutDataTypeStr">single</P>
    <P Name="RndMeth">Floor</P>
    <P Name="SaturateOnIntegerOverflow">off</P>
  </Block>
  <Block BlockType="DataTypeConversion" Name="Data Type Conversion3" SID="2335">
    <P Name="Position">[290, 183, 345, 207]</P>
    <P Name="ZOrder">1302</P>
    <P Name="ShowName">off</P>
    <P Name="OutDataTypeStr">single</P>
    <P Name="RndMeth">Floor</P>
    <P Name="SaturateOnIntegerOverflow">off</P>
  </Block>
  <Block BlockType="Reference" Name="Live Time &#xA;Ticks" SID="2336">
    <P Name="Ports">[0, 1]</P>
    <P Name="Position">[420, 255, 450, 285]</P>
    <P Name="ZOrder">1317</P>
    <P Name="LibraryVersion">1.488</P>
    <P Name="SourceBlock">simulink/Sources/Counter
Free-Running</P>
    <P Name="SourceType">Counter Free-Running</P>
    <P Name="SourceProductBaseCode">SL</P>
    <InstanceData>
      <P Name="RTWMemSecFuncInitTerm">Inherit from model</P>
      <P Name="RTWMemSecFuncExecute">Inherit from model</P>
      <P Name="RTWMemSecDataConstants">Inherit from model</P>
      <P Name="RTWMemSecDataInternal">Inherit from model</P>
      <P Name="RTWMemSecDataParameters">Inherit from model</P>
      <P Name="ContentPreviewEnabled">off</P>
      <P Name="NumBits">32</P>
      <P Name="tsamp">Ts</P>
    </InstanceData>
    <Port>
      <P Name="PortNumber">1</P>
      <P Name="Name">live_time_ticks</P>
    </Port>
  </Block>
  <Block BlockType="Logic" Name="Logical&#xA;Operator" SID="2337">
    <P Name="Ports">[2, 1]</P>
    <P Name="Position">[240, 92, 270, 123]</P>
    <P Name="ZOrder">1305</P>
    <P Name="ShowName">off</P>
    <P Name="AllPortsSameDT">off</P>
    <P Name="OutDataTypeStr">boolean</P>
  </Block>
  <Block BlockType="Mux" Name="Mux" SID="2338">
    <P Name="Ports">[3, 1]</P>
    <P Name="Position">[250, 172, 255, 218]</P>
    <P Name="ZOrder">3</P>
    <P Name="ShowName">off</P>
    <P Name="Inputs">3</P>
    <P Name="DisplayOption">bar</P>
  </Block>
  <Block BlockType="Mux" Name="Mux1" SID="2339">
    <P Name="Ports">[3, 1]</P>
    <P Name="Position">[370, 125, 375, 175]</P>
    <P Name="ZOrder">1309</P>
    <P Name="ShowName">off</P>
    <P Name="Inputs">3</P>
    <P Name="DisplayOption">bar</P>
  </Block>
  <Block BlockType="SubSystem" Name="Position/Attitude Reference" SID="2340">
    <P Name="Tag">STV Subsys</P>
    <P Name="Ports">[0, 6]</P>
    <P Name="Position">[20, 123, 110, 222]</P>
    <P Name="ZOrder">1</P>
    <P Name="CopyFcn">sigbuilder_block(&apos;copy&apos;);</P>
    <P Name="DeleteFcn">sigbuilder_block(&apos;delete&apos;);</P>
    <P Name="LoadFcn">sigbuilder_block(&apos;load&apos;);</P>
    <P Name="ModelCloseFcn">sigbuilder_block(&apos;modelClose&apos;);</P>
    <P Name="PreSaveFcn">sigbuilder_block(&apos;preSave&apos;);</P>
    <P Name="StartFcn">sigbuilder_block(&apos;start&apos;);</P>
    <P Name="PauseFcn">sigbuilder_block(&apos;pause&apos;);</P>
    <P Name="ContinueFcn">sigbuilder_block(&apos;continue&apos;);</P>
    <P Name="StopFcn">sigbuilder_block(&apos;stop&apos;);</P>
    <P Name="NameChangeFcn">sigbuilder_block(&apos;namechange&apos;);</P>
    <P Name="ClipboardFcn">sigbuilder_block(&apos;clipboard&apos;);</P>
    <P Name="OpenFcn">sigbuilder_block(&apos;open&apos;,[462.052 82.6435 556.591 422.609 ]);</P>
    <P Name="CloseFcn">sigbuilder_block(&apos;close&apos;);</P>
    <P Name="RequestExecContextInheritance">off</P>
    <P Name="MaskHideContents">on</P>
    <Mask SelfModifiable="on">
      <Type>Sigbuilder block</Type>
      <Display IconOpaque="transparent" IconRotate="port">plot(0, 0, 100, 100,[2, 2, 32, 32, 2], [68, 8, 8, 68, 68],[32, 2], [38, 38], [32, 19, 2],[53, 60, 44], [32, 17, 17, 2],[16, 16, 31, 31]);txt = getActiveGroup(gcbh);text(2, 100, txt,&apos;verticalAlignment&apos;, &apos;top&apos;);</Display>
      <Description>Simulink:masks:SigbuilderBlock_MD</Description>
      <Initialization>if ~strcmp(get_param(bdroot(gcbh),&apos;SimulationStatus&apos;),&apos;stopped&apos;) tuvar = sigbuilder_block(&apos;maskInit&apos;); end</Initialization>
      <Capabilities>slmaskedcaps(gcbh)</Capabilities>
      <MaskParameter Name="tuvar" Type="edit" Visible="off">
        <Value>[0:10]</Value>
      </MaskParameter>
    </Mask>
    <Port>
      <P Name="PortNumber">4</P>
      <P Name="Name">yaw_cmd</P>
    </Port>
    <Port>
      <P Name="PortNumber">5</P>
      <P Name="Name">pitch_cmd</P>
    </Port>
    <Port>
      <P Name="PortNumber">6</P>
      <P Name="Name">roll_cmd</P>
    </Port>
    <System Ref="system_2340"/>
  </Block>
  <Block BlockType="RateTransition" Name="Rate Transition1" SID="2341">
    <P Name="Position">[420, 221, 445, 239]</P>
    <P Name="ZOrder">1307</P>
    <P Name="ShowName">off</P>
    <P Name="OutPortSampleTime">Ts</P>
    <Port>
      <P Name="PortNumber">1</P>
      <P Name="Name">orient_ref</P>
    </Port>
  </Block>
  <Block BlockType="RateTransition" Name="Rate Transition2" SID="2342">
    <P Name="Position">[555, 141, 580, 159]</P>
    <P Name="ZOrder">1313</P>
    <P Name="ShowName">off</P>
    <P Name="OutPortSampleTime">Ts</P>
    <Port>
      <P Name="PortNumber">1</P>
      <P Name="Name">pos_ref</P>
    </Port>
  </Block>
  <Block BlockType="RateTransition" Name="Rate Transition3" SID="2343">
    <P Name="Position">[565, 181, 590, 199]</P>
    <P Name="ZOrder">1316</P>
    <P Name="ShowName">off</P>
    <P Name="OutPortSampleTime">Ts</P>
    <Port>
      <P Name="PortNumber">1</P>
      <P Name="Name">takeoff_flag</P>
    </Port>
  </Block>
  <Block BlockType="RateTransition" Name="Rate Transition4" SID="2344">
    <P Name="Position">[360, 101, 385, 119]</P>
    <P Name="ZOrder">1303</P>
    <P Name="ShowName">off</P>
    <P Name="OutPortSampleTime">Ts</P>
    <Port>
      <P Name="PortNumber">1</P>
      <P Name="Name">controlModePosVSOrient</P>
    </Port>
  </Block>
  <Block BlockType="Sum" Name="Subtract" SID="2345">
    <P Name="Ports">[2, 1]</P>
    <P Name="Position">[465, 332, 495, 363]</P>
    <P Name="ZOrder">1321</P>
    <P Name="IconShape">rectangular</P>
    <P Name="Inputs">+-</P>
    <Port>
      <P Name="PortNumber">1</P>
      <P Name="Name">time_remaining</P>
    </Port>
  </Block>
  <Block BlockType="Outport" Name="AC Cmd" SID="2346">
    <P Name="Position">[695, 223, 725, 237]</P>
    <P Name="ZOrder">-2</P>
    <P Name="OutDataTypeStr">Bus: CommandBus</P>
    <P Name="VectorParamsAs1DForOutWhenUnconnected">off</P>
  </Block>
  <Line>
    <P Name="ZOrder">1</P>
    <P Name="Src">2327#out:1</P>
    <P Name="Dst">2346#in:1</P>
  </Line>
  <Line>
    <P Name="Name">roll_cmd</P>
    <P Name="ZOrder">2</P>
    <P Name="Src">2340#out:6</P>
    <P Name="Points">[35, 0]</P>
    <Branch>
      <P Name="ZOrder">3</P>
      <P Name="Points">[0, 43; -166, 0; 0, -153]</P>
      <P Name="Dst">2330#in:1</P>
    </Branch>
    <Branch>
      <P Name="ZOrder">4</P>
      <P Name="Labels">[-1, 1]</P>
      <P Name="Dst">2338#in:3</P>
    </Branch>
  </Line>
  <Line>
    <P Name="Name">pitch_cmd</P>
    <P Name="ZOrder">5</P>
    <P Name="Src">2340#out:5</P>
    <P Name="Points">[19, 0]</P>
    <Branch>
      <P Name="ZOrder">6</P>
      <P Name="Labels">[-1, 0]</P>
      <P Name="Dst">2338#in:2</P>
    </Branch>
    <Branch>
      <P Name="ZOrder">7</P>
      <P Name="Points">[0, 51; -137, 0; 0, -137; 123, 0; 0, 6]</P>
      <P Name="Dst">2331#in:1</P>
    </Branch>
  </Line>
  <Line>
    <P Name="Name">yaw_cmd</P>
    <P Name="ZOrder">8</P>
    <P Name="Labels">[1, 1]</P>
    <P Name="Src">2340#out:4</P>
    <P Name="Dst">2338#in:1</P>
  </Line>
  <Line>
    <P Name="ZOrder">9</P>
    <P Name="Src">2338#out:1</P>
    <P Name="Dst">2335#in:1</P>
  </Line>
  <Line>
    <P Name="ZOrder">10</P>
    <P Name="Src">2335#out:1</P>
    <P Name="Points">[33, 0; 0, 35]</P>
    <P Name="Dst">2341#in:1</P>
  </Line>
  <Line>
    <P Name="Name">orient_ref</P>
    <P Name="ZOrder">11</P>
    <P Name="Labels">[0, 0]</P>
    <P Name="Src">2341#out:1</P>
    <P Name="Dst">2327#in:4</P>
  </Line>
  <Line>
    <P Name="ZOrder">12</P>
    <P Name="Src">2330#out:1</P>
    <P Name="Dst">2337#in:1</P>
  </Line>
  <Line>
    <P Name="ZOrder">13</P>
    <P Name="Src">2331#out:1</P>
    <P Name="Dst">2337#in:2</P>
  </Line>
  <Line>
    <P Name="ZOrder">14</P>
    <P Name="Src">2337#out:1</P>
    <P Name="Dst">2344#in:1</P>
  </Line>
  <Line>
    <P Name="Name">controlModePosVSOrient</P>
    <P Name="ZOrder">15</P>
    <P Name="Labels">[0, 0]</P>
    <P Name="Src">2344#out:1</P>
    <P Name="Dst">2327#in:1</P>
  </Line>
  <Line>
    <P Name="ZOrder">16</P>
    <P Name="Src">2340#out:1</P>
    <P Name="Dst">2339#in:1</P>
  </Line>
  <Line>
    <P Name="ZOrder">17</P>
    <P Name="Src">2340#out:2</P>
    <P Name="Dst">2339#in:2</P>
  </Line>
  <Line>
    <P Name="ZOrder">18</P>
    <P Name="Src">2340#out:3</P>
    <P Name="Dst">2339#in:3</P>
  </Line>
  <Line>
    <P Name="ZOrder">19</P>
    <P Name="Src">2339#out:1</P>
    <P Name="Dst">2334#in:1</P>
  </Line>
  <Line>
    <P Name="ZOrder">20</P>
    <P Name="Src">2334#out:1</P>
    <P Name="Dst">2342#in:1</P>
  </Line>
  <Line>
    <P Name="Name">pos_ref</P>
    <P Name="ZOrder">21</P>
    <P Name="Labels">[0, 0]</P>
    <P Name="Src">2342#out:1</P>
    <P Name="Dst">2327#in:2</P>
  </Line>
  <Line>
    <P Name="ZOrder">22</P>
    <P Name="Src">2328#out:1</P>
    <P Name="Dst">2329#in:1</P>
  </Line>
  <Line>
    <P Name="ZOrder">23</P>
    <P Name="Src">2329#out:1</P>
    <P Name="Dst">2343#in:1</P>
  </Line>
  <Line>
    <P Name="Name">takeoff_flag</P>
    <P Name="ZOrder">24</P>
    <P Name="Labels">[0, 0]</P>
    <P Name="Src">2343#out:1</P>
    <P Name="Dst">2327#in:3</P>
  </Line>
  <Line>
    <P Name="Name">live_time_ticks</P>
    <P Name="ZOrder">25</P>
    <P Name="Labels">[0, 0]</P>
    <P Name="Src">2336#out:1</P>
    <P Name="Dst">2327#in:5</P>
  </Line>
  <Line>
    <P Name="Name">land_drone</P>
    <P Name="ZOrder">26</P>
    <P Name="Labels">[0, 0]</P>
    <P Name="Src">2332#out:1</P>
    <P Name="Dst">2327#in:6</P>
  </Line>
  <Line>
    <P Name="Name">time_remaining</P>
    <P Name="ZOrder">27</P>
    <P Name="Labels">[0, 1]</P>
    <P Name="Src">2345#out:1</P>
    <P Name="Dst">2327#in:7</P>
  </Line>
  <Line>
    <P Name="ZOrder">28</P>
    <P Name="Src">2333#out:1</P>
    <P Name="Points">[40, 0; 0, -35]</P>
    <P Name="Dst">2345#in:2</P>
  </Line>
  <Line>
    <P Name="ZOrder">29</P>
    <P Name="Src">2326#out:1</P>
    <P Name="Dst">2345#in:1</P>
  </Line>
</System>
