<?xml version="1.0" encoding="utf-8"?>
<System>
  <P Name="Location">[-8, -8, 1928, 1047]</P>
  <P Name="SystemRect">[0.000000, 0.000000, 0.000000, 0.000000]</P>
  <P Name="SetExecutionDomain">off</P>
  <P Name="ExecutionDomainType">Deduce</P>
  <P Name="SimulinkSubDomain">Simulink</P>
  <Block BlockType="Inport" Name="Actuators" SID="2419">
    <P Name="Position">[35, 393, 65, 407]</P>
    <P Name="ZOrder">37</P>
  </Block>
  <Block BlockType="Inport" Name="States" SID="2420">
    <P Name="Position">[35, 193, 65, 207]</P>
    <P Name="ZOrder">19</P>
    <P Name="Port">2</P>
  </Block>
  <Block BlockType="Reference" Name="Altitude [ft]" SID="2421">
    <P Name="Ports">[1, 1]</P>
    <P Name="Position">[285, 87, 310, 103]</P>
    <P Name="ZOrder">18</P>
    <P Name="LibraryVersion">4.0</P>
    <P Name="SourceBlock">aerolibconvert2/Length Conversion</P>
    <P Name="SourceType">Length Conversion</P>
    <P Name="SourceProductBaseCode">AE</P>
    <InstanceData>
      <P Name="RTWMemSecFuncInitTerm">Inherit from model</P>
      <P Name="RTWMemSecFuncExecute">Inherit from model</P>
      <P Name="RTWMemSecDataConstants">Inherit from model</P>
      <P Name="RTWMemSecDataInternal">Inherit from model</P>
      <P Name="RTWMemSecDataParameters">Inherit from model</P>
      <P Name="ContentPreviewEnabled">off</P>
      <P Name="IU">m</P>
      <P Name="OU">ft</P>
    </InstanceData>
    <Port>
      <P Name="PortNumber">1</P>
      <P Name="DataLogging">on</P>
    </Port>
  </Block>
  <Block BlockType="Selector" Name="Altitude [m]" SID="2422">
    <P Name="Ports">[1, 1]</P>
    <P Name="Position">[165, 86, 210, 104]</P>
    <P Name="ZOrder">17</P>
    <P Name="InputPortWidth">3</P>
    <P Name="IndexOptions">Index vector (dialog)</P>
    <P Name="Indices">[3]</P>
    <P Name="OutputSizes">1</P>
  </Block>
  <Block BlockType="BusSelector" Name="Bus&#xA;Selector" SID="2423">
    <P Name="Ports">[1, 4]</P>
    <P Name="Position">[115, 58, 125, 342]</P>
    <P Name="ZOrder">16</P>
    <P Name="ShowName">off</P>
    <P Name="OutputSignals">LLA,Euler,V_ned,V_body</P>
    <Port>
      <P Name="PortNumber">1</P>
      <P Name="Name">&lt;LLA&gt;</P>
    </Port>
    <Port>
      <P Name="PortNumber">2</P>
      <P Name="Name">&lt;Euler&gt;</P>
    </Port>
    <Port>
      <P Name="PortNumber">3</P>
      <P Name="Name">&lt;V_ned&gt;</P>
    </Port>
    <Port>
      <P Name="PortNumber">4</P>
      <P Name="Name">&lt;V_body&gt;</P>
    </Port>
  </Block>
  <Block BlockType="Bias" Name="Deg from North" SID="2424">
    <P Name="Position">[285, 187, 325, 203]</P>
    <P Name="ZOrder">45</P>
    <P Name="Bias">Vehicle.PositionOnEarth.FlatEarthToLLA.xAxis</P>
    <P Name="SaturateOnIntegerOverflow">off</P>
    <Port>
      <P Name="PortNumber">1</P>
    </Port>
  </Block>
  <Block BlockType="Demux" Name="Demux" SID="2425">
    <P Name="Ports">[1, 3]</P>
    <P Name="Position">[250, 121, 255, 209]</P>
    <P Name="ZOrder">22</P>
    <P Name="ShowName">off</P>
    <P Name="Outputs">3</P>
    <Port>
      <P Name="PortNumber">3</P>
    </Port>
  </Block>
  <Block BlockType="Demux" Name="Demux1" SID="2426">
    <P Name="Ports">[1, 4]</P>
    <P Name="Position">[320, 325, 325, 470]</P>
    <P Name="ZOrder">39</P>
    <P Name="ShowName">off</P>
    <Port>
      <P Name="PortNumber">1</P>
    </Port>
    <Port>
      <P Name="PortNumber">2</P>
    </Port>
    <Port>
      <P Name="PortNumber">3</P>
    </Port>
    <Port>
      <P Name="PortNumber">4</P>
    </Port>
  </Block>
  <Block BlockType="Display" Name="Display" SID="2427">
    <P Name="Ports">[1]</P>
    <P Name="Position">[415, 80, 505, 110]</P>
    <P Name="ZOrder">21</P>
    <P Name="ShowName">off</P>
    <P Name="Decimation">1</P>
  </Block>
  <Block BlockType="Display" Name="Display1" SID="2428">
    <P Name="Ports">[1]</P>
    <P Name="Position">[415, 130, 505, 170]</P>
    <P Name="ZOrder">25</P>
    <P Name="ShowName">off</P>
    <P Name="Decimation">1</P>
  </Block>
  <Block BlockType="Display" Name="Display2" SID="2429">
    <P Name="Ports">[1]</P>
    <P Name="Position">[415, 180, 505, 210]</P>
    <P Name="ZOrder">26</P>
    <P Name="ShowName">off</P>
    <P Name="Decimation">1</P>
  </Block>
  <Block BlockType="Display" Name="Display3" SID="2430">
    <P Name="Ports">[1]</P>
    <P Name="Position">[415, 220, 505, 250]</P>
    <P Name="ZOrder">30</P>
    <P Name="ShowName">off</P>
    <P Name="Decimation">1</P>
  </Block>
  <Block BlockType="Display" Name="Display4" SID="2431">
    <P Name="Ports">[1]</P>
    <P Name="Position">[415, 290, 505, 320]</P>
    <P Name="ZOrder">36</P>
    <P Name="ShowName">off</P>
    <P Name="Decimation">1</P>
  </Block>
  <Block BlockType="Display" Name="Display5" SID="2432">
    <P Name="Ports">[1]</P>
    <P Name="Position">[415, 330, 505, 360]</P>
    <P Name="ZOrder">41</P>
    <P Name="ShowName">off</P>
    <P Name="Decimation">1</P>
  </Block>
  <Block BlockType="Display" Name="Display6" SID="2433">
    <P Name="Ports">[1]</P>
    <P Name="Position">[415, 365, 505, 395]</P>
    <P Name="ZOrder">42</P>
    <P Name="ShowName">off</P>
    <P Name="Decimation">1</P>
  </Block>
  <Block BlockType="Display" Name="Display7" SID="2434">
    <P Name="Ports">[1]</P>
    <P Name="Position">[415, 400, 505, 430]</P>
    <P Name="ZOrder">43</P>
    <P Name="ShowName">off</P>
    <P Name="Decimation">1</P>
  </Block>
  <Block BlockType="Display" Name="Display8" SID="2435">
    <P Name="Ports">[1]</P>
    <P Name="Position">[415, 435, 505, 465]</P>
    <P Name="ZOrder">44</P>
    <P Name="ShowName">off</P>
    <P Name="Decimation">1</P>
  </Block>
  <Block BlockType="Reference" Name="Euler [deg]" SID="2436">
    <P Name="Ports">[1, 1]</P>
    <P Name="Position">[170, 155, 210, 175]</P>
    <P Name="ZOrder">23</P>
    <P Name="LibraryVersion">4.0</P>
    <P Name="SourceBlock">aerolibconvert2/Angle Conversion</P>
    <P Name="SourceType">Angle Conversion</P>
    <P Name="SourceProductBaseCode">AE</P>
    <InstanceData>
      <P Name="RTWMemSecFuncInitTerm">Inherit from model</P>
      <P Name="RTWMemSecFuncExecute">Inherit from model</P>
      <P Name="RTWMemSecDataConstants">Inherit from model</P>
      <P Name="RTWMemSecDataInternal">Inherit from model</P>
      <P Name="RTWMemSecDataParameters">Inherit from model</P>
      <P Name="ContentPreviewEnabled">off</P>
      <P Name="IU">rad</P>
      <P Name="OU">deg</P>
    </InstanceData>
  </Block>
  <Block BlockType="Reference" Name="Floor contact" SID="2437">
    <P Name="Description">init.posLLA(3) &lt;= u</P>
    <P Name="Ports">[1]</P>
    <P Name="Position">[430, 12, 490, 58]</P>
    <P Name="ZOrder">47</P>
    <P Name="Commented">on</P>
    <P Name="LibraryVersion">1.488</P>
    <P Name="SourceBlock">simulink/Model
Verification/Check Static 
Lower Bound</P>
    <P Name="SourceType">Checks_SMin</P>
    <P Name="SourceProductBaseCode">SL</P>
    <InstanceData>
      <P Name="RTWMemSecFuncInitTerm">Inherit from model</P>
      <P Name="RTWMemSecFuncExecute">Inherit from model</P>
      <P Name="RTWMemSecDataConstants">Inherit from model</P>
      <P Name="RTWMemSecDataInternal">Inherit from model</P>
      <P Name="RTWMemSecDataParameters">Inherit from model</P>
      <P Name="ContentPreviewEnabled">on</P>
      <P Name="min">init.posLLA(3)</P>
      <P Name="min_included">on</P>
      <P Name="enabled">on</P>
      <P Name="stopWhenAssertionFail">on</P>
      <P Name="export">off</P>
      <P Name="icon">graphic</P>
    </InstanceData>
  </Block>
  <Block BlockType="Gain" Name="Gain" SID="2438">
    <P Name="Position">[325, 220, 385, 250]</P>
    <P Name="ZOrder">29</P>
    <P Name="ShowName">off</P>
    <P Name="Gain">-1/1000</P>
    <Port>
      <P Name="PortNumber">1</P>
    </Port>
  </Block>
  <Block BlockType="Gain" Name="Gain1" SID="2439">
    <P Name="Position">[245, 385, 305, 415]</P>
    <P Name="ZOrder">38</P>
    <P Name="ShowName">off</P>
    <P Name="Gain">100/Vehicle.Motor.maxLimit*[1 -1 1 -1]</P>
  </Block>
  <Block BlockType="Math" Name="Math&#xA;Function" SID="2440">
    <P Name="Ports">[1, 1]</P>
    <P Name="Position">[180, 290, 210, 320]</P>
    <P Name="ZOrder">32</P>
    <P Name="ShowName">off</P>
    <P Name="Operator">square</P>
    <P Name="SignedPower">on</P>
  </Block>
  <Block BlockType="Mux" Name="Mux" SID="2441">
    <P Name="Ports">[2, 1]</P>
    <P Name="Position">[285, 120, 290, 180]</P>
    <P Name="ZOrder">24</P>
    <P Name="ShowName">off</P>
    <P Name="Inputs">2</P>
    <P Name="DisplayOption">bar</P>
    <Port>
      <P Name="PortNumber">1</P>
    </Port>
  </Block>
  <Block BlockType="Sqrt" Name="Sqrt" SID="2442">
    <P Name="Position">[280, 290, 310, 320]</P>
    <P Name="ZOrder">34</P>
    <P Name="ShowName">off</P>
  </Block>
  <Block BlockType="Sum" Name="Sum of&#xA;Elements" SID="2443">
    <P Name="Ports">[1, 1]</P>
    <P Name="Position">[225, 290, 255, 320]</P>
    <P Name="ZOrder">33</P>
    <P Name="ShowName">off</P>
    <P Name="IconShape">rectangular</P>
    <P Name="Inputs">+</P>
  </Block>
  <Block BlockType="Reference" Name="V" SID="2444">
    <P Name="Ports">[1, 1]</P>
    <P Name="Position">[335, 296, 375, 314]</P>
    <P Name="ZOrder">35</P>
    <P Name="LibraryVersion">4.0</P>
    <P Name="SourceBlock">aerolibconvert2/Velocity Conversion</P>
    <P Name="SourceType">Velocity Conversion</P>
    <P Name="SourceProductBaseCode">AE</P>
    <InstanceData>
      <P Name="RTWMemSecFuncInitTerm">Inherit from model</P>
      <P Name="RTWMemSecFuncExecute">Inherit from model</P>
      <P Name="RTWMemSecDataConstants">Inherit from model</P>
      <P Name="RTWMemSecDataInternal">Inherit from model</P>
      <P Name="RTWMemSecDataParameters">Inherit from model</P>
      <P Name="ContentPreviewEnabled">off</P>
      <P Name="IU">m/s</P>
      <P Name="OU">kts</P>
    </InstanceData>
    <Port>
      <P Name="PortNumber">1</P>
      <P Name="DataLogging">on</P>
    </Port>
  </Block>
  <Block BlockType="Reference" Name="Vd [ft/min]" SID="2445">
    <P Name="Ports">[1, 1]</P>
    <P Name="Position">[240, 222, 290, 248]</P>
    <P Name="ZOrder">28</P>
    <P Name="LibraryVersion">4.0</P>
    <P Name="SourceBlock">aerolibconvert2/Velocity Conversion</P>
    <P Name="SourceType">Velocity Conversion</P>
    <P Name="SourceProductBaseCode">AE</P>
    <InstanceData>
      <P Name="RTWMemSecFuncInitTerm">Inherit from model</P>
      <P Name="RTWMemSecFuncExecute">Inherit from model</P>
      <P Name="RTWMemSecDataConstants">Inherit from model</P>
      <P Name="RTWMemSecDataInternal">Inherit from model</P>
      <P Name="RTWMemSecDataParameters">Inherit from model</P>
      <P Name="ContentPreviewEnabled">off</P>
      <P Name="IU">m/s</P>
      <P Name="OU">ft/min</P>
    </InstanceData>
  </Block>
  <Block BlockType="Selector" Name="Vd [m/s]" SID="2446">
    <P Name="Ports">[1, 1]</P>
    <P Name="Position">[170, 226, 215, 244]</P>
    <P Name="ZOrder">27</P>
    <P Name="InputPortWidth">3</P>
    <P Name="IndexOptions">Index vector (dialog)</P>
    <P Name="Indices">[3]</P>
    <P Name="OutputSizes">1</P>
  </Block>
  <Line>
    <P Name="Name">&lt;LLA&gt;</P>
    <P Name="ZOrder">1</P>
    <P Name="Labels">[0, 0]</P>
    <P Name="Src">2423#out:1</P>
    <P Name="Dst">2422#in:1</P>
  </Line>
  <Line>
    <P Name="ZOrder">2</P>
    <P Name="Src">2422#out:1</P>
    <P Name="Points">[34, 0]</P>
    <Branch>
      <P Name="ZOrder">3</P>
      <P Name="Points">[0, -60]</P>
      <P Name="Dst">2437#in:1</P>
    </Branch>
    <Branch>
      <P Name="ZOrder">4</P>
      <P Name="Dst">2421#in:1</P>
    </Branch>
  </Line>
  <Line>
    <P Name="ZOrder">5</P>
    <P Name="Src">2420#out:1</P>
    <P Name="Dst">2423#in:1</P>
  </Line>
  <Line>
    <P Name="ZOrder">6</P>
    <P Name="Src">2421#out:1</P>
    <P Name="Dst">2427#in:1</P>
  </Line>
  <Line>
    <P Name="Name">&lt;Euler&gt;</P>
    <P Name="ZOrder">7</P>
    <P Name="Labels">[0, 0]</P>
    <P Name="Src">2423#out:2</P>
    <P Name="Dst">2436#in:1</P>
  </Line>
  <Line>
    <P Name="ZOrder">8</P>
    <P Name="Src">2436#out:1</P>
    <P Name="Dst">2425#in:1</P>
  </Line>
  <Line>
    <P Name="ZOrder">9</P>
    <P Name="Src">2425#out:1</P>
    <P Name="Dst">2441#in:1</P>
  </Line>
  <Line>
    <P Name="ZOrder">10</P>
    <P Name="Src">2425#out:2</P>
    <P Name="Dst">2441#in:2</P>
  </Line>
  <Line>
    <P Name="ZOrder">11</P>
    <P Name="Src">2441#out:1</P>
    <P Name="Dst">2428#in:1</P>
  </Line>
  <Line>
    <P Name="ZOrder">12</P>
    <P Name="Src">2424#out:1</P>
    <P Name="Dst">2429#in:1</P>
  </Line>
  <Line>
    <P Name="Name">&lt;V_ned&gt;</P>
    <P Name="ZOrder">13</P>
    <P Name="Labels">[0, 0]</P>
    <P Name="Src">2423#out:3</P>
    <P Name="Dst">2446#in:1</P>
  </Line>
  <Line>
    <P Name="ZOrder">14</P>
    <P Name="Src">2446#out:1</P>
    <P Name="Dst">2445#in:1</P>
  </Line>
  <Line>
    <P Name="ZOrder">15</P>
    <P Name="Src">2445#out:1</P>
    <P Name="Dst">2438#in:1</P>
  </Line>
  <Line>
    <P Name="ZOrder">16</P>
    <P Name="Src">2438#out:1</P>
    <P Name="Dst">2430#in:1</P>
  </Line>
  <Line>
    <P Name="ZOrder">17</P>
    <P Name="Src">2440#out:1</P>
    <P Name="Dst">2443#in:1</P>
  </Line>
  <Line>
    <P Name="ZOrder">18</P>
    <P Name="Src">2443#out:1</P>
    <P Name="Dst">2442#in:1</P>
  </Line>
  <Line>
    <P Name="Name">&lt;V_body&gt;</P>
    <P Name="ZOrder">19</P>
    <P Name="Labels">[0, 0]</P>
    <P Name="Src">2423#out:4</P>
    <P Name="Dst">2440#in:1</P>
  </Line>
  <Line>
    <P Name="ZOrder">20</P>
    <P Name="Src">2442#out:1</P>
    <P Name="Dst">2444#in:1</P>
  </Line>
  <Line>
    <P Name="ZOrder">21</P>
    <P Name="Src">2444#out:1</P>
    <P Name="Dst">2431#in:1</P>
  </Line>
  <Line>
    <P Name="ZOrder">22</P>
    <P Name="Src">2439#out:1</P>
    <P Name="Dst">2426#in:1</P>
  </Line>
  <Line>
    <P Name="ZOrder">23</P>
    <P Name="Src">2426#out:1</P>
    <P Name="Dst">2432#in:1</P>
  </Line>
  <Line>
    <P Name="ZOrder">24</P>
    <P Name="Src">2426#out:2</P>
    <P Name="Dst">2433#in:1</P>
  </Line>
  <Line>
    <P Name="ZOrder">25</P>
    <P Name="Src">2426#out:3</P>
    <P Name="Dst">2434#in:1</P>
  </Line>
  <Line>
    <P Name="ZOrder">26</P>
    <P Name="Src">2426#out:4</P>
    <P Name="Dst">2435#in:1</P>
  </Line>
  <Line>
    <P Name="ZOrder">27</P>
    <P Name="Src">2419#out:1</P>
    <P Name="Dst">2439#in:1</P>
  </Line>
  <Line>
    <P Name="ZOrder">28</P>
    <P Name="Src">2425#out:3</P>
    <P Name="Dst">2424#in:1</P>
  </Line>
</System>
