<?xml version="1.0" encoding="utf-8"?>
<System>
  <P Name="Location">[-7, -7, 1543, 831]</P>
  <P Name="SystemRect">[0.000000, 0.000000, 0.000000, 0.000000]</P>
  <P Name="SetExecutionDomain">off</P>
  <P Name="ExecutionDomainType">Deduce</P>
  <P Name="ZoomFactor">103</P>
  <P Name="ReportName">simulink-default.rpt</P>
  <P Name="SIDHighWatermark">2447</P>
  <P Name="SimulinkSubDomain">Simulink</P>
  <Block BlockType="SubSystem" Name="Command" SID="563">
    <P Name="Ports">[0, 1]</P>
    <P Name="Position">[70, 73, 170, 117]</P>
    <P Name="ZOrder">64</P>
    <P Name="RequestExecContextInheritance">off</P>
    <P Name="Variant">on</P>
    <Port>
      <P Name="PortNumber">1</P>
      <P Name="Name">Command</P>
    </Port>
    <System Ref="system_563"/>
  </Block>
  <Block BlockType="SubSystem" Name="Environment Model" SID="84">
    <P Name="Ports">[1, 1]</P>
    <P Name="Position">[760, 316, 880, 394]</P>
    <P Name="ZOrder">8</P>
    <P Name="BlockMirror">on</P>
    <P Name="RequestExecContextInheritance">off</P>
    <P Name="Variant">on</P>
    <Port>
      <P Name="PortNumber">1</P>
      <P Name="Name">Environment</P>
    </Port>
    <System Ref="system_84"/>
  </Block>
  <Block BlockType="SubSystem" Name="Extract Flight Instruments" SID="2418">
    <P Name="Ports">[2]</P>
    <P Name="Position">[1030, 79, 1125, 186]</P>
    <P Name="ZOrder">1355</P>
    <P Name="BackgroundColor">[1.000000, 0.694118, 0.392157]</P>
    <P Name="RequestExecContextInheritance">off</P>
    <System Ref="system_2418"/>
  </Block>
  <Block BlockType="ModelReference" Name="Flight Control System" SID="1">
    <P Name="Ports">[3, 2]</P>
    <P Name="Position">[295, 72, 430, 208]</P>
    <P Name="ZOrder">1</P>
    <P Name="BackgroundColor">[1.000000, 0.694118, 0.392157]</P>
    <P Name="ModelNameDialog">flightControlSystem.slx</P>
    <Array PropName="ParameterArgumentNames" Type="String" Dimension="1*0"/>
    <Array PropName="ParameterArgumentValues" Type="String" Dimension="1*0"/>
    <P Name="SimulationMode">Normal</P>
    <List ListType="VisibleInports">
      <P Name="port0">on</P>
      <P Name="port1">on</P>
      <P Name="port2">on</P>
    </List>
    <P Name="ModelReferenceVersion">3.45</P>
    <List ListType="InputPortNames">
      <P Name="port0">AC cmd</P>
      <P Name="port1">Sensors</P>
      <P Name="port2">Image Data</P>
    </List>
    <List ListType="OutputPortNames">
      <P Name="port0">Actuators</P>
      <P Name="port1">Flag</P>
    </List>
    <List ListType="InputPortBusObjects">
      <P Name="port0">CommandBus</P>
      <P Name="port1">SensorsBus</P>
      <P Name="port2"/>
    </List>
    <List ListType="OutputPortOutputBusAsStructs">
      <P Name="port0">off</P>
      <P Name="port1">off</P>
    </List>
    <List ListType="OutputPortSignalNames">
      <P Name="port0">motors</P>
      <P Name="port1">flag</P>
    </List>
    <List ListType="InputPortSignalNames">
      <P Name="port0">cmd</P>
      <P Name="port1">sensors</P>
      <P Name="port2">Y1UY2V</P>
    </List>
    <List ListType="InputPortLatchByCopyingInsideSignal">
      <P Name="port0">off</P>
      <P Name="port1">off</P>
      <P Name="port2">off</P>
    </List>
    <List ListType="OutputPortUnitExprs">
      <P Name="port0">inherit</P>
      <P Name="port1">inherit</P>
    </List>
    <List ListType="InputPortUnitExprs">
      <P Name="port0">inherit</P>
      <P Name="port1">inherit</P>
      <P Name="port2">inherit</P>
    </List>
    <List ListType="InputPortLatchByDelayingOutsideSignal">
      <P Name="port0">off</P>
      <P Name="port1">off</P>
      <P Name="port2">off</P>
    </List>
    <Port>
      <P Name="PortNumber">1</P>
      <P Name="Name">Actuators</P>
      <P Name="PropagatedSignals">motors</P>
    </Port>
  </Block>
  <Block BlockType="SubSystem" Name="Multicopter Model" SID="1127">
    <P Name="Ports">[2, 1]</P>
    <P Name="Position">[655, 117, 790, 288]</P>
    <P Name="ZOrder">68</P>
    <P Name="RequestExecContextInheritance">off</P>
    <P Name="Variant">on</P>
    <Port>
      <P Name="PortNumber">1</P>
      <P Name="Name">States</P>
    </Port>
    <System Ref="system_1127"/>
  </Block>
  <Block BlockType="SubSystem" Name="Sensors Model" SID="1164">
    <P Name="Ports">[2, 2]</P>
    <P Name="Position">[350, 324, 470, 451]</P>
    <P Name="ZOrder">73</P>
    <P Name="BlockMirror">on</P>
    <P Name="RequestExecContextInheritance">off</P>
    <P Name="Variant">on</P>
    <Port>
      <P Name="PortNumber">2</P>
      <P Name="Name">Sensors</P>
    </Port>
    <System Ref="system_1164"/>
  </Block>
  <Block BlockType="SubSystem" Name="Stop&#xA;Simulation" SID="1136">
    <P Name="Ports">[1]</P>
    <P Name="Position">[560, 164, 590, 186]</P>
    <P Name="ZOrder">70</P>
    <P Name="Commented">on</P>
    <P Name="RequestExecContextInheritance">off</P>
    <System Ref="system_1136"/>
  </Block>
  <Line>
    <P Name="Name">Command</P>
    <P Name="ZOrder">234</P>
    <P Name="Labels">[0, 0]</P>
    <P Name="Src">563#out:1</P>
    <P Name="Dst">1#in:1</P>
  </Line>
  <Line>
    <P Name="Name">Sensors</P>
    <P Name="ZOrder">405</P>
    <P Name="Labels">[0, 0]</P>
    <P Name="Src">1164#out:2</P>
    <P Name="Points">[-161, 0; 0, -280]</P>
    <P Name="Dst">1#in:2</P>
  </Line>
  <Line>
    <P Name="Name">Actuators</P>
    <P Name="ZOrder">35</P>
    <P Name="Labels">[0, 0]</P>
    <P Name="Src">1#out:1</P>
    <P Name="Points">[162, 0]</P>
    <Branch>
      <P Name="ZOrder">588</P>
      <P Name="Labels">[1, 0]</P>
      <P Name="Dst">2418#in:1</P>
    </Branch>
    <Branch>
      <P Name="ZOrder">576</P>
      <P Name="Points">[0, 55]</P>
      <P Name="Dst">1127#in:1</P>
    </Branch>
  </Line>
  <Line>
    <P Name="Name">Environment</P>
    <P Name="ZOrder">48</P>
    <P Name="Labels">[0, 0]</P>
    <P Name="Src">84#out:1</P>
    <P Name="Points">[-141, 0]</P>
    <Branch>
      <P Name="ZOrder">555</P>
      <P Name="Dst">1164#in:1</P>
    </Branch>
    <Branch>
      <P Name="ZOrder">510</P>
      <P Name="Points">[0, -110]</P>
      <P Name="Dst">1127#in:2</P>
    </Branch>
  </Line>
  <Line>
    <P Name="Name">States</P>
    <P Name="ZOrder">321</P>
    <P Name="Labels">[0, 0]</P>
    <P Name="Src">1127#out:1</P>
    <P Name="Points">[104, 0]</P>
    <Branch>
      <P Name="ZOrder">575</P>
      <P Name="Points">[0, -45]</P>
      <P Name="Dst">2418#in:2</P>
    </Branch>
    <Branch>
      <P Name="ZOrder">540</P>
      <P Name="Points">[0, 150]</P>
      <Branch>
        <P Name="ZOrder">554</P>
        <P Name="Points">[0, 65]</P>
        <P Name="Dst">1164#in:2</P>
      </Branch>
      <Branch>
        <P Name="ZOrder">465</P>
        <P Name="Dst">84#in:1</P>
      </Branch>
    </Branch>
  </Line>
  <Line>
    <P Name="ZOrder">353</P>
    <P Name="Src">1#out:2</P>
    <P Name="Dst">1136#in:1</P>
  </Line>
  <Line>
    <P Name="ZOrder">572</P>
    <P Name="Src">1164#out:1</P>
    <P Name="Points">[-141, 0; 0, -170]</P>
    <P Name="Dst">1#in:3</P>
  </Line>
  <Annotation SID="182">
    <P Name="Name">Quadcopter Flight Simulation Model - Mambo</P>
    <P Name="Tag">ModelTitle</P>
    <P Name="Position">[426, -39, 677, -18]</P>
    <P Name="InternalMargins">[1, 1, 1, 1]</P>
    <P Name="HorizontalAlignment">left</P>
    <P Name="VerticalAlignment">top</P>
    <P Name="ZOrder">-1</P>
    <P Name="FontName">FreeSans</P>
    <P Name="FontSize">14</P>
    <P Name="FontWeight">bold</P>
  </Annotation>
  <Annotation SID="151">
    <P Name="Name">Copyright 2018-2020 The MathWorks, Inc.</P>
    <P Name="Position">[534, 523, 725, 539]</P>
    <P Name="InternalMargins">[1, 1, 1, 1]</P>
    <P Name="ZOrder">-6</P>
  </Annotation>
</System>
