<?xml version="1.0" encoding="utf-8"?>
<Stateflow>
  <machine id="10">
    <P Name="sfVersion">80000046</P>
    <P Name="sfDemoChecksum">[634292822 3306268595 3004382032 4278812140]</P>
    <Children>
      <target id="26" name="sfun">
        <P Name="description">Default Simulink S-Function Target.</P>
      </target>
      <target id="27" name="rtw"/>
      <chart Ref="chart_11"/>
      <chart Ref="chart_19"/>
    </Children>
  </machine>
  <instance id="18">
    <P Name="machine">10</P>
    <P Name="name">Flight Control System/Controller/Position Controller/Position error transformation
(Earth to Body frame)</P>
    <P Name="chart">11</P>
  </instance>
  <instance id="25">
    <P Name="machine">10</P>
    <P Name="name">Flight Control System/Controller/Altitude Controller/reward/MATLAB Function</P>
    <P Name="chart">19</P>
  </instance>
</Stateflow>
