<?xml version="1.0" encoding="utf-8"?>
<System>
  <P Name="Location">[-8, -8, 1544, 832]</P>
  <P Name="SystemRect">[0.000000, 0.000000, 0.000000, 0.000000]</P>
  <P Name="SetExecutionDomain">off</P>
  <P Name="ExecutionDomainType">Deduce</P>
  <P Name="ZoomFactor">175</P>
  <P Name="SimulinkSubDomain">Simulink</P>
  <Block BlockType="Inport" Name="ref" SID="2890">
    <P Name="Position">[-295, 48, -265, 62]</P>
    <P Name="ZOrder">5776</P>
  </Block>
  <Block BlockType="Inport" Name="states_estim" SID="2889">
    <P Name="Position">[-295, 238, -265, 252]</P>
    <P Name="ZOrder">5775</P>
    <P Name="Port">2</P>
  </Block>
  <Block BlockType="BusSelector" Name="Bus&#xA;Selector2" SID="2884">
    <P Name="Ports">[1, 2]</P>
    <P Name="Position">[-225, 183, -200, 312]</P>
    <P Name="ZOrder">5772</P>
    <P Name="ForegroundColor">red</P>
    <P Name="ShowName">off</P>
    <P Name="OutputSignals">Z,dz</P>
    <Port>
      <P Name="PortNumber">1</P>
      <P Name="Name">&lt;Z&gt;</P>
    </Port>
    <Port>
      <P Name="PortNumber">2</P>
      <P Name="Name">&lt;dz&gt;</P>
    </Port>
  </Block>
  <Block BlockType="DataTypeConversion" Name="Data Type Conversion2" SID="3155">
    <P Name="Position">[0, 273, 40, 287]</P>
    <P Name="ZOrder">5805</P>
    <P Name="OutDataTypeStr">double</P>
    <P Name="RndMeth">Floor</P>
    <P Name="SaturateOnIntegerOverflow">off</P>
    <Port>
      <P Name="PortNumber">1</P>
      <P Name="Name">z</P>
    </Port>
  </Block>
  <Block BlockType="DataTypeConversion" Name="Data Type Conversion3" SID="3041">
    <P Name="Position">[-130, 48, -90, 62]</P>
    <P Name="ZOrder">5791</P>
    <P Name="OutDataTypeStr">double</P>
    <P Name="RndMeth">Floor</P>
    <P Name="SaturateOnIntegerOverflow">off</P>
    <Port>
      <P Name="PortNumber">1</P>
      <P Name="Name">ref</P>
    </Port>
  </Block>
  <Block BlockType="DataTypeConversion" Name="Data Type Conversion4" SID="3042">
    <P Name="Position">[-10, 203, 30, 217]</P>
    <P Name="ZOrder">5792</P>
    <P Name="OutDataTypeStr">double</P>
    <P Name="RndMeth">Floor</P>
    <P Name="SaturateOnIntegerOverflow">off</P>
    <Port>
      <P Name="PortNumber">1</P>
      <P Name="Name">z</P>
    </Port>
  </Block>
  <Block BlockType="Gain" Name="Gain1" SID="3156">
    <P Name="Position">[-100, 265, -70, 295]</P>
    <P Name="ZOrder">5806</P>
    <P Name="Gain">-1</P>
    <Port>
      <P Name="PortNumber">1</P>
      <P Name="Name">dz</P>
    </Port>
  </Block>
  <Block BlockType="Gain" Name="Gain2" SID="3063">
    <P Name="Position">[-225, 40, -195, 70]</P>
    <P Name="ZOrder">5794</P>
    <P Name="NameLocation">right</P>
    <P Name="Gain">-1</P>
    <Port>
      <P Name="PortNumber">1</P>
    </Port>
  </Block>
  <Block BlockType="Gain" Name="Gain3" SID="3149">
    <P Name="Position">[-120, 195, -90, 225]</P>
    <P Name="ZOrder">5802</P>
    <P Name="Gain">-1</P>
    <Port>
      <P Name="PortNumber">1</P>
      <P Name="Name">dz</P>
    </Port>
  </Block>
  <Block BlockType="Mux" Name="Mux" SID="3164">
    <P Name="Ports">[2, 1]</P>
    <P Name="Position">[230, 241, 235, 279]</P>
    <P Name="ZOrder">5814</P>
    <P Name="Inputs">2</P>
    <P Name="DisplayOption">bar</P>
  </Block>
  <Block BlockType="Sum" Name="Sum2" SID="2885">
    <P Name="Ports">[2, 1]</P>
    <P Name="Position">[75, 200, 95, 220]</P>
    <P Name="ZOrder">5773</P>
    <P Name="Inputs">+-|</P>
    <Port>
      <P Name="PortNumber">1</P>
      <P Name="Name">e</P>
    </Port>
  </Block>
  <Block BlockType="Scope" Name="Z REF" SID="3153">
    <P Name="Ports">[2]</P>
    <P Name="Position">[250, 46, 280, 79]</P>
    <P Name="ZOrder">5804</P>
    <P Name="ScopeSpecificationString">Simulink.scopes.TimeScopeBlockCfg(&apos;CurrentConfiguration&apos;, extmgr.ConfigurationSet(extmgr.Configuration(&apos;Core&apos;,&apos;General UI&apos;,true,&apos;DisplayFullSourceName&apos;,true),extmgr.Configuration(&apos;Core&apos;,&apos;Source UI&apos;,true),extmgr.Configuration(&apos;Sources&apos;,&apos;WiredSimulink&apos;,true,&apos;DataLoggingVariableName&apos;,&apos;ScopeData1&apos;),extmgr.Configuration(&apos;Visuals&apos;,&apos;Time Domain&apos;,true,&apos;SerializedDisplays&apos;,{struct(&apos;MinYLimReal&apos;,&apos;-0.20507&apos;,&apos;MaxYLimReal&apos;,&apos;1.84499&apos;,&apos;YLabelReal&apos;,&apos;&apos;,&apos;MinYLimMag&apos;,&apos;0.00000&apos;,&apos;MaxYLimMag&apos;,&apos;1.84499&apos;,&apos;LegendVisibility&apos;,&apos;On&apos;,&apos;XGrid&apos;,true,&apos;YGrid&apos;,true,&apos;PlotMagPhase&apos;,false,&apos;AxesColor&apos;,[0 0 0],&apos;AxesTickColor&apos;,[0.686274509803922 0.686274509803922 0.686274509803922],&apos;ColorOrder&apos;,[1 1 0.0666666666666667;0.0745098039215686 0.623529411764706 1;1 0.411764705882353 0.16078431372549;0.392156862745098 0.831372549019608 0.0745098039215686;0.717647058823529 0.274509803921569 1;0.0588235294117647 1 1;1 0.0745098039215686 0.650980392156863],&apos;Title&apos;,&apos;%&lt;SignalLabel&gt;&apos;,&apos;LinePropertiesCache&apos;,{{}},&apos;UserDefinedChannelNames&apos;,{{}},&apos;NumLines&apos;,2,&apos;LineNames&apos;,{{&apos;ref&apos;,&apos;z&apos;}},&apos;ShowContent&apos;,true,&apos;Placement&apos;,1)},&apos;DisplayPropertyDefaults&apos;,struct(&apos;MinYLimReal&apos;,&apos;-0.20507&apos;,&apos;MaxYLimReal&apos;,&apos;1.84499&apos;,&apos;YLabelReal&apos;,&apos;&apos;,&apos;MinYLimMag&apos;,&apos;0.00000&apos;,&apos;MaxYLimMag&apos;,&apos;1.84499&apos;,&apos;LegendVisibility&apos;,&apos;On&apos;,&apos;XGrid&apos;,true,&apos;YGrid&apos;,true,&apos;PlotMagPhase&apos;,false,&apos;AxesColor&apos;,[0 0 0],&apos;AxesTickColor&apos;,[0.686274509803922 0.686274509803922 0.686274509803922],&apos;ColorOrder&apos;,[0.0745098039215686 0.623529411764706 1;1 0.411764705882353 0.16078431372549;1 1 0.0666666666666667;0.717647058823529 0.274509803921569 1;0.392156862745098 0.831372549019608 0.0745098039215686;0.0588235294117647 1 1;1 0.0745098039215686 0.650980392156863])),extmgr.Configuration(&apos;Tools&apos;,&apos;Plot Navigation&apos;,true,&apos;OnceAtStop&apos;,false,&apos;PreviousZoomMode&apos;,&apos;Pan&apos;,&apos;PreviousAutoscale&apos;,&apos;XY&apos;),extmgr.Configuration(&apos;Tools&apos;,&apos;Measurements&apos;,true,&apos;Version&apos;,&apos;2021b&apos;)),&apos;Version&apos;,&apos;2021b&apos;,&apos;Position&apos;,[938 405 766 366],&apos;VisibleAtModelOpen&apos;,&apos;on&apos;,&apos;OpenAtMdlStart&apos;,true)</P>
    <P Name="NumInputPorts">2</P>
    <P Name="Floating">off</P>
  </Block>
  <Block BlockType="Outport" Name="obs_output" SID="2891">
    <P Name="Position">[425, 238, 455, 252]</P>
    <P Name="ZOrder">5777</P>
  </Block>
  <Line>
    <P Name="ZOrder">2</P>
    <P Name="Src">2889#out:1</P>
    <P Name="Points">[15, 0; 0, 5]</P>
    <P Name="Dst">2884#in:1</P>
  </Line>
  <Line>
    <P Name="Name">e</P>
    <P Name="ZOrder">244</P>
    <P Name="Labels">[0, 0]</P>
    <P Name="Src">2885#out:1</P>
    <P Name="Points">[58, 0; 0, 40]</P>
    <P Name="Dst">3164#in:1</P>
  </Line>
  <Line>
    <P Name="ZOrder">42</P>
    <P Name="Src">2890#out:1</P>
    <P Name="Dst">3063#in:1</P>
  </Line>
  <Line>
    <P Name="ZOrder">243</P>
    <P Name="Src">3164#out:1</P>
    <P Name="Points">[40, 0; 0, -10; 13, 0; 0, -5]</P>
    <P Name="Dst">2891#in:1</P>
  </Line>
  <Line>
    <P Name="Name">ref</P>
    <P Name="ZOrder">48</P>
    <P Name="Labels">[0, 0]</P>
    <P Name="Src">3041#out:1</P>
    <P Name="Points">[170, 0]</P>
    <Branch>
      <P Name="ZOrder">221</P>
      <P Name="Dst">2885#in:1</P>
    </Branch>
    <Branch>
      <P Name="ZOrder">220</P>
      <P Name="Dst">3153#in:1</P>
    </Branch>
  </Line>
  <Line>
    <P Name="Name">z</P>
    <P Name="ZOrder">51</P>
    <P Name="Labels">[0, 0]</P>
    <P Name="Src">3042#out:1</P>
    <P Name="Points">[8, 0]</P>
    <Branch>
      <P Name="ZOrder">227</P>
      <P Name="Points">[0, -140]</P>
      <P Name="Dst">3153#in:2</P>
    </Branch>
    <Branch>
      <P Name="ZOrder">226</P>
      <P Name="Dst">2885#in:2</P>
    </Branch>
  </Line>
  <Line>
    <P Name="ZOrder">69</P>
    <P Name="Src">3063#out:1</P>
    <P Name="Dst">3041#in:1</P>
  </Line>
  <Line>
    <P Name="Name">dz</P>
    <P Name="ZOrder">190</P>
    <P Name="Labels">[0, 0]</P>
    <P Name="Src">3149#out:1</P>
    <P Name="Dst">3042#in:1</P>
  </Line>
  <Line>
    <P Name="Name">&lt;Z&gt;</P>
    <P Name="ZOrder">225</P>
    <P Name="Labels">[0, 0]</P>
    <P Name="Src">2884#out:1</P>
    <P Name="Points">[35, 0; 0, -5]</P>
    <P Name="Dst">3149#in:1</P>
  </Line>
  <Line>
    <P Name="Name">dz</P>
    <P Name="ZOrder">232</P>
    <P Name="Labels">[0, 0]</P>
    <P Name="Src">3156#out:1</P>
    <P Name="Dst">3155#in:1</P>
  </Line>
  <Line>
    <P Name="Name">z</P>
    <P Name="ZOrder">245</P>
    <P Name="Labels">[0, 0]</P>
    <P Name="Src">3155#out:1</P>
    <P Name="Points">[68, 0; 0, -10]</P>
    <P Name="Dst">3164#in:2</P>
  </Line>
  <Line>
    <P Name="Name">&lt;dz&gt;</P>
    <P Name="ZOrder">234</P>
    <P Name="Labels">[0, 0]</P>
    <P Name="Src">2884#out:2</P>
    <P Name="Dst">3156#in:1</P>
  </Line>
</System>
