<?xml version="1.0" encoding="utf-8"?>
<System>
  <P Name="Location">[791, 236, 1761, 971]</P>
  <P Name="SystemRect">[0.000000, 0.000000, 0.000000, 0.000000]</P>
  <P Name="SetExecutionDomain">off</P>
  <P Name="ExecutionDomainType">Deduce</P>
  <P Name="ZoomFactor">268</P>
  <P Name="SimulinkSubDomain">Simulink</P>
  <Block BlockType="Inport" Name="yaw_rate" SID="2584">
    <P Name="Position">[110, 103, 140, 117]</P>
    <P Name="ZOrder">-1</P>
    <P Name="ForegroundColor">red</P>
  </Block>
  <Block BlockType="Constant" Name="Constant" SID="2585">
    <P Name="Position">[300, 132, 325, 158]</P>
    <P Name="ZOrder">3</P>
    <P Name="ForegroundColor">magenta</P>
    <P Name="Value">0</P>
    <P Name="OutDataTypeStr">single</P>
  </Block>
  <Block BlockType="DiscreteIntegrator" Name="Discrete-Time&#xA;Integrator" SID="2586">
    <P Name="Ports">[1, 1]</P>
    <P Name="Position">[220, 92, 255, 128]</P>
    <P Name="ZOrder">1</P>
    <P Name="ForegroundColor">red</P>
    <P Name="InitialConditionSetting">Auto</P>
    <P Name="SampleTime">-1</P>
    <P Name="ICPrevOutput">DiscIntNeverNeededParam</P>
    <P Name="ICPrevScaledInput">DiscIntNeverNeededParam</P>
  </Block>
  <Block BlockType="Outport" Name="yaw" SID="2587">
    <P Name="Position">[360, 103, 390, 117]</P>
    <P Name="ZOrder">-2</P>
    <P Name="ForegroundColor">red</P>
  </Block>
  <Block BlockType="Outport" Name="gyro_z_bias" SID="2588">
    <P Name="Position">[360, 138, 390, 152]</P>
    <P Name="ZOrder">2</P>
    <P Name="ForegroundColor">magenta</P>
    <P Name="Port">2</P>
  </Block>
  <Line>
    <P Name="ZOrder">1</P>
    <P Name="Src">2584#out:1</P>
    <P Name="Dst">2586#in:1</P>
  </Line>
  <Line>
    <P Name="ZOrder">2</P>
    <P Name="Src">2586#out:1</P>
    <P Name="Dst">2587#in:1</P>
  </Line>
  <Line>
    <P Name="ZOrder">3</P>
    <P Name="Src">2585#out:1</P>
    <P Name="Dst">2588#in:1</P>
  </Line>
  <Annotation SID="2804">
    <P Name="Name">Yaw angle is not constrained between -180 to 180 degrees</P>
    <P Name="Position">[86, 57, 347, 71]</P>
    <P Name="InternalMargins">[0, 0, 0, 0]</P>
    <P Name="HorizontalAlignment">left</P>
    <P Name="VerticalAlignment">top</P>
    <P Name="ZOrder">-1</P>
  </Annotation>
  <Annotation SID="2589">
    <P Name="Name">Currently yaw angle is obtained solely by integrating the gyroscope output.
This yaw estimate can drift with time. </P>
    <P Name="Position">[86, 185, 416, 211]</P>
    <P Name="InternalMargins">[0, 0, 0, 0]</P>
    <P Name="HorizontalAlignment">left</P>
    <P Name="VerticalAlignment">top</P>
    <P Name="ZOrder">-1</P>
  </Annotation>
</System>
