<?xml version="1.0" encoding="utf-8"?>
<System>
  <P Name="Location">[-8, -8, 1544, 832]</P>
  <P Name="SystemRect">[0.000000, 0.000000, 0.000000, 0.000000]</P>
  <P Name="SetExecutionDomain">off</P>
  <P Name="ExecutionDomainType">Deduce</P>
  <P Name="ZoomFactor">161</P>
  <P Name="SimulinkSubDomain">Simulink</P>
  <Block BlockType="Inport" Name="ref" SID="2928">
    <P Name="Position">[20, 153, 50, 167]</P>
    <P Name="ZOrder">5795</P>
  </Block>
  <Block BlockType="Inport" Name="states_estim" SID="2929">
    <P Name="Position">[30, 273, 60, 287]</P>
    <P Name="ZOrder">5796</P>
    <P Name="Port">2</P>
  </Block>
  <Block BlockType="Abs" Name="Abs2" SID="3034">
    <P Name="Position">[295, 265, 325, 295]</P>
    <P Name="ZOrder">5800</P>
    <P Name="SaturateOnIntegerOverflow">off</P>
  </Block>
  <Block BlockType="BusSelector" Name="Bus&#xA;Selector2" SID="2895">
    <P Name="Ports">[1, 1]</P>
    <P Name="Position">[130, 220, 135, 340]</P>
    <P Name="ZOrder">5781</P>
    <P Name="ForegroundColor">red</P>
    <P Name="ShowName">off</P>
    <P Name="OutputSignals">Z</P>
    <Port>
      <P Name="PortNumber">1</P>
      <P Name="Name">&lt;Z&gt;</P>
    </Port>
  </Block>
  <Block BlockType="Reference" Name="Compare&#xA;To Constant1" SID="3035">
    <P Name="Ports">[1, 1]</P>
    <P Name="Position">[390, 265, 435, 295]</P>
    <P Name="ZOrder">5801</P>
    <P Name="LibraryVersion">1.488</P>
    <P Name="SourceBlock">simulink/Logic and Bit
Operations/Compare
To Constant</P>
    <P Name="SourceType">Compare To Constant</P>
    <P Name="SourceProductBaseCode">SL</P>
    <InstanceData>
      <P Name="RTWMemSecFuncInitTerm">Inherit from model</P>
      <P Name="RTWMemSecFuncExecute">Inherit from model</P>
      <P Name="RTWMemSecDataConstants">Inherit from model</P>
      <P Name="RTWMemSecDataInternal">Inherit from model</P>
      <P Name="RTWMemSecDataParameters">Inherit from model</P>
      <P Name="ContentPreviewEnabled">on</P>
      <P Name="relop">&gt;=</P>
      <P Name="const">2</P>
      <P Name="OutDataTypeStr">boolean</P>
      <P Name="ZeroCross">on</P>
    </InstanceData>
  </Block>
  <Block BlockType="SubSystem" Name="Subsystem" SID="3109">
    <P Name="Ports">[1, 1]</P>
    <P Name="Position">[505, 145, 545, 205]</P>
    <P Name="ZOrder">5803</P>
    <P Name="Commented">on</P>
    <P Name="RequestExecContextInheritance">off</P>
    <P Name="ContentPreviewEnabled">on</P>
    <System Ref="system_3109"/>
  </Block>
  <Block BlockType="Sum" Name="Sum2" SID="2922">
    <P Name="Ports">[2, 1]</P>
    <P Name="Position">[185, 270, 205, 290]</P>
    <P Name="ZOrder">5782</P>
    <P Name="Inputs">+-|</P>
  </Block>
  <Block BlockType="Outport" Name="isdone_output" SID="2932">
    <P Name="Position">[800, 293, 830, 307]</P>
    <P Name="ZOrder">5799</P>
  </Block>
  <Line>
    <P Name="ZOrder">4</P>
    <P Name="Src">2922#out:1</P>
    <P Name="Points">[38, 0]</P>
    <Branch>
      <P Name="ZOrder">90</P>
      <P Name="Points">[0, -105]</P>
      <P Name="Dst">3109#in:1</P>
    </Branch>
    <Branch>
      <P Name="ZOrder">76</P>
      <P Name="Dst">3034#in:1</P>
    </Branch>
  </Line>
  <Line>
    <P Name="Name">&lt;Z&gt;</P>
    <P Name="ZOrder">14</P>
    <P Name="Labels">[0, 0]</P>
    <P Name="Src">2895#out:1</P>
    <P Name="Dst">2922#in:2</P>
  </Line>
  <Line>
    <P Name="ZOrder">19</P>
    <P Name="Src">2928#out:1</P>
    <P Name="Points">[140, 0]</P>
    <P Name="Dst">2922#in:1</P>
  </Line>
  <Line>
    <P Name="ZOrder">24</P>
    <P Name="Src">2929#out:1</P>
    <P Name="Dst">2895#in:1</P>
  </Line>
  <Line>
    <P Name="ZOrder">50</P>
    <P Name="Src">3034#out:1</P>
    <P Name="Dst">3035#in:1</P>
  </Line>
  <Line>
    <P Name="ZOrder">88</P>
    <P Name="Src">3035#out:1</P>
    <P Name="Points">[219, 0; 0, 20]</P>
    <P Name="Dst">2932#in:1</P>
  </Line>
</System>
