<?xml version="1.0" encoding="utf-8"?>
<System>
  <P Name="Location">[791, 236, 1761, 971]</P>
  <P Name="SystemRect">[0.000000, 0.000000, 0.000000, 0.000000]</P>
  <P Name="SetExecutionDomain">off</P>
  <P Name="ExecutionDomainType">Deduce</P>
  <P Name="ZoomFactor">54</P>
  <P Name="SimulinkSubDomain">Simulink</P>
  <Block BlockType="Inport" Name="land_flag" SID="2287">
    <P Name="Position">[1005, 348, 1035, 362]</P>
    <P Name="ZOrder">5511</P>
  </Block>
  <Block BlockType="Inport" Name="states_estim" SID="2288">
    <P Name="Position">[20, 98, 50, 112]</P>
    <P Name="ZOrder">1358</P>
    <P Name="Port">2</P>
  </Block>
  <Block BlockType="Inport" Name="Alt_prs" SID="2289">
    <P Name="Position">[5, 548, 35, 562]</P>
    <P Name="ZOrder">5499</P>
    <P Name="Port">3</P>
  </Block>
  <Block BlockType="Inport" Name="Sensors" SID="2290">
    <P Name="Position">[20, 213, 50, 227]</P>
    <P Name="ZOrder">1367</P>
    <P Name="Port">4</P>
  </Block>
  <Block BlockType="Abs" Name="Abs" SID="2291">
    <P Name="Position">[155, 30, 185, 60]</P>
    <P Name="ZOrder">1365</P>
    <P Name="ShowName">off</P>
    <P Name="SaturateOnIntegerOverflow">off</P>
  </Block>
  <Block BlockType="Abs" Name="Abs1" SID="2292">
    <P Name="Position">[155, 70, 185, 100]</P>
    <P Name="ZOrder">1366</P>
    <P Name="ShowName">off</P>
    <P Name="SaturateOnIntegerOverflow">off</P>
  </Block>
  <Block BlockType="Abs" Name="Abs2" SID="2293">
    <P Name="Position">[670, 115, 700, 145]</P>
    <P Name="ZOrder">1375</P>
    <P Name="ShowName">off</P>
    <P Name="SaturateOnIntegerOverflow">off</P>
  </Block>
  <Block BlockType="Abs" Name="Abs3" SID="2294">
    <P Name="Position">[625, 195, 655, 225]</P>
    <P Name="ZOrder">1376</P>
    <P Name="ShowName">off</P>
    <P Name="SaturateOnIntegerOverflow">off</P>
  </Block>
  <Block BlockType="Abs" Name="Abs4" SID="2295">
    <P Name="Position">[415, 75, 445, 105]</P>
    <P Name="ZOrder">1383</P>
    <P Name="ShowName">off</P>
    <P Name="SaturateOnIntegerOverflow">off</P>
  </Block>
  <Block BlockType="Abs" Name="Abs5" SID="2296">
    <P Name="Position">[515, 235, 545, 265]</P>
    <P Name="ZOrder">1384</P>
    <P Name="ShowName">off</P>
    <P Name="SaturateOnIntegerOverflow">off</P>
  </Block>
  <Block BlockType="SubSystem" Name="Altitude error check" SID="2297">
    <P Name="Ports">[2, 1]</P>
    <P Name="Position">[475, 436, 635, 514]</P>
    <P Name="ZOrder">5517</P>
    <P Name="RequestExecContextInheritance">off</P>
    <P Name="ContentPreviewEnabled">on</P>
    <System Ref="system_2297"/>
  </Block>
  <Block BlockType="BusSelector" Name="Bus&#xA;Selector" SID="2307">
    <P Name="Ports">[1, 1]</P>
    <P Name="Position">[155, 201, 160, 239]</P>
    <P Name="ZOrder">1368</P>
    <P Name="ShowName">off</P>
    <P Name="OutputSignals">opticalFlow_data</P>
    <Port>
      <P Name="PortNumber">1</P>
      <P Name="Name">&lt;opticalFlow_data&gt;</P>
    </Port>
  </Block>
  <Block BlockType="BusSelector" Name="Bus&#xA;Selector1" SID="2308">
    <P Name="Ports">[1, 1]</P>
    <P Name="Position">[70, 193, 75, 247]</P>
    <P Name="ZOrder">5461</P>
    <P Name="ShowName">off</P>
    <P Name="OutputSignals">VisionSensors</P>
    <Port>
      <P Name="PortNumber">1</P>
      <P Name="Name">&lt;VisionSensors&gt;</P>
    </Port>
  </Block>
  <Block BlockType="BusSelector" Name="Bus&#xA;Selector2" SID="2309">
    <P Name="Ports">[1, 1]</P>
    <P Name="Position">[55, 458, 60, 512]</P>
    <P Name="ZOrder">5509</P>
    <P Name="ShowName">off</P>
    <P Name="OutputSignals">Z</P>
    <Port>
      <P Name="PortNumber">1</P>
      <P Name="Name">&lt;Z&gt;</P>
    </Port>
  </Block>
  <Block BlockType="BusSelector" Name="Bus&#xA;Selector4" SID="2310">
    <P Name="Ports">[1, 4]</P>
    <P Name="Position">[115, 23, 120, 187]</P>
    <P Name="ZOrder">1357</P>
    <P Name="ShowName">off</P>
    <P Name="OutputSignals">X,Y,dx,dy</P>
    <Port>
      <P Name="PortNumber">1</P>
      <P Name="Name">&lt;X&gt;</P>
    </Port>
    <Port>
      <P Name="PortNumber">2</P>
      <P Name="Name">&lt;Y&gt;</P>
    </Port>
    <Port>
      <P Name="PortNumber">3</P>
      <P Name="Name">&lt;dx&gt;</P>
    </Port>
    <Port>
      <P Name="PortNumber">4</P>
      <P Name="Name">&lt;dy&gt;</P>
    </Port>
  </Block>
  <Block BlockType="Reference" Name="Compare&#xA;To Constant" SID="2311">
    <P Name="Ports">[1, 1]</P>
    <P Name="Position">[210, 30, 240, 60]</P>
    <P Name="ZOrder">1361</P>
    <P Name="ShowName">off</P>
    <P Name="LibraryVersion">1.488</P>
    <P Name="SourceBlock">simulink/Logic and Bit
Operations/Compare
To Constant</P>
    <P Name="SourceType">Compare To Constant</P>
    <P Name="SourceProductBaseCode">SL</P>
    <InstanceData>
      <P Name="RTWMemSecFuncInitTerm">Inherit from model</P>
      <P Name="RTWMemSecFuncExecute">Inherit from model</P>
      <P Name="RTWMemSecDataConstants">Inherit from model</P>
      <P Name="RTWMemSecDataInternal">Inherit from model</P>
      <P Name="RTWMemSecDataParameters">Inherit from model</P>
      <P Name="ContentPreviewEnabled">off</P>
      <P Name="relop">&gt;</P>
      <P Name="const">10.0</P>
      <P Name="OutDataTypeStr">boolean</P>
      <P Name="ZeroCross">on</P>
    </InstanceData>
  </Block>
  <Block BlockType="Reference" Name="Compare&#xA;To Constant1" SID="2312">
    <P Name="Ports">[1, 1]</P>
    <P Name="Position">[210, 70, 240, 100]</P>
    <P Name="ZOrder">1362</P>
    <P Name="ShowName">off</P>
    <P Name="LibraryVersion">1.488</P>
    <P Name="SourceBlock">simulink/Logic and Bit
Operations/Compare
To Constant</P>
    <P Name="SourceType">Compare To Constant</P>
    <P Name="SourceProductBaseCode">SL</P>
    <InstanceData>
      <P Name="RTWMemSecFuncInitTerm">Inherit from model</P>
      <P Name="RTWMemSecFuncExecute">Inherit from model</P>
      <P Name="RTWMemSecDataConstants">Inherit from model</P>
      <P Name="RTWMemSecDataInternal">Inherit from model</P>
      <P Name="RTWMemSecDataParameters">Inherit from model</P>
      <P Name="ContentPreviewEnabled">off</P>
      <P Name="relop">&gt;</P>
      <P Name="const">10.0</P>
      <P Name="OutDataTypeStr">boolean</P>
      <P Name="ZeroCross">on</P>
    </InstanceData>
  </Block>
  <Block BlockType="Reference" Name="Compare&#xA;To Constant2" SID="2313">
    <P Name="Ports">[1, 1]</P>
    <P Name="Position">[725, 115, 755, 145]</P>
    <P Name="ZOrder">1377</P>
    <P Name="ShowName">off</P>
    <P Name="LibraryVersion">1.488</P>
    <P Name="SourceBlock">simulink/Logic and Bit
Operations/Compare
To Constant</P>
    <P Name="SourceType">Compare To Constant</P>
    <P Name="SourceProductBaseCode">SL</P>
    <InstanceData>
      <P Name="RTWMemSecFuncInitTerm">Inherit from model</P>
      <P Name="RTWMemSecFuncExecute">Inherit from model</P>
      <P Name="RTWMemSecDataConstants">Inherit from model</P>
      <P Name="RTWMemSecDataInternal">Inherit from model</P>
      <P Name="RTWMemSecDataParameters">Inherit from model</P>
      <P Name="ContentPreviewEnabled">off</P>
      <P Name="relop">&gt;</P>
      <P Name="const">6.0</P>
      <P Name="OutDataTypeStr">boolean</P>
      <P Name="ZeroCross">on</P>
    </InstanceData>
  </Block>
  <Block BlockType="Reference" Name="Compare&#xA;To Constant3" SID="2314">
    <P Name="Ports">[1, 1]</P>
    <P Name="Position">[680, 195, 710, 225]</P>
    <P Name="ZOrder">1378</P>
    <P Name="ShowName">off</P>
    <P Name="LibraryVersion">1.488</P>
    <P Name="SourceBlock">simulink/Logic and Bit
Operations/Compare
To Constant</P>
    <P Name="SourceType">Compare To Constant</P>
    <P Name="SourceProductBaseCode">SL</P>
    <InstanceData>
      <P Name="RTWMemSecFuncInitTerm">Inherit from model</P>
      <P Name="RTWMemSecFuncExecute">Inherit from model</P>
      <P Name="RTWMemSecDataConstants">Inherit from model</P>
      <P Name="RTWMemSecDataInternal">Inherit from model</P>
      <P Name="RTWMemSecDataParameters">Inherit from model</P>
      <P Name="ContentPreviewEnabled">off</P>
      <P Name="relop">&gt;</P>
      <P Name="const">6.0</P>
      <P Name="OutDataTypeStr">boolean</P>
      <P Name="ZeroCross">on</P>
    </InstanceData>
  </Block>
  <Block BlockType="Reference" Name="Compare&#xA;To Constant4" SID="2315">
    <P Name="Ports">[1, 1]</P>
    <P Name="Position">[470, 75, 500, 105]</P>
    <P Name="ZOrder">1379</P>
    <P Name="ShowName">off</P>
    <P Name="LibraryVersion">1.488</P>
    <P Name="SourceBlock">simulink/Logic and Bit
Operations/Compare
To Constant</P>
    <P Name="SourceType">Compare To Constant</P>
    <P Name="SourceProductBaseCode">SL</P>
    <InstanceData>
      <P Name="RTWMemSecFuncInitTerm">Inherit from model</P>
      <P Name="RTWMemSecFuncExecute">Inherit from model</P>
      <P Name="RTWMemSecDataConstants">Inherit from model</P>
      <P Name="RTWMemSecDataInternal">Inherit from model</P>
      <P Name="RTWMemSecDataParameters">Inherit from model</P>
      <P Name="ContentPreviewEnabled">off</P>
      <P Name="relop">&gt;</P>
      <P Name="const">0.01</P>
      <P Name="OutDataTypeStr">boolean</P>
      <P Name="ZeroCross">on</P>
    </InstanceData>
  </Block>
  <Block BlockType="Reference" Name="Compare&#xA;To Constant5" SID="2316">
    <P Name="Ports">[1, 1]</P>
    <P Name="Position">[625, 235, 655, 265]</P>
    <P Name="ZOrder">1380</P>
    <P Name="ShowName">off</P>
    <P Name="LibraryVersion">1.488</P>
    <P Name="SourceBlock">simulink/Logic and Bit
Operations/Compare
To Constant</P>
    <P Name="SourceType">Compare To Constant</P>
    <P Name="SourceProductBaseCode">SL</P>
    <InstanceData>
      <P Name="RTWMemSecFuncInitTerm">Inherit from model</P>
      <P Name="RTWMemSecFuncExecute">Inherit from model</P>
      <P Name="RTWMemSecDataConstants">Inherit from model</P>
      <P Name="RTWMemSecDataInternal">Inherit from model</P>
      <P Name="RTWMemSecDataParameters">Inherit from model</P>
      <P Name="ContentPreviewEnabled">off</P>
      <P Name="relop">&gt;</P>
      <P Name="const">0.01</P>
      <P Name="OutDataTypeStr">boolean</P>
      <P Name="ZeroCross">on</P>
    </InstanceData>
  </Block>
  <Block BlockType="Reference" Name="Counter&#xA;Free-Running" SID="2317">
    <P Name="Ports">[0, 1]</P>
    <P Name="Position">[20, 330, 50, 360]</P>
    <P Name="ZOrder">5482</P>
    <P Name="LibraryVersion">1.488</P>
    <P Name="SourceBlock">simulink/Sources/Counter
Free-Running</P>
    <P Name="SourceType">Counter Free-Running</P>
    <P Name="SourceProductBaseCode">SL</P>
    <InstanceData>
      <P Name="RTWMemSecFuncInitTerm">Inherit from model</P>
      <P Name="RTWMemSecFuncExecute">Inherit from model</P>
      <P Name="RTWMemSecDataConstants">Inherit from model</P>
      <P Name="RTWMemSecDataInternal">Inherit from model</P>
      <P Name="RTWMemSecDataParameters">Inherit from model</P>
      <P Name="ContentPreviewEnabled">on</P>
      <P Name="NumBits">32</P>
      <P Name="tsamp">-1</P>
    </InstanceData>
  </Block>
  <Block BlockType="DataTypeConversion" Name="Data Type Conversion" SID="2318">
    <P Name="Position">[895, 30, 935, 50]</P>
    <P Name="ZOrder">5471</P>
    <P Name="ShowName">off</P>
    <P Name="OutDataTypeStr">uint8</P>
    <P Name="RndMeth">Nearest</P>
    <P Name="SaturateOnIntegerOverflow">off</P>
  </Block>
  <Block BlockType="DataTypeConversion" Name="Data Type Conversion1" SID="2319">
    <P Name="Position">[895, 60, 935, 80]</P>
    <P Name="ZOrder">5472</P>
    <P Name="ShowName">off</P>
    <P Name="OutDataTypeStr">uint8</P>
    <P Name="RndMeth">Nearest</P>
    <P Name="SaturateOnIntegerOverflow">off</P>
  </Block>
  <Block BlockType="Demux" Name="Demux" SID="2320">
    <P Name="Ports">[1, 3]</P>
    <P Name="Position">[270, 172, 275, 268]</P>
    <P Name="ZOrder">1370</P>
    <P Name="ShowName">off</P>
    <P Name="Outputs">3</P>
    <Port>
      <P Name="PortNumber">1</P>
      <P Name="Name">dx_OF</P>
    </Port>
    <Port>
      <P Name="PortNumber">2</P>
      <P Name="Name">dy_OF</P>
    </Port>
    <Port>
      <P Name="PortNumber">3</P>
      <P Name="Name">OF_status</P>
    </Port>
  </Block>
  <Block BlockType="Sum" Name="Difference between &#xA;sonar and pressure" SID="2321">
    <P Name="Ports">[2, 1]</P>
    <P Name="Position">[130, 477, 160, 508]</P>
    <P Name="ZOrder">5500</P>
    <P Name="IconShape">rectangular</P>
    <P Name="Inputs">+-</P>
  </Block>
  <Block BlockType="Gain" Name="Gain" SID="2322">
    <P Name="Position">[380, 129, 590, 161]</P>
    <P Name="ZOrder">1371</P>
    <P Name="ShowName">off</P>
    <P Name="Gain">Estimator.pos.visDeltaXYMax</P>
  </Block>
  <Block BlockType="Gain" Name="Gain1" SID="2323">
    <P Name="Position">[355, 205, 560, 235]</P>
    <P Name="ZOrder">1372</P>
    <P Name="ShowName">off</P>
    <P Name="Gain">Estimator.pos.visDeltaXYMax</P>
  </Block>
  <Block BlockType="SubSystem" Name="Geofencing error" SID="2324">
    <P Name="Ports">[0, 1, 0, 0, 0, 0, 0, 1]</P>
    <P Name="Position">[1315, 52, 1385, 88]</P>
    <P Name="ZOrder">5467</P>
    <P Name="TreatAsAtomicUnit">on</P>
    <P Name="RequestExecContextInheritance">off</P>
    <System Ref="system_2324"/>
  </Block>
  <Block BlockType="RelationalOperator" Name="GreaterThan" SID="2328">
    <P Name="Ports">[2, 1]</P>
    <P Name="Position">[115, 372, 145, 403]</P>
    <P Name="ZOrder">5483</P>
    <P Name="Operator">&gt;</P>
    <P Name="InputSameDT">off</P>
    <P Name="OutDataTypeStr">boolean</P>
    <P Name="RndMeth">Simplest</P>
  </Block>
  <Block BlockType="If" Name="If" SID="2329">
    <P Name="Ports">[4, 5]</P>
    <P Name="Position">[995, 32, 1105, 108]</P>
    <P Name="ZOrder">5466</P>
    <P Name="NumInputs">4</P>
    <P Name="ElseIfExpressions">u2 &gt; 0, u3&gt; 0,u4&gt;0</P>
  </Block>
  <Block BlockType="Logic" Name="Logical&#xA;Operator" SID="2330">
    <P Name="Ports">[2, 1]</P>
    <P Name="Position">[270, 26, 295, 104]</P>
    <P Name="ZOrder">1363</P>
    <P Name="ShowName">off</P>
    <P Name="Operator">OR</P>
    <P Name="AllPortsSameDT">off</P>
  </Block>
  <Block BlockType="Logic" Name="Logical&#xA;Operator1" SID="2331">
    <P Name="Ports">[2, 1]</P>
    <P Name="Position">[775, 69, 805, 151]</P>
    <P Name="ZOrder">1385</P>
    <P Name="ShowName">off</P>
    <P Name="AllPortsSameDT">off</P>
    <P Name="OutDataTypeStr">boolean</P>
  </Block>
  <Block BlockType="Logic" Name="Logical&#xA;Operator2" SID="2332">
    <P Name="Ports">[2, 1]</P>
    <P Name="Position">[775, 189, 805, 271]</P>
    <P Name="ZOrder">1386</P>
    <P Name="ShowName">off</P>
    <P Name="AllPortsSameDT">off</P>
    <P Name="OutDataTypeStr">boolean</P>
  </Block>
  <Block BlockType="Logic" Name="Logical&#xA;Operator3" SID="2333">
    <P Name="Ports">[2, 1]</P>
    <P Name="Position">[845, 69, 870, 311]</P>
    <P Name="ZOrder">1387</P>
    <P Name="ShowName">off</P>
    <P Name="Operator">OR</P>
    <P Name="AllPortsSameDT">off</P>
  </Block>
  <Block BlockType="Merge" Name="Merge" SID="2334">
    <P Name="Ports">[5, 1]</P>
    <P Name="Position">[1485, 136, 1525, 314]</P>
    <P Name="ZOrder">5470</P>
    <P Name="Inputs">5</P>
    <P Name="InitialOutput">0</P>
  </Block>
  <Block BlockType="SubSystem" Name="No optical flow " SID="2335">
    <P Name="Ports">[0, 1, 0, 0, 0, 0, 0, 1]</P>
    <P Name="Position">[1175, 162, 1245, 198]</P>
    <P Name="ZOrder">5480</P>
    <P Name="TreatAsAtomicUnit">on</P>
    <P Name="RequestExecContextInheritance">off</P>
    <System Ref="system_2335"/>
  </Block>
  <Block BlockType="SubSystem" Name="Normal condition&#xA; and landing" SID="2339">
    <P Name="Ports">[2, 1, 0, 0, 0, 0, 0, 1]</P>
    <P Name="Position">[1070, 307, 1160, 358]</P>
    <P Name="ZOrder">5469</P>
    <P Name="TreatAsAtomicUnit">on</P>
    <P Name="RequestExecContextInheritance">off</P>
    <System Ref="system_2339"/>
  </Block>
  <Block BlockType="SubSystem" Name="Optical flow error check" SID="2352">
    <P Name="Ports">[3, 1]</P>
    <P Name="Position">[475, 325, 630, 405]</P>
    <P Name="ZOrder">5516</P>
    <P Name="RequestExecContextInheritance">off</P>
    <P Name="ContentPreviewEnabled">on</P>
    <System Ref="system_2352"/>
  </Block>
  <Block BlockType="Sum" Name="Subtract" SID="2369">
    <P Name="Ports">[2, 1]</P>
    <P Name="Position">[625, 114, 655, 156]</P>
    <P Name="ZOrder">1373</P>
    <P Name="ShowName">off</P>
    <P Name="IconShape">rectangular</P>
    <P Name="Inputs">-+</P>
  </Block>
  <Block BlockType="Sum" Name="Subtract1" SID="2370">
    <P Name="Ports">[2, 1]</P>
    <P Name="Position">[570, 192, 600, 228]</P>
    <P Name="ZOrder">1374</P>
    <P Name="ShowName">off</P>
    <P Name="IconShape">rectangular</P>
    <P Name="Inputs">-+</P>
  </Block>
  <Block BlockType="SubSystem" Name="Ultrasound improper" SID="2371">
    <P Name="Ports">[0, 1, 0, 0, 0, 0, 0, 1]</P>
    <P Name="Position">[1130, 242, 1200, 278]</P>
    <P Name="ZOrder">5510</P>
    <P Name="TreatAsAtomicUnit">on</P>
    <P Name="RequestExecContextInheritance">off</P>
    <System Ref="system_2371"/>
  </Block>
  <Block BlockType="Constant" Name="Wait  3 Seconds" SID="2375">
    <P Name="Position">[20, 405, 50, 435]</P>
    <P Name="ZOrder">5484</P>
    <P Name="Value">200*3</P>
  </Block>
  <Block BlockType="SubSystem" Name="estimator/Optical&#xA;flow error" SID="2376">
    <P Name="Ports">[0, 1, 0, 0, 0, 0, 0, 1]</P>
    <P Name="Position">[1240, 102, 1310, 138]</P>
    <P Name="ZOrder">5468</P>
    <P Name="TreatAsAtomicUnit">on</P>
    <P Name="RequestExecContextInheritance">off</P>
    <System Ref="system_2376"/>
  </Block>
  <Block BlockType="InportShadow" Name="land_flag1" SID="2380">
    <P Name="Position">[405, 358, 435, 372]</P>
    <P Name="ZOrder">5523</P>
  </Block>
  <Block BlockType="InportShadow" Name="states_estim1" SID="2381">
    <P Name="Position">[5, 478, 35, 492]</P>
    <P Name="ZOrder">5508</P>
    <P Name="Port">2</P>
  </Block>
  <Block BlockType="InportShadow" Name="states_estim2" SID="2382">
    <P Name="Position">[1005, 303, 1035, 317]</P>
    <P Name="ZOrder">5524</P>
    <P Name="Port">2</P>
  </Block>
  <Block BlockType="Outport" Name="Flag" SID="2383">
    <P Name="Position">[1595, 218, 1625, 232]</P>
    <P Name="ZOrder">1364</P>
    <P Name="VectorParamsAs1DForOutWhenUnconnected">off</P>
  </Block>
  <Line>
    <P Name="Name">&lt;X&gt;</P>
    <P Name="ZOrder">1</P>
    <P Name="Labels">[0, 0]</P>
    <P Name="Src">2310#out:1</P>
    <P Name="Dst">2291#in:1</P>
  </Line>
  <Line>
    <P Name="ZOrder">2</P>
    <P Name="Src">2288#out:1</P>
    <P Name="Dst">2310#in:1</P>
  </Line>
  <Line>
    <P Name="Name">&lt;Y&gt;</P>
    <P Name="ZOrder">3</P>
    <P Name="Labels">[0, 0]</P>
    <P Name="Src">2310#out:2</P>
    <P Name="Dst">2292#in:1</P>
  </Line>
  <Line>
    <P Name="ZOrder">4</P>
    <P Name="Src">2311#out:1</P>
    <P Name="Dst">2330#in:1</P>
  </Line>
  <Line>
    <P Name="ZOrder">5</P>
    <P Name="Src">2312#out:1</P>
    <P Name="Dst">2330#in:2</P>
  </Line>
  <Line>
    <P Name="ZOrder">6</P>
    <P Name="Src">2291#out:1</P>
    <P Name="Dst">2311#in:1</P>
  </Line>
  <Line>
    <P Name="ZOrder">7</P>
    <P Name="Src">2292#out:1</P>
    <P Name="Dst">2312#in:1</P>
  </Line>
  <Line>
    <P Name="ZOrder">8</P>
    <P Name="Src">2330#out:1</P>
    <P Name="Points">[210, 0; 0, -25]</P>
    <P Name="Dst">2318#in:1</P>
  </Line>
  <Line>
    <P Name="Name">&lt;opticalFlow_data&gt;</P>
    <P Name="ZOrder">9</P>
    <P Name="Labels">[0, 0]</P>
    <P Name="Src">2307#out:1</P>
    <P Name="Dst">2320#in:1</P>
  </Line>
  <Line>
    <P Name="Name">dx_OF</P>
    <P Name="ZOrder">10</P>
    <P Name="Labels">[1, 1]</P>
    <P Name="Src">2320#out:1</P>
    <P Name="Points">[41, 0; 0, -45]</P>
    <Branch>
      <P Name="ZOrder">11</P>
      <P Name="Points">[-14, 0; 0, -55]</P>
      <P Name="Dst">2295#in:1</P>
    </Branch>
    <Branch>
      <P Name="ZOrder">12</P>
      <P Name="Dst">2322#in:1</P>
    </Branch>
  </Line>
  <Line>
    <P Name="Name">dy_OF</P>
    <P Name="ZOrder">13</P>
    <P Name="Labels">[1, 1]</P>
    <P Name="Src">2320#out:2</P>
    <P Name="Points">[48, 0]</P>
    <Branch>
      <P Name="ZOrder">14</P>
      <P Name="Dst">2323#in:1</P>
    </Branch>
    <Branch>
      <P Name="ZOrder">15</P>
      <P Name="Points">[0, 30]</P>
      <P Name="Dst">2296#in:1</P>
    </Branch>
  </Line>
  <Line>
    <P Name="Name">&lt;dx&gt;</P>
    <P Name="ZOrder">16</P>
    <P Name="Labels">[0, 0]</P>
    <P Name="Src">2310#out:3</P>
    <P Name="Dst">2369#in:1</P>
  </Line>
  <Line>
    <P Name="ZOrder">17</P>
    <P Name="Src">2369#out:1</P>
    <P Name="Points">[3, 0; 0, -5]</P>
    <P Name="Dst">2293#in:1</P>
  </Line>
  <Line>
    <P Name="ZOrder">18</P>
    <P Name="Src">2370#out:1</P>
    <P Name="Dst">2294#in:1</P>
  </Line>
  <Line>
    <P Name="ZOrder">19</P>
    <P Name="Src">2293#out:1</P>
    <P Name="Dst">2313#in:1</P>
  </Line>
  <Line>
    <P Name="ZOrder">20</P>
    <P Name="Src">2294#out:1</P>
    <P Name="Dst">2314#in:1</P>
  </Line>
  <Line>
    <P Name="ZOrder">21</P>
    <P Name="Src">2316#out:1</P>
    <P Name="Dst">2332#in:2</P>
  </Line>
  <Line>
    <P Name="ZOrder">22</P>
    <P Name="Src">2295#out:1</P>
    <P Name="Dst">2315#in:1</P>
  </Line>
  <Line>
    <P Name="ZOrder">23</P>
    <P Name="Src">2296#out:1</P>
    <P Name="Dst">2316#in:1</P>
  </Line>
  <Line>
    <P Name="ZOrder">24</P>
    <P Name="Src">2314#out:1</P>
    <P Name="Dst">2332#in:1</P>
  </Line>
  <Line>
    <P Name="ZOrder">25</P>
    <P Name="Src">2331#out:1</P>
    <P Name="Points">[20, 0]</P>
    <P Name="Dst">2333#in:1</P>
  </Line>
  <Line>
    <P Name="ZOrder">26</P>
    <P Name="Src">2332#out:1</P>
    <P Name="Points">[10, 0; 0, 20]</P>
    <P Name="Dst">2333#in:2</P>
  </Line>
  <Line>
    <P Name="ZOrder">27</P>
    <P Name="Src">2333#out:1</P>
    <P Name="Points">[5, 0]</P>
    <P Name="Dst">2319#in:1</P>
  </Line>
  <Line>
    <P Name="ZOrder">28</P>
    <P Name="Src">2322#out:1</P>
    <P Name="Dst">2369#in:2</P>
  </Line>
  <Line>
    <P Name="Name">&lt;dy&gt;</P>
    <P Name="ZOrder">29</P>
    <P Name="Labels">[0, 0]</P>
    <P Name="Src">2310#out:4</P>
    <P Name="Points">[430, 0]</P>
    <P Name="Dst">2370#in:1</P>
  </Line>
  <Line>
    <P Name="ZOrder">30</P>
    <P Name="Src">2323#out:1</P>
    <P Name="Dst">2370#in:2</P>
  </Line>
  <Line>
    <P Name="ZOrder">31</P>
    <P Name="Src">2315#out:1</P>
    <P Name="Dst">2331#in:1</P>
  </Line>
  <Line>
    <P Name="ZOrder">32</P>
    <P Name="Src">2313#out:1</P>
    <P Name="Dst">2331#in:2</P>
  </Line>
  <Line>
    <P Name="ZOrder">33</P>
    <P Name="Src">2290#out:1</P>
    <P Name="Dst">2308#in:1</P>
  </Line>
  <Line>
    <P Name="Name">&lt;VisionSensors&gt;</P>
    <P Name="ZOrder">34</P>
    <P Name="Labels">[0, 0]</P>
    <P Name="Src">2308#out:1</P>
    <P Name="Dst">2307#in:1</P>
  </Line>
  <Line>
    <P Name="ZOrder">35</P>
    <P Name="Src">2334#out:1</P>
    <P Name="Dst">2383#in:1</P>
  </Line>
  <Line>
    <P Name="ZOrder">36</P>
    <P Name="Src">2329#out:1</P>
    <P Name="Points">[240, 0]</P>
    <P Name="Dst">2324#ifaction</P>
  </Line>
  <Line>
    <P Name="ZOrder">37</P>
    <P Name="Src">2329#out:2</P>
    <P Name="Points">[165, 0]</P>
    <P Name="Dst">2376#ifaction</P>
  </Line>
  <Line>
    <P Name="ZOrder">38</P>
    <P Name="Src">2329#out:5</P>
    <P Name="Points">[5, 0]</P>
    <P Name="Dst">2339#ifaction</P>
  </Line>
  <Line>
    <P Name="ZOrder">39</P>
    <P Name="Src">2324#out:1</P>
    <P Name="Points">[54, 0; 0, 85]</P>
    <P Name="Dst">2334#in:1</P>
  </Line>
  <Line>
    <P Name="ZOrder">40</P>
    <P Name="Src">2376#out:1</P>
    <P Name="Points">[116, 0; 0, 70]</P>
    <P Name="Dst">2334#in:2</P>
  </Line>
  <Line>
    <P Name="ZOrder">41</P>
    <P Name="Src">2339#out:1</P>
    <P Name="Points">[265, 0; 0, -40]</P>
    <P Name="Dst">2334#in:5</P>
  </Line>
  <Line>
    <P Name="ZOrder">42</P>
    <P Name="Src">2318#out:1</P>
    <P Name="Dst">2329#in:1</P>
  </Line>
  <Line>
    <P Name="ZOrder">43</P>
    <P Name="Src">2319#out:1</P>
    <P Name="Points">[25, 0; 0, -10]</P>
    <P Name="Dst">2329#in:2</P>
  </Line>
  <Line>
    <P Name="ZOrder">44</P>
    <P Name="Src">2335#out:1</P>
    <P Name="Points">[165, 0; 0, 45]</P>
    <P Name="Dst">2334#in:3</P>
  </Line>
  <Line>
    <P Name="ZOrder">45</P>
    <P Name="Src">2329#out:3</P>
    <P Name="Points">[100, 0]</P>
    <P Name="Dst">2335#ifaction</P>
  </Line>
  <Line>
    <P Name="ZOrder">46</P>
    <P Name="Src">2317#out:1</P>
    <P Name="Points">[27, 0; 0, 35]</P>
    <P Name="Dst">2328#in:1</P>
  </Line>
  <Line>
    <P Name="ZOrder">47</P>
    <P Name="Src">2375#out:1</P>
    <P Name="Points">[26, 0; 0, -25]</P>
    <P Name="Dst">2328#in:2</P>
  </Line>
  <Line>
    <P Name="ZOrder">48</P>
    <P Name="Src">2328#out:1</P>
    <P Name="Points">[79, 0]</P>
    <Branch>
      <P Name="ZOrder">49</P>
      <P Name="Points">[0, 65]</P>
      <P Name="Dst">2297#in:1</P>
    </Branch>
    <Branch>
      <P Name="ZOrder">50</P>
      <P Name="Dst">2352#in:3</P>
    </Branch>
  </Line>
  <Line>
    <P Name="ZOrder">51</P>
    <P Name="Src">2289#out:1</P>
    <P Name="Points">[55, 0; 0, -55]</P>
    <P Name="Dst">2321#in:2</P>
  </Line>
  <Line>
    <P Name="ZOrder">52</P>
    <P Name="Src">2381#out:1</P>
    <P Name="Dst">2309#in:1</P>
  </Line>
  <Line>
    <P Name="ZOrder">53</P>
    <P Name="Src">2371#out:1</P>
    <P Name="Dst">2334#in:4</P>
  </Line>
  <Line>
    <P Name="ZOrder">54</P>
    <P Name="Src">2329#out:4</P>
    <P Name="Points">[55, 0]</P>
    <P Name="Dst">2371#ifaction</P>
  </Line>
  <Line>
    <P Name="Name">&lt;Z&gt;</P>
    <P Name="ZOrder">55</P>
    <P Name="Labels">[1, 0]</P>
    <P Name="Src">2309#out:1</P>
    <P Name="Dst">2321#in:1</P>
  </Line>
  <Line>
    <P Name="Name">OF_status</P>
    <P Name="ZOrder">56</P>
    <P Name="Labels">[2, 1]</P>
    <P Name="Src">2320#out:3</P>
    <P Name="Points">[22, 0; 0, 90]</P>
    <P Name="Dst">2352#in:1</P>
  </Line>
  <Line>
    <P Name="ZOrder">57</P>
    <P Name="Src">2352#out:1</P>
    <P Name="Points">[319, 0; 0, -285]</P>
    <P Name="Dst">2329#in:3</P>
  </Line>
  <Line>
    <P Name="ZOrder">58</P>
    <P Name="Src">2321#out:1</P>
    <P Name="Dst">2297#in:2</P>
  </Line>
  <Line>
    <P Name="ZOrder">59</P>
    <P Name="Src">2297#out:1</P>
    <P Name="Points">[333, 0; 0, -375]</P>
    <P Name="Dst">2329#in:4</P>
  </Line>
  <Line>
    <P Name="ZOrder">60</P>
    <P Name="Src">2382#out:1</P>
    <P Name="Points">[13, 0; 0, 10]</P>
    <P Name="Dst">2339#in:1</P>
  </Line>
  <Line>
    <P Name="ZOrder">61</P>
    <P Name="Src">2287#out:1</P>
    <P Name="Points">[13, 0; 0, -10]</P>
    <P Name="Dst">2339#in:2</P>
  </Line>
  <Line>
    <P Name="ZOrder">62</P>
    <P Name="Src">2380#out:1</P>
    <P Name="Dst">2352#in:2</P>
  </Line>
</System>
