<?xml version="1.0" encoding="utf-8"?>
<System>
  <P Name="Location">[-8, -8, 1544, 832]</P>
  <P Name="SystemRect">[0.000000, 0.000000, 0.000000, 0.000000]</P>
  <P Name="SetExecutionDomain">off</P>
  <P Name="ExecutionDomainType">Deduce</P>
  <P Name="ZoomFactor">84</P>
  <P Name="SimulinkSubDomain">Simulink</P>
  <Block BlockType="Inport" Name="ReferenceValueServerCmds" SID="86">
    <P Name="Position">[-840, 163, -810, 177]</P>
    <P Name="ZOrder">222</P>
    <P Name="OutDataTypeStr">Bus: CommandBus</P>
  </Block>
  <Block BlockType="Inport" Name="Sensors" SID="277">
    <P Name="Position">[-840, 473, -810, 487]</P>
    <P Name="ZOrder">5457</P>
    <P Name="Port">2</P>
    <P Name="OutDataTypeStr">Bus: SensorsBus</P>
    <P Name="BusOutputAsStruct">on</P>
  </Block>
  <Block BlockType="Inport" Name="Vision-based Data" SID="403">
    <P Name="Position">[-280, 243, -250, 257]</P>
    <P Name="ZOrder">5464</P>
    <P Name="Port">3</P>
  </Block>
  <Block BlockType="BusSelector" Name="Bus&#xA;Selector1" SID="92">
    <P Name="Ports">[1, 1]</P>
    <P Name="Position">[-615, 506, -610, 584]</P>
    <P Name="ZOrder">1245</P>
    <P Name="ShowName">off</P>
    <P Name="OutputSignals">opticalFlow_data</P>
    <Port>
      <P Name="PortNumber">1</P>
      <P Name="Name">&lt;opticalFlow_data&gt;</P>
    </Port>
  </Block>
  <Block BlockType="BusSelector" Name="Bus&#xA;Selector4" SID="280">
    <P Name="Ports">[1, 2]</P>
    <P Name="Position">[-730, 531, -725, 584]</P>
    <P Name="ZOrder">5460</P>
    <P Name="ShowName">off</P>
    <P Name="OutputSignals">VisionSensors,SensorCalibration</P>
    <Port>
      <P Name="PortNumber">1</P>
      <P Name="Name">&lt;VisionSensors&gt;</P>
    </Port>
    <Port>
      <P Name="PortNumber">2</P>
      <P Name="Name">&lt;SensorCalibration&gt;</P>
    </Port>
  </Block>
  <Block BlockType="BusAssignment" Name="Control Mode Update" SID="623">
    <P Name="Ports">[2, 1]</P>
    <P Name="Position">[-575, 161, -530, 199]</P>
    <P Name="ZOrder">5634</P>
    <P Name="AssignedSignals">controlModePosVSOrient</P>
  </Block>
  <Block BlockType="SubSystem" Name="Controller" SID="1497">
    <P Name="Ports">[2, 1]</P>
    <P Name="Position">[180, 169, 370, 251]</P>
    <P Name="ZOrder">5647</P>
    <P Name="RequestExecContextInheritance">off</P>
    <System Ref="system_1497"/>
  </Block>
  <Block BlockType="SubSystem" Name="Crash Prediction Flags" SID="2286">
    <P Name="Ports">[4, 1]</P>
    <P Name="Position">[115, 525, 215, 615]</P>
    <P Name="ZOrder">5662</P>
    <P Name="RequestExecContextInheritance">off</P>
    <System Ref="system_2286"/>
  </Block>
  <Block BlockType="SubSystem" Name="Path Planning" SID="409">
    <P Name="Ports">[3, 2]</P>
    <P Name="Position">[-175, 165, 65, 265]</P>
    <P Name="ZOrder">5628</P>
    <P Name="BackgroundColor">[1.000000, 0.694118, 0.392157]</P>
    <P Name="DropShadow">on</P>
    <P Name="HideAutomaticName">off</P>
    <P Name="RequestExecContextInheritance">off</P>
    <System Ref="system_409"/>
  </Block>
  <Block BlockType="SubSystem" Name="State Estimator" SID="1168">
    <P Name="Ports">[4, 2]</P>
    <P Name="Position">[-530, 378, -360, 647]</P>
    <P Name="ZOrder">5645</P>
    <P Name="RequestExecContextInheritance">off</P>
    <System Ref="system_1168"/>
  </Block>
  <Block BlockType="ToWorkspace" Name="To Workspace" SID="1615">
    <P Name="Ports">[1]</P>
    <P Name="Position">[-215, 427, -105, 463]</P>
    <P Name="ZOrder">5651</P>
    <P Name="VariableName">estimatedStates</P>
    <P Name="MaxDataPoints">inf</P>
    <P Name="SaveFormat">Structure With Time</P>
    <P Name="FixptAsFi">on</P>
    <P Name="SampleTime">-1</P>
  </Block>
  <Block BlockType="Constant" Name="controlModePosVsOrient" SID="621">
    <P Name="Position">[-755, 280, -725, 310]</P>
    <P Name="ZOrder">5632</P>
    <P Name="OutDataTypeStr">boolean</P>
  </Block>
  <Block BlockType="Outport" Name="motorCmds" SID="137">
    <P Name="Position">[410, 203, 440, 217]</P>
    <P Name="ZOrder">188</P>
    <P Name="VectorParamsAs1DForOutWhenUnconnected">off</P>
  </Block>
  <Block BlockType="Outport" Name="Flag" SID="273">
    <P Name="Position">[260, 563, 290, 577]</P>
    <P Name="ZOrder">5455</P>
    <P Name="Port">2</P>
    <P Name="VectorParamsAs1DForOutWhenUnconnected">off</P>
  </Block>
  <Line>
    <P Name="ZOrder">6</P>
    <P Name="Src">86#out:1</P>
    <P Name="Dst">623#in:1</P>
  </Line>
  <Line>
    <P Name="Name">&lt;opticalFlow_data&gt;</P>
    <P Name="ZOrder">460</P>
    <P Name="Labels">[0, 0]</P>
    <P Name="Src">92#out:1</P>
    <P Name="Dst">1168#in:3</P>
  </Line>
  <Line>
    <P Name="Name">&lt;SensorCalibration&gt;</P>
    <P Name="ZOrder">464</P>
    <P Name="Labels">[0, 0]</P>
    <P Name="Src">280#out:2</P>
    <P Name="Points">[92, 0; 0, 40]</P>
    <P Name="Dst">1168#in:4</P>
  </Line>
  <Line>
    <P Name="ZOrder">138</P>
    <P Name="Src">409#out:1</P>
    <P Name="Dst">1497#in:1</P>
  </Line>
  <Line>
    <P Name="Name">&lt;VisionSensors&gt;</P>
    <P Name="ZOrder">106</P>
    <P Name="Labels">[-1, 0]</P>
    <P Name="Src">280#out:1</P>
    <P Name="Dst">92#in:1</P>
  </Line>
  <Line>
    <P Name="ZOrder">135</P>
    <P Name="Src">403#out:1</P>
    <P Name="Dst">409#in:3</P>
  </Line>
  <Line>
    <P Name="ZOrder">303</P>
    <P Name="Src">623#out:1</P>
    <P Name="Dst">409#in:1</P>
  </Line>
  <Line>
    <P Name="ZOrder">302</P>
    <P Name="Src">621#out:1</P>
    <P Name="Points">[111, 0]</P>
    <Branch>
      <P Name="ZOrder">456</P>
      <P Name="Points">[0, 120]</P>
      <P Name="Dst">1168#in:1</P>
    </Branch>
    <Branch>
      <P Name="ZOrder">313</P>
      <P Name="Points">[0, -105]</P>
      <P Name="Dst">623#in:2</P>
    </Branch>
  </Line>
  <Line>
    <P Name="ZOrder">507</P>
    <P Name="Src">1497#out:1</P>
    <P Name="Dst">137#in:1</P>
  </Line>
  <Line>
    <P Name="ZOrder">98</P>
    <P Name="Src">277#out:1</P>
    <P Name="Points">[35, 0]</P>
    <Branch>
      <P Name="ZOrder">603</P>
      <P Name="Dst">1168#in:2</P>
    </Branch>
    <Branch>
      <P Name="ZOrder">577</P>
      <P Name="Points">[0, 80]</P>
      <Branch>
        <P Name="ZOrder">783</P>
        <P Name="Points">[0, 123; 860, 0; 0, -83]</P>
        <P Name="Dst">2286#in:4</P>
      </Branch>
      <Branch>
        <P Name="ZOrder">584</P>
        <P Name="Dst">280#in:1</P>
      </Branch>
    </Branch>
  </Line>
  <Line>
    <P Name="ZOrder">468</P>
    <P Name="Src">1168#out:1</P>
    <P Name="Points">[28, 0]</P>
    <Branch>
      <P Name="ZOrder">785</P>
      <P Name="Points">[0, 115]</P>
      <P Name="Dst">2286#in:2</P>
    </Branch>
    <Branch>
      <P Name="ZOrder">772</P>
      <P Name="Dst">1615#in:1</P>
    </Branch>
    <Branch>
      <P Name="ZOrder">637</P>
      <P Name="Points">[0, -110]</P>
      <Branch>
        <P Name="ZOrder">776</P>
        <P Name="Points">[474, 0; 0, -105]</P>
        <P Name="Dst">1497#in:2</P>
      </Branch>
      <Branch>
        <P Name="ZOrder">593</P>
        <P Name="Points">[0, -120]</P>
        <P Name="Dst">409#in:2</P>
      </Branch>
    </Branch>
  </Line>
  <Line>
    <P Name="ZOrder">782</P>
    <P Name="Src">1168#out:2</P>
    <P Name="Dst">2286#in:3</P>
  </Line>
  <Line>
    <P Name="ZOrder">786</P>
    <P Name="Src">2286#out:1</P>
    <P Name="Dst">273#in:1</P>
  </Line>
  <Line>
    <P Name="ZOrder">784</P>
    <P Name="Src">409#out:2</P>
    <P Name="Points">[20, 0; 0, 300]</P>
    <P Name="Dst">2286#in:1</P>
  </Line>
  <Annotation SID="1545">
    <P Name="Name">Use &apos;1&apos; for X, Y, Z and Yaw control
Use &apos;0&apos; for Pitch, Roll and Yaw control</P>
    <P Name="Position">[-814, 352, -647, 378]</P>
    <P Name="InternalMargins">[0, 0, 0, 0]</P>
    <P Name="HorizontalAlignment">left</P>
    <P Name="VerticalAlignment">top</P>
    <P Name="ZOrder">-1</P>
  </Annotation>
  <Annotation SID="624">
    <P Name="Name">Position or Orientation Control</P>
    <P Name="Position">[-815, 243, -640, 347]</P>
    <P Name="InternalMargins">[0, 0, 0, 0]</P>
    <P Name="FixedHeight">on</P>
    <P Name="FixedWidth">on</P>
    <P Name="HorizontalAlignment">left</P>
    <P Name="VerticalAlignment">top</P>
    <P Name="ForegroundColor">[0.992157, 0.937255, 0.913725]</P>
    <P Name="BackgroundColor">[0.992157, 0.937255, 0.913725]</P>
    <P Name="DropShadow">on</P>
    <P Name="AnnotationType">area_annotation</P>
    <P Name="ZOrder">819</P>
    <P Name="FontName">Arial</P>
    <P Name="FontSize">12</P>
  </Annotation>
  <Annotation SID="595">
    <P Name="Name">Use this subsystem to change the path of the 
Minidrone using the Vision-based Data as an 
additional input.</P>
    <P Name="Position">[-213, 79, 114, 295]</P>
    <P Name="InternalMargins">[0, 0, 0, 0]</P>
    <P Name="FixedHeight">on</P>
    <P Name="FixedWidth">on</P>
    <P Name="HorizontalAlignment">left</P>
    <P Name="VerticalAlignment">top</P>
    <P Name="ForegroundColor">[0.992157, 0.937255, 0.913725]</P>
    <P Name="BackgroundColor">[0.992157, 0.937255, 0.913725]</P>
    <P Name="DropShadow">on</P>
    <P Name="AnnotationType">area_annotation</P>
    <P Name="ZOrder">818</P>
    <P Name="FontName">Arial</P>
    <P Name="FontSize">14</P>
    <P Name="FontWeight">bold</P>
  </Annotation>
  <Annotation SID="168">
    <P Name="Name">Derived from the work by Sertac 
Karaman and Fabian Riether</P>
    <P Name="Position">[-635, 79, -488, 105]</P>
    <P Name="InternalMargins">[0, 0, 0, 0]</P>
    <P Name="HorizontalAlignment">left</P>
    <P Name="VerticalAlignment">top</P>
    <P Name="ZOrder">-1</P>
  </Annotation>
</System>
