<?xml version="1.0" encoding="utf-8"?>
<System>
  <P Name="Location">[223, 338, 826, 833]</P>
  <P Name="SystemRect">[0.000000, 0.000000, 0.000000, 0.000000]</P>
  <P Name="SetExecutionDomain">off</P>
  <P Name="ExecutionDomainType">Deduce</P>
  <P Name="SIDHighWatermark">38</P>
  <P Name="SimulinkSubDomain">Simulink</P>
  <Block BlockType="Inport" Name="yaw" SID="2498::1">
    <P Name="Position">[20, 101, 40, 119]</P>
    <P Name="ZOrder">-1</P>
    <P Name="ForegroundColor">red</P>
  </Block>
  <Block BlockType="Inport" Name="xy_err_earth" SID="2498::22">
    <P Name="Position">[20, 136, 40, 154]</P>
    <P Name="ZOrder">13</P>
    <P Name="ForegroundColor">red</P>
    <P Name="Port">2</P>
  </Block>
  <Block BlockType="Demux" Name=" Demux " SID="2498::37">
    <P Name="Ports">[1, 1]</P>
    <P Name="Position">[270, 230, 320, 270]</P>
    <P Name="ZOrder">28</P>
    <P Name="Outputs">1</P>
  </Block>
  <Block BlockType="S-Function" Name=" SFunction " SID="2498::36">
    <P Name="Tag">Stateflow S-Function 2</P>
    <P Name="Ports">[2, 2]</P>
    <P Name="Position">[180, 100, 230, 160]</P>
    <P Name="ZOrder">27</P>
    <P Name="FunctionName">sf_sfun</P>
    <P Name="PortCounts">[2 2]</P>
    <P Name="SFunctionDeploymentMode">off</P>
    <P Name="EnableBusSupport">on</P>
    <P Name="SFcnIsStateOwnerBlock">off</P>
    <Port>
      <P Name="PortNumber">2</P>
      <P Name="Name">xy_err_body</P>
    </Port>
  </Block>
  <Block BlockType="Terminator" Name=" Terminator " SID="2498::38">
    <P Name="Position">[460, 241, 480, 259]</P>
    <P Name="ZOrder">29</P>
  </Block>
  <Block BlockType="Outport" Name="xy_err_body" SID="2498::23">
    <P Name="Position">[460, 101, 480, 119]</P>
    <P Name="ZOrder">14</P>
    <P Name="ForegroundColor">red</P>
  </Block>
  <Line>
    <P Name="ZOrder">16</P>
    <P Name="Src">2498::1#out:1</P>
    <P Name="Points">[80, 0; 0, 5]</P>
    <P Name="Dst">2498::36#in:1</P>
  </Line>
  <Line>
    <P Name="ZOrder">17</P>
    <P Name="Src">2498::22#out:1</P>
    <P Name="Dst">2498::36#in:2</P>
  </Line>
  <Line>
    <P Name="Name">xy_err_body</P>
    <P Name="ZOrder">18</P>
    <P Name="Labels">[0, 0]</P>
    <P Name="Src">2498::36#out:2</P>
    <P Name="Points">[111, 0; 0, -35]</P>
    <P Name="Dst">2498::23#in:1</P>
  </Line>
  <Line>
    <P Name="ZOrder">19</P>
    <P Name="Src">2498::37#out:1</P>
    <P Name="Dst">2498::38#in:1</P>
  </Line>
  <Line>
    <P Name="ZOrder">20</P>
    <P Name="Src">2498::36#out:1</P>
    <P Name="Points">[16, 0; 0, 135]</P>
    <P Name="Dst">2498::37#in:1</P>
  </Line>
</System>
