<?xml version="1.0" encoding="utf-8"?>
<System>
  <P Name="Location">[-8, -8, 1544, 832]</P>
  <P Name="SystemRect">[0.000000, 0.000000, 0.000000, 0.000000]</P>
  <P Name="SetExecutionDomain">off</P>
  <P Name="ExecutionDomainType">Deduce</P>
  <P Name="ZoomFactor">122</P>
  <P Name="SimulinkSubDomain">Simulink</P>
  <Block BlockType="Inport" Name="In Bus Element1" SID="1067">
    <P Name="Position">[1250, 490, 1260, 500]</P>
    <P Name="ZOrder">5662</P>
    <P Name="BackgroundColor">orange</P>
    <P Name="ShowName">off</P>
    <List ListType="InterfaceData">
      <P Name="Version">0</P>
      <P Name="PortNumber">1</P>
      <P Name="PortName">ReferenceValueServerBus</P>
      <P Name="Element">controlModePosVSOrient</P>
      <P Name="PortBlockIndex">1</P>
      <P Name="IsComposite">1</P>
      <P Name="IsClientServer">0</P>
    </List>
  </Block>
  <Block BlockType="Inport" Name="In Bus Element" SID="1068">
    <P Name="Position">[940, 420, 950, 430]</P>
    <P Name="ZOrder">5661</P>
    <P Name="BackgroundColor">lightBlue</P>
    <P Name="ShowName">off</P>
    <List ListType="InterfaceData">
      <P Name="Version">0</P>
      <P Name="PortNumber">1</P>
      <P Name="PortName">ReferenceValueServerBus</P>
      <P Name="Element">pos_ref</P>
      <P Name="PortBlockIndex">2</P>
      <P Name="IsComposite">1</P>
      <P Name="IsClientServer">0</P>
    </List>
  </Block>
  <Block BlockType="Inport" Name="In Bus Element5" SID="1070">
    <P Name="Position">[1260, 715, 1270, 725]</P>
    <P Name="ZOrder">5667</P>
    <P Name="BackgroundColor">lightBlue</P>
    <P Name="ShowName">off</P>
    <List ListType="InterfaceData">
      <P Name="Version">0</P>
      <P Name="PortNumber">1</P>
      <P Name="PortName">ReferenceValueServerBus</P>
      <P Name="Element">pos_ref</P>
      <P Name="PortBlockIndex">3</P>
      <P Name="IsComposite">1</P>
      <P Name="IsClientServer">0</P>
    </List>
  </Block>
  <Block BlockType="Inport" Name="In Bus Element2" SID="1071">
    <P Name="Position">[910, 625, 920, 635]</P>
    <P Name="ZOrder">5663</P>
    <P Name="BackgroundColor">magenta</P>
    <P Name="ShowName">off</P>
    <List ListType="InterfaceData">
      <P Name="Version">0</P>
      <P Name="PortNumber">1</P>
      <P Name="PortName">ReferenceValueServerBus</P>
      <P Name="Element">orient_ref</P>
      <P Name="PortBlockIndex">4</P>
      <P Name="IsComposite">1</P>
      <P Name="IsClientServer">0</P>
    </List>
  </Block>
  <Block BlockType="Inport" Name="In Bus Element6" SID="1072">
    <P Name="Position">[1170, 545, 1180, 555]</P>
    <P Name="ZOrder">5670</P>
    <P Name="BackgroundColor">magenta</P>
    <P Name="ShowName">off</P>
    <List ListType="InterfaceData">
      <P Name="Version">0</P>
      <P Name="PortNumber">1</P>
      <P Name="PortName">ReferenceValueServerBus</P>
      <P Name="Element">orient_ref</P>
      <P Name="PortBlockIndex">5</P>
      <P Name="IsComposite">1</P>
      <P Name="IsClientServer">0</P>
    </List>
  </Block>
  <Block BlockType="Inport" Name="In Bus Element3" SID="1074">
    <P Name="Position">[1260, 735, 1270, 745]</P>
    <P Name="ZOrder">5664</P>
    <P Name="BackgroundColor">black</P>
    <P Name="ShowName">off</P>
    <List ListType="InterfaceData">
      <P Name="Version">0</P>
      <P Name="PortNumber">1</P>
      <P Name="PortName">ReferenceValueServerBus</P>
      <P Name="Element">takeoff_flag</P>
      <P Name="PortBlockIndex">6</P>
      <P Name="IsComposite">1</P>
      <P Name="IsClientServer">0</P>
    </List>
  </Block>
  <Block BlockType="Inport" Name="states_estim" SID="1075">
    <P Name="Position">[1000, 653, 1030, 667]</P>
    <P Name="ZOrder">5655</P>
    <P Name="Port">2</P>
  </Block>
  <Block BlockType="SubSystem" Name="Altitude Controller" SID="1141">
    <P Name="Ports">[3, 1]</P>
    <P Name="Position">[1420, 690, 1525, 750]</P>
    <P Name="ZOrder">5647</P>
    <P Name="RequestExecContextInheritance">off</P>
    <System Ref="system_1141"/>
  </Block>
  <Block BlockType="SubSystem" Name="Attitude Controller" SID="2467">
    <P Name="Ports">[2, 2]</P>
    <P Name="Position">[1420, 458, 1510, 607]</P>
    <P Name="ZOrder">5685</P>
    <P Name="ForegroundColor">red</P>
    <P Name="RequestExecContextInheritance">off</P>
    <System Ref="system_2467"/>
  </Block>
  <Block BlockType="SubSystem" Name="ControlMixer" SID="1096">
    <P Name="Ports">[4, 1]</P>
    <P Name="Position">[1565, 452, 1680, 763]</P>
    <P Name="ZOrder">5651</P>
    <P Name="DropShadow">on</P>
    <P Name="RequestExecContextInheritance">off</P>
    <System Ref="system_1096"/>
  </Block>
  <Block BlockType="SubSystem" Name="Position Controller" SID="2487">
    <P Name="Ports">[2, 1]</P>
    <P Name="Position">[1090, 411, 1220, 464]</P>
    <P Name="ZOrder">5686</P>
    <P Name="ForegroundColor">red</P>
    <P Name="RequestExecContextInheritance">off</P>
    <System Ref="system_2487"/>
  </Block>
  <Block BlockType="Selector" Name="Selector" SID="1106">
    <P Name="Ports">[1, 1]</P>
    <P Name="Position">[1305, 708, 1340, 732]</P>
    <P Name="ZOrder">5666</P>
    <P Name="ShowName">off</P>
    <P Name="HideAutomaticName">off</P>
    <P Name="InputPortWidth">3</P>
    <P Name="IndexOptions">Index vector (dialog)</P>
    <P Name="Indices">3</P>
    <P Name="OutputSizes">1</P>
  </Block>
  <Block BlockType="Selector" Name="Selector1" SID="1107">
    <P Name="Ports">[1, 1]</P>
    <P Name="Position">[980, 413, 1015, 437]</P>
    <P Name="ZOrder">5668</P>
    <P Name="ShowName">off</P>
    <P Name="HideAutomaticName">off</P>
    <P Name="InputPortWidth">3</P>
    <P Name="IndexOptions">Index vector (dialog)</P>
    <P Name="Indices">[1 2]</P>
    <P Name="OutputSizes">1</P>
    <Port>
      <P Name="PortNumber">1</P>
      <P Name="Name">pos</P>
    </Port>
  </Block>
  <Block BlockType="Selector" Name="Selector2" SID="1108">
    <P Name="Ports">[1, 1]</P>
    <P Name="Position">[1215, 538, 1250, 562]</P>
    <P Name="ZOrder">5669</P>
    <P Name="ShowName">off</P>
    <P Name="HideAutomaticName">off</P>
    <P Name="InputPortWidth">3</P>
    <P Name="IndexOptions">Index vector (dialog)</P>
    <P Name="Indices">[2 3]</P>
    <P Name="OutputSizes">1</P>
  </Block>
  <Block BlockType="Selector" Name="Selector3" SID="1109">
    <P Name="Ports">[1, 1]</P>
    <P Name="Position">[955, 618, 990, 642]</P>
    <P Name="ZOrder">5671</P>
    <P Name="ShowName">off</P>
    <P Name="HideAutomaticName">off</P>
    <P Name="InputPortWidth">3</P>
    <P Name="IndexOptions">Index vector (dialog)</P>
    <P Name="Indices">1</P>
    <P Name="OutputSizes">1</P>
  </Block>
  <Block BlockType="Switch" Name="Switch_refAtt" SID="1110">
    <P Name="Position">[1280, 414, 1330, 576]</P>
    <P Name="ZOrder">5652</P>
    <P Name="Criteria">u2 &gt; Threshold</P>
    <P Name="InputSameDT">off</P>
    <P Name="SaturateOnIntegerOverflow">off</P>
  </Block>
  <Block BlockType="SubSystem" Name="Yaw Controller" SID="2511">
    <P Name="Ports">[2, 1]</P>
    <P Name="Position">[1090, 615, 1220, 675]</P>
    <P Name="ZOrder">5687</P>
    <P Name="ForegroundColor">red</P>
    <P Name="RequestExecContextInheritance">off</P>
    <System Ref="system_2511"/>
  </Block>
  <Block BlockType="InportShadow" Name="states_estim1" SID="1157">
    <P Name="Position">[1350, 693, 1380, 707]</P>
    <P Name="ZOrder">5658</P>
    <P Name="ShowName">off</P>
    <P Name="HideAutomaticName">off</P>
    <P Name="Port">2</P>
  </Block>
  <Block BlockType="InportShadow" Name="states_estim2" SID="1158">
    <P Name="Position">[1350, 563, 1380, 577]</P>
    <P Name="ZOrder">5659</P>
    <P Name="ShowName">off</P>
    <P Name="HideAutomaticName">off</P>
    <P Name="Port">2</P>
  </Block>
  <Block BlockType="InportShadow" Name="states_estim3" SID="1159">
    <P Name="Position">[1030, 443, 1060, 457]</P>
    <P Name="ZOrder">5660</P>
    <P Name="ShowName">off</P>
    <P Name="HideAutomaticName">off</P>
    <P Name="Port">2</P>
  </Block>
  <Block BlockType="SubSystem" Name="thrustsToMotorCommands" SID="1160">
    <P Name="Ports">[1, 1]</P>
    <P Name="Position">[1715, 585, 1840, 635]</P>
    <P Name="ZOrder">5653</P>
    <P Name="RequestExecContextInheritance">off</P>
    <System Ref="system_1160"/>
  </Block>
  <Block BlockType="Outport" Name="motors_refout" SID="1166">
    <P Name="Position">[1870, 603, 1900, 617]</P>
    <P Name="ZOrder">5657</P>
    <P Name="VectorParamsAs1DForOutWhenUnconnected">off</P>
  </Block>
  <Line>
    <P Name="ZOrder">454</P>
    <P Name="Src">1160#out:1</P>
    <P Name="Dst">1166#in:1</P>
  </Line>
  <Line>
    <P Name="ZOrder">457</P>
    <P Name="Src">1070#out:1</P>
    <P Name="Dst">1106#in:1</P>
  </Line>
  <Line>
    <P Name="ZOrder">492</P>
    <P Name="Src">2467#out:2</P>
    <P Name="Dst">1096#in:2</P>
  </Line>
  <Line>
    <P Name="ZOrder">495</P>
    <P Name="Src">1159#out:1</P>
    <P Name="Dst">2487#in:2</P>
  </Line>
  <Line>
    <P Name="ZOrder">460</P>
    <P Name="Src">1072#out:1</P>
    <P Name="Dst">1108#in:1</P>
  </Line>
  <Line>
    <P Name="ZOrder">497</P>
    <P Name="Src">1109#out:1</P>
    <P Name="Dst">2511#in:1</P>
  </Line>
  <Line>
    <P Name="ZOrder">462</P>
    <P Name="Src">1068#out:1</P>
    <P Name="Dst">1107#in:1</P>
  </Line>
  <Line>
    <P Name="ZOrder">463</P>
    <P Name="Src">1096#out:1</P>
    <P Name="Dst">1160#in:1</P>
  </Line>
  <Line>
    <P Name="ZOrder">464</P>
    <P Name="Src">1108#out:1</P>
    <P Name="Dst">1110#in:3</P>
  </Line>
  <Line>
    <P Name="ZOrder">493</P>
    <P Name="Src">2467#out:1</P>
    <P Name="Dst">1096#in:1</P>
  </Line>
  <Line>
    <P Name="ZOrder">466</P>
    <P Name="Src">1141#out:1</P>
    <P Name="Dst">1096#in:4</P>
  </Line>
  <Line>
    <P Name="Name">pos</P>
    <P Name="ZOrder">494</P>
    <P Name="Labels">[1, 0]</P>
    <P Name="Src">1107#out:1</P>
    <P Name="Dst">2487#in:1</P>
  </Line>
  <Line>
    <P Name="ZOrder">468</P>
    <P Name="Src">1157#out:1</P>
    <P Name="Dst">1141#in:1</P>
  </Line>
  <Line>
    <P Name="ZOrder">469</P>
    <P Name="Src">1106#out:1</P>
    <P Name="Dst">1141#in:2</P>
  </Line>
  <Line>
    <P Name="ZOrder">482</P>
    <P Name="Src">1074#out:1</P>
    <P Name="Dst">1141#in:3</P>
  </Line>
  <Line>
    <P Name="ZOrder">498</P>
    <P Name="Src">1075#out:1</P>
    <P Name="Dst">2511#in:2</P>
  </Line>
  <Line>
    <P Name="ZOrder">496</P>
    <P Name="Src">2487#out:1</P>
    <P Name="Dst">1110#in:1</P>
  </Line>
  <Line>
    <P Name="ZOrder">475</P>
    <P Name="Src">1071#out:1</P>
    <P Name="Dst">1109#in:1</P>
  </Line>
  <Line>
    <P Name="ZOrder">499</P>
    <P Name="Src">2511#out:1</P>
    <P Name="Dst">1096#in:3</P>
  </Line>
  <Line>
    <P Name="ZOrder">477</P>
    <P Name="Src">1067#out:1</P>
    <P Name="Dst">1110#in:2</P>
  </Line>
  <Line>
    <P Name="ZOrder">491</P>
    <P Name="Src">1110#out:1</P>
    <P Name="Dst">2467#in:1</P>
  </Line>
  <Line>
    <P Name="ZOrder">490</P>
    <P Name="Src">1158#out:1</P>
    <P Name="Dst">2467#in:2</P>
  </Line>
</System>
