<?xml version="1.0" encoding="utf-8"?>
<System>
  <P Name="Location">[791, 236, 1761, 971]</P>
  <P Name="SystemRect">[0.000000, 0.000000, 0.000000, 0.000000]</P>
  <P Name="SetExecutionDomain">off</P>
  <P Name="ExecutionDomainType">Deduce</P>
  <P Name="ZoomFactor">89</P>
  <P Name="SimulinkSubDomain">Simulink</P>
  <Block BlockType="Inport" Name="dxy_estimin" SID="2621">
    <P Name="Position">[380, 128, 410, 142]</P>
    <P Name="ZOrder">1125</P>
    <P Name="ForegroundColor">red</P>
  </Block>
  <Block BlockType="Inport" Name="sensorIMU_datin" SID="2622">
    <P Name="Position">[475, 265, 515, 285]</P>
    <P Name="ZOrder">1117</P>
    <P Name="ForegroundColor">red</P>
    <P Name="Port">2</P>
  </Block>
  <Block BlockType="Inport" Name="orient_estimin" SID="2623">
    <P Name="Position">[85, 217, 125, 233]</P>
    <P Name="ZOrder">1116</P>
    <P Name="ForegroundColor">red</P>
    <P Name="NameLocation">top</P>
    <P Name="Port">3</P>
  </Block>
  <Block BlockType="Inport" Name="Z_estimin" SID="2624">
    <P Name="Position">[525, 373, 555, 387]</P>
    <P Name="ZOrder">1122</P>
    <P Name="ForegroundColor">red</P>
    <P Name="Port">4</P>
  </Block>
  <Block BlockType="Sum" Name="Add" SID="2625">
    <P Name="Ports">[2, 1]</P>
    <P Name="Position">[685, 224, 710, 291]</P>
    <P Name="ZOrder">422</P>
    <P Name="ForegroundColor">red</P>
    <P Name="ShowName">off</P>
    <P Name="IconShape">rectangular</P>
    <P Name="Inputs">-+</P>
  </Block>
  <Block BlockType="BusSelector" Name="Bus&#xA;Selector1" SID="2626">
    <P Name="Ports">[1, 3]</P>
    <P Name="Position">[565, 256, 570, 294]</P>
    <P Name="ZOrder">1114</P>
    <P Name="ForegroundColor">red</P>
    <P Name="ShowName">off</P>
    <P Name="OutputSignals">ddx,ddy,ddz</P>
    <Port>
      <P Name="PortNumber">1</P>
      <P Name="Name">&lt;ddx&gt;</P>
    </Port>
    <Port>
      <P Name="PortNumber">2</P>
      <P Name="Name">&lt;ddy&gt;</P>
    </Port>
    <Port>
      <P Name="PortNumber">3</P>
      <P Name="Name">&lt;ddz&gt;</P>
    </Port>
  </Block>
  <Block BlockType="Reference" Name="Deactivate Acceleration If OF is not used due to low altitude" SID="2627">
    <P Name="Ports">[1, 1]</P>
    <P Name="Position">[620, 367, 795, 393]</P>
    <P Name="ZOrder">1121</P>
    <P Name="ForegroundColor">red</P>
    <P Name="LibraryVersion">1.488</P>
    <P Name="SourceBlock">simulink/Logic and Bit
Operations/Compare
To Constant</P>
    <P Name="SourceType">Compare To Constant</P>
    <P Name="SourceProductBaseCode">SL</P>
    <InstanceData>
      <P Name="RTWMemSecFuncInitTerm">Inherit from model</P>
      <P Name="RTWMemSecFuncExecute">Inherit from model</P>
      <P Name="RTWMemSecDataConstants">Inherit from model</P>
      <P Name="RTWMemSecDataInternal">Inherit from model</P>
      <P Name="RTWMemSecDataParameters">Inherit from model</P>
      <P Name="ContentPreviewEnabled">off</P>
      <P Name="relop">&lt;=</P>
      <P Name="const">Estimator.pos.opticalFlowZMax</P>
      <P Name="OutDataTypeStr">boolean</P>
      <P Name="ZeroCross">on</P>
    </InstanceData>
  </Block>
  <Block BlockType="Logic" Name="Logical&#xA;Operator" SID="2628">
    <P Name="Ports">[2, 1]</P>
    <P Name="Position">[820, 82, 855, 198]</P>
    <P Name="ZOrder">1131</P>
    <P Name="ForegroundColor">red</P>
    <P Name="ShowName">off</P>
    <P Name="Operator">OR</P>
    <P Name="AllPortsSameDT">off</P>
    <P Name="OutDataTypeStr">boolean</P>
  </Block>
  <Block BlockType="Mux" Name="Mux6" SID="2629">
    <P Name="Ports">[3, 1]</P>
    <P Name="Position">[620, 256, 625, 294]</P>
    <P Name="ZOrder">1115</P>
    <P Name="ForegroundColor">red</P>
    <P Name="ShowName">off</P>
    <P Name="Inputs">3</P>
    <P Name="DisplayOption">bar</P>
  </Block>
  <Block BlockType="Product" Name="Product" SID="2630">
    <P Name="Ports">[3, 1]</P>
    <P Name="Position">[940, 81, 965, 439]</P>
    <P Name="ZOrder">1123</P>
    <P Name="ForegroundColor">red</P>
    <P Name="ShowName">off</P>
    <P Name="Inputs">3</P>
  </Block>
  <Block BlockType="Product" Name="Product1" SID="2631">
    <P Name="Ports">[2, 1]</P>
    <P Name="Position">[355, 209, 400, 271]</P>
    <P Name="ZOrder">1133</P>
    <P Name="ForegroundColor">red</P>
    <P Name="ShowName">off</P>
    <P Name="Multiplication">Matrix(*)</P>
  </Block>
  <Block BlockType="Reference" Name="Rotation Angles to&#xA;Direction Cosine Matrix" SID="2632">
    <P Name="Ports">[1, 1]</P>
    <P Name="Position">[235, 211, 330, 239]</P>
    <P Name="ZOrder">1132</P>
    <P Name="ForegroundColor">red</P>
    <P Name="BackgroundColor">[1.000000, 0.501961, 0.501961]</P>
    <P Name="ShowName">off</P>
    <P Name="AttributesFormatString">Rotation Order: %&lt;rotationOrder&gt;</P>
    <P Name="LibraryVersion">6.0</P>
    <P Name="SourceBlock">sharedtransform/Rotation Angles to
Direction Cosine Matrix</P>
    <P Name="SourceType">Ang2DCM</P>
    <P Name="SourceProductBaseCode">AE,PW,DR,MT,UV,VE</P>
    <InstanceData>
      <P Name="RTWMemSecFuncInitTerm">Inherit from model</P>
      <P Name="RTWMemSecFuncExecute">Inherit from model</P>
      <P Name="RTWMemSecDataConstants">Inherit from model</P>
      <P Name="RTWMemSecDataInternal">Inherit from model</P>
      <P Name="RTWMemSecDataParameters">Inherit from model</P>
      <P Name="ContentPreviewEnabled">off</P>
      <P Name="rotationOrder">ZYX</P>
      <P Name="aMode">aMode</P>
    </InstanceData>
  </Block>
  <Block BlockType="Selector" Name="SelectPlanarddxy" SID="2633">
    <P Name="Ports">[1, 1]</P>
    <P Name="Position">[745, 238, 770, 282]</P>
    <P Name="ZOrder">393</P>
    <P Name="ForegroundColor">red</P>
    <P Name="InputPortWidth">3</P>
    <P Name="IndexOptions">Index vector (dialog)</P>
    <P Name="Indices">[1 2]</P>
    <P Name="OutputSizes">1</P>
  </Block>
  <Block BlockType="Selector" Name="Selector" SID="2634">
    <P Name="Ports">[1, 1]</P>
    <P Name="Position">[520, 91, 560, 129]</P>
    <P Name="ZOrder">1126</P>
    <P Name="ForegroundColor">red</P>
    <P Name="ShowName">off</P>
    <P Name="InputPortWidth">2</P>
    <P Name="IndexOptions">Index vector (dialog)</P>
    <P Name="Indices">1</P>
    <P Name="OutputSizes">1</P>
  </Block>
  <Block BlockType="Selector" Name="Selector1" SID="2635">
    <P Name="Ports">[1, 1]</P>
    <P Name="Position">[520, 151, 560, 189]</P>
    <P Name="ZOrder">1128</P>
    <P Name="ForegroundColor">red</P>
    <P Name="ShowName">off</P>
    <P Name="InputPortWidth">2</P>
    <P Name="IndexOptions">Index vector (dialog)</P>
    <P Name="Indices">2</P>
    <P Name="OutputSizes">1</P>
  </Block>
  <Block BlockType="Reference" Name="do not use acc if optical flow never available&#xA;(Note OF@60Hz but ZOH to 200!)" SID="2636">
    <P Name="Ports">[1, 1]</P>
    <P Name="Position">[685, 97, 750, 123]</P>
    <P Name="ZOrder">1129</P>
    <P Name="ForegroundColor">red</P>
    <P Name="LibraryVersion">1.488</P>
    <P Name="SourceBlock">simulink/Logic and Bit
Operations/Compare
To Constant</P>
    <P Name="SourceType">Compare To Constant</P>
    <P Name="SourceProductBaseCode">SL</P>
    <InstanceData>
      <P Name="RTWMemSecFuncInitTerm">Inherit from model</P>
      <P Name="RTWMemSecFuncExecute">Inherit from model</P>
      <P Name="RTWMemSecDataConstants">Inherit from model</P>
      <P Name="RTWMemSecDataInternal">Inherit from model</P>
      <P Name="RTWMemSecDataParameters">Inherit from model</P>
      <P Name="ContentPreviewEnabled">off</P>
      <P Name="relop">~=</P>
      <P Name="const">0</P>
      <P Name="OutDataTypeStr">boolean</P>
      <P Name="ZeroCross">on</P>
    </InstanceData>
  </Block>
  <Block BlockType="Reference" Name="do not use acc if optical flow never available&#xA;(Note OF@60Hz but ZOH to 200!)1" SID="2637">
    <P Name="Ports">[1, 1]</P>
    <P Name="Position">[685, 157, 750, 183]</P>
    <P Name="ZOrder">1130</P>
    <P Name="ForegroundColor">red</P>
    <P Name="LibraryVersion">1.488</P>
    <P Name="SourceBlock">simulink/Logic and Bit
Operations/Compare
To Constant</P>
    <P Name="SourceType">Compare To Constant</P>
    <P Name="SourceProductBaseCode">SL</P>
    <InstanceData>
      <P Name="RTWMemSecFuncInitTerm">Inherit from model</P>
      <P Name="RTWMemSecFuncExecute">Inherit from model</P>
      <P Name="RTWMemSecDataConstants">Inherit from model</P>
      <P Name="RTWMemSecDataInternal">Inherit from model</P>
      <P Name="RTWMemSecDataParameters">Inherit from model</P>
      <P Name="ContentPreviewEnabled">off</P>
      <P Name="relop">~=</P>
      <P Name="const">0</P>
      <P Name="OutDataTypeStr">boolean</P>
      <P Name="ZeroCross">on</P>
    </InstanceData>
  </Block>
  <Block BlockType="Gain" Name="gainaccinput1" SID="2638">
    <P Name="Position">[810, 235, 905, 285]</P>
    <P Name="ZOrder">1134</P>
    <P Name="ForegroundColor">red</P>
    <P Name="OutDataTypeStr">single</P>
  </Block>
  <Block BlockType="Constant" Name="gravity" SID="2639">
    <P Name="Position">[145, 242, 220, 268]</P>
    <P Name="ZOrder">418</P>
    <P Name="ForegroundColor">magenta</P>
    <P Name="Value">[0 0 -g]</P>
  </Block>
  <Block BlockType="Outport" Name="acceleration_world" SID="2640">
    <P Name="Position">[1015, 253, 1045, 267]</P>
    <P Name="ZOrder">1118</P>
    <P Name="ForegroundColor">red</P>
    <P Name="OutDataTypeStr">single</P>
    <P Name="VectorParamsAs1DForOutWhenUnconnected">off</P>
  </Block>
  <Line>
    <P Name="ZOrder">1</P>
    <P Name="Src">2637#out:1</P>
    <P Name="Dst">2628#in:2</P>
  </Line>
  <Line>
    <P Name="ZOrder">2</P>
    <P Name="Src">2636#out:1</P>
    <P Name="Dst">2628#in:1</P>
  </Line>
  <Line>
    <P Name="ZOrder">3</P>
    <P Name="Src">2628#out:1</P>
    <P Name="Dst">2630#in:1</P>
  </Line>
  <Line>
    <P Name="ZOrder">4</P>
    <P Name="Src">2635#out:1</P>
    <P Name="Dst">2637#in:1</P>
  </Line>
  <Line>
    <P Name="ZOrder">5</P>
    <P Name="Src">2634#out:1</P>
    <P Name="Dst">2636#in:1</P>
  </Line>
  <Line>
    <P Name="ZOrder">6</P>
    <P Name="Src">2621#out:1</P>
    <P Name="Points">[50, 0]</P>
    <Branch>
      <P Name="ZOrder">7</P>
      <P Name="Points">[0, 35]</P>
      <P Name="Dst">2635#in:1</P>
    </Branch>
    <Branch>
      <P Name="ZOrder">8</P>
      <P Name="Points">[0, -25]</P>
      <P Name="Dst">2634#in:1</P>
    </Branch>
  </Line>
  <Line>
    <P Name="ZOrder">9</P>
    <P Name="Src">2630#out:1</P>
    <P Name="Dst">2640#in:1</P>
  </Line>
  <Line>
    <P Name="ZOrder">10</P>
    <P Name="Src">2627#out:1</P>
    <P Name="Dst">2630#in:3</P>
  </Line>
  <Line>
    <P Name="ZOrder">11</P>
    <P Name="Src">2624#out:1</P>
    <P Name="Dst">2627#in:1</P>
  </Line>
  <Line>
    <P Name="ZOrder">12</P>
    <P Name="Src">2625#out:1</P>
    <P Name="Dst">2633#in:1</P>
  </Line>
  <Line>
    <P Name="ZOrder">13</P>
    <P Name="Src">2631#out:1</P>
    <P Name="Dst">2625#in:1</P>
  </Line>
  <Line>
    <P Name="ZOrder">14</P>
    <P Name="Src">2639#out:1</P>
    <P Name="Dst">2631#in:2</P>
  </Line>
  <Line>
    <P Name="ZOrder">15</P>
    <P Name="Src">2633#out:1</P>
    <P Name="Dst">2638#in:1</P>
  </Line>
  <Line>
    <P Name="Name">&lt;ddz&gt;</P>
    <P Name="ZOrder">16</P>
    <P Name="Labels">[0, 0]</P>
    <P Name="Src">2626#out:3</P>
    <P Name="Dst">2629#in:3</P>
  </Line>
  <Line>
    <P Name="Name">&lt;ddx&gt;</P>
    <P Name="ZOrder">17</P>
    <P Name="Labels">[0, 0]</P>
    <P Name="Src">2626#out:1</P>
    <P Name="Dst">2629#in:1</P>
  </Line>
  <Line>
    <P Name="ZOrder">18</P>
    <P Name="Src">2622#out:1</P>
    <P Name="Dst">2626#in:1</P>
  </Line>
  <Line>
    <P Name="ZOrder">19</P>
    <P Name="Src">2629#out:1</P>
    <P Name="Dst">2625#in:2</P>
  </Line>
  <Line>
    <P Name="Name">&lt;ddy&gt;</P>
    <P Name="ZOrder">20</P>
    <P Name="Labels">[0, 0]</P>
    <P Name="Src">2626#out:2</P>
    <P Name="Dst">2629#in:2</P>
  </Line>
  <Line>
    <P Name="ZOrder">21</P>
    <P Name="Src">2623#out:1</P>
    <P Name="Dst">2632#in:1</P>
  </Line>
  <Line>
    <P Name="ZOrder">22</P>
    <P Name="Src">2632#out:1</P>
    <P Name="Dst">2631#in:1</P>
  </Line>
  <Line>
    <P Name="ZOrder">23</P>
    <P Name="Src">2638#out:1</P>
    <P Name="Dst">2630#in:2</P>
  </Line>
</System>
