<?xml version="1.0" encoding="utf-8"?>
<System>
  <P Name="Location">[-8, -8, 1610, 860]</P>
  <P Name="SystemRect">[0.000000, 0.000000, 0.000000, 0.000000]</P>
  <P Name="SetExecutionDomain">off</P>
  <P Name="ExecutionDomainType">Deduce</P>
  <P Name="SimulinkSubDomain">Simulink</P>
  <Block BlockType="Inport" Name="In1" SID="2906">
    <P Name="Position">[25, 33, 55, 47]</P>
    <P Name="ZOrder">-1</P>
  </Block>
  <Block BlockType="DiscreteIntegrator" Name="Discrete-Time&#xA;Integrator" SID="2907">
    <P Name="Ports">[1, 1]</P>
    <P Name="Position">[155, 22, 190, 58]</P>
    <P Name="ZOrder">2</P>
    <P Name="InitialConditionSetting">Auto</P>
    <P Name="SampleTime">-1</P>
    <P Name="ICPrevOutput">DiscIntNeverNeededParam</P>
    <P Name="ICPrevScaledInput">DiscIntNeverNeededParam</P>
  </Block>
  <Block BlockType="Integrator" Name="Integrator" SID="2908">
    <P Name="Ports">[1, 1]</P>
    <P Name="Position">[90, -120, 120, -90]</P>
    <P Name="ZOrder">-2</P>
    <P Name="Commented">on</P>
  </Block>
  <Block BlockType="Math" Name="Math&#xA;Function" SID="2909">
    <P Name="Ports">[1, 1]</P>
    <P Name="Position">[90, 25, 120, 55]</P>
    <P Name="ZOrder">-3</P>
    <P Name="Operator">square</P>
    <P Name="SignedPower">on</P>
  </Block>
  <Block BlockType="Outport" Name="Out1" SID="2910">
    <P Name="Position">[230, 33, 260, 47]</P>
    <P Name="ZOrder">-4</P>
  </Block>
  <Line>
    <P Name="ZOrder">1</P>
    <P Name="Src">2906#out:1</P>
    <P Name="Dst">2909#in:1</P>
  </Line>
  <Line>
    <P Name="ZOrder">2</P>
    <P Name="Src">2909#out:1</P>
    <P Name="Dst">2907#in:1</P>
  </Line>
  <Line>
    <P Name="ZOrder">3</P>
    <P Name="Src">2907#out:1</P>
    <P Name="Dst">2910#in:1</P>
  </Line>
</System>
