<?xml version="1.0" encoding="utf-8"?>
<System>
  <P Name="Location">[28, 28, 1048, 796]</P>
  <P Name="SystemRect">[0.000000, 0.000000, 0.000000, 0.000000]</P>
  <P Name="SetExecutionDomain">off</P>
  <P Name="ExecutionDomainType">Deduce</P>
  <P Name="ZoomFactor">183</P>
  <P Name="SimulinkSubDomain">Simulink</P>
  <Block BlockType="Inport" Name="Enable_Alt_Check" SID="2298">
    <P Name="Position">[70, 413, 100, 427]</P>
    <P Name="ZOrder">5508</P>
  </Block>
  <Block BlockType="Inport" Name="Diff" SID="2299">
    <P Name="Position">[105, 348, 135, 362]</P>
    <P Name="ZOrder">5509</P>
    <P Name="Port">2</P>
  </Block>
  <Block BlockType="Constant" Name="    " SID="2300">
    <P Name="Position">[105, 475, 135, 505]</P>
    <P Name="ZOrder">5507</P>
    <P Name="Value">0</P>
    <P Name="OutDataTypeStr">single</P>
  </Block>
  <Block BlockType="Switch" Name="         " SID="2301">
    <P Name="Position">[180, 400, 230, 440]</P>
    <P Name="ZOrder">5506</P>
    <P Name="Criteria">u2 &gt; Threshold</P>
    <P Name="InputSameDT">off</P>
    <P Name="SaturateOnIntegerOverflow">off</P>
  </Block>
  <Block BlockType="Constant" Name="0.5 meters" SID="2302">
    <P Name="Position">[260, 470, 290, 500]</P>
    <P Name="ZOrder">5503</P>
    <P Name="Value">0.5</P>
  </Block>
  <Block BlockType="Abs" Name="Abs  " SID="2303">
    <P Name="Position">[260, 405, 290, 435]</P>
    <P Name="ZOrder">5502</P>
    <P Name="SaturateOnIntegerOverflow">off</P>
  </Block>
  <Block BlockType="DataTypeConversion" Name="Data Type Conversion4" SID="2304">
    <P Name="Position">[430, 420, 470, 440]</P>
    <P Name="ZOrder">5505</P>
    <P Name="ShowName">off</P>
    <P Name="OutDataTypeStr">uint8</P>
    <P Name="RndMeth">Nearest</P>
    <P Name="SaturateOnIntegerOverflow">off</P>
  </Block>
  <Block BlockType="RelationalOperator" Name="GreaterThan  " SID="2305">
    <P Name="Ports">[2, 1]</P>
    <P Name="Position">[350, 412, 380, 443]</P>
    <P Name="ZOrder">5501</P>
    <P Name="NameLocation">top</P>
    <P Name="Operator">&gt;</P>
    <P Name="InputSameDT">off</P>
    <P Name="OutDataTypeStr">boolean</P>
    <P Name="RndMeth">Simplest</P>
  </Block>
  <Block BlockType="Outport" Name="Alt_error" SID="2306">
    <P Name="Position">[520, 423, 550, 437]</P>
    <P Name="ZOrder">5510</P>
  </Block>
  <Line>
    <P Name="ZOrder">1</P>
    <P Name="Src">2305#out:1</P>
    <P Name="Dst">2304#in:1</P>
  </Line>
  <Line>
    <P Name="ZOrder">2</P>
    <P Name="Src">2302#out:1</P>
    <P Name="Points">[25, 0; 0, -50]</P>
    <P Name="Dst">2305#in:2</P>
  </Line>
  <Line>
    <P Name="ZOrder">3</P>
    <P Name="Src">2300#out:1</P>
    <P Name="Points">[23, 0; 0, -55]</P>
    <P Name="Dst">2301#in:3</P>
  </Line>
  <Line>
    <P Name="ZOrder">4</P>
    <P Name="Src">2299#out:1</P>
    <P Name="Points">[18, 0; 0, 50]</P>
    <P Name="Dst">2301#in:1</P>
  </Line>
  <Line>
    <P Name="ZOrder">5</P>
    <P Name="Src">2301#out:1</P>
    <P Name="Dst">2303#in:1</P>
  </Line>
  <Line>
    <P Name="ZOrder">6</P>
    <P Name="Src">2303#out:1</P>
    <P Name="Dst">2305#in:1</P>
  </Line>
  <Line>
    <P Name="ZOrder">7</P>
    <P Name="Src">2304#out:1</P>
    <P Name="Dst">2306#in:1</P>
  </Line>
  <Line>
    <P Name="ZOrder">8</P>
    <P Name="Src">2298#out:1</P>
    <P Name="Dst">2301#in:2</P>
  </Line>
</System>
