<?xml version="1.0" encoding="utf-8"?>
<System>
  <P Name="Location">[791, 236, 1761, 971]</P>
  <P Name="SystemRect">[0.000000, 0.000000, 0.000000, 0.000000]</P>
  <P Name="SetExecutionDomain">off</P>
  <P Name="ExecutionDomainType">Deduce</P>
  <P Name="ZoomFactor">64</P>
  <P Name="SimulinkSubDomain">Simulink</P>
  <Block BlockType="Inport" Name="opticalFlow_datin" SID="2615">
    <P Name="Position">[-245, 63, -215, 77]</P>
    <P Name="ZOrder">1119</P>
    <P Name="ForegroundColor">red</P>
  </Block>
  <Block BlockType="Inport" Name="Z_estimin" SID="2616">
    <P Name="Position">[480, 253, 510, 267]</P>
    <P Name="ZOrder">1122</P>
    <P Name="ForegroundColor">red</P>
    <P Name="Port">2</P>
    <P Name="SampleTime">Ts</P>
  </Block>
  <Block BlockType="Inport" Name="sensorIMU_datin" SID="2617">
    <P Name="Position">[335, 253, 365, 267]</P>
    <P Name="ZOrder">1121</P>
    <P Name="ForegroundColor">red</P>
    <P Name="Port">3</P>
  </Block>
  <Block BlockType="Inport" Name="orient_estimin" SID="2618">
    <P Name="Position">[415, 253, 445, 267]</P>
    <P Name="ZOrder">1120</P>
    <P Name="ForegroundColor">red</P>
    <P Name="Port">4</P>
  </Block>
  <Block BlockType="Inport" Name="angular velocity" SID="2619">
    <P Name="Position">[-75, 163, -45, 177]</P>
    <P Name="ZOrder">1156</P>
    <P Name="ForegroundColor">red</P>
    <P Name="Port">5</P>
  </Block>
  <Block BlockType="SubSystem" Name="AccelerationHandling" SID="2620">
    <P Name="Ports">[4, 1]</P>
    <P Name="Position">[560, 182, 715, 243]</P>
    <P Name="ZOrder">1125</P>
    <P Name="ForegroundColor">red</P>
    <P Name="RequestExecContextInheritance">off</P>
    <System Ref="system_2620"/>
  </Block>
  <Block BlockType="SubSystem" Name="Angular velocity compensation for optical flow" SID="2641">
    <P Name="Ports">[2, 1]</P>
    <P Name="Position">[-10, 138, 235, 182]</P>
    <P Name="ZOrder">1190</P>
    <P Name="ForegroundColor">red</P>
    <P Name="RequestExecContextInheritance">off</P>
    <P Name="ContentPreviewEnabled">on</P>
    <System Ref="system_2641"/>
  </Block>
  <Block BlockType="SubSystem" Name="DataHandling" SID="2653">
    <P Name="Ports">[5, 1]</P>
    <P Name="Position">[575, 291, 735, 359]</P>
    <P Name="ZOrder">1124</P>
    <P Name="ForegroundColor">red</P>
    <P Name="RequestExecContextInheritance">off</P>
    <System Ref="system_2653"/>
  </Block>
  <Block BlockType="Delay" Name="Delay" SID="2701">
    <P Name="Ports">[1, 1]</P>
    <P Name="Position">[800, 383, 835, 417]</P>
    <P Name="ZOrder">1132</P>
    <P Name="BlockMirror">on</P>
    <P Name="ForegroundColor">red</P>
    <P Name="InputPortMap">u0</P>
    <P Name="DelayLength">1</P>
    <P Name="InitialCondition">0</P>
  </Block>
  <Block BlockType="Reference" Name="KalmanFilter_dxdy" SID="2702">
    <P Name="Ports">[3, 1]</P>
    <P Name="Position">[795, 188, 840, 352]</P>
    <P Name="ZOrder">389</P>
    <P Name="ForegroundColor">red</P>
    <P Name="LibraryVersion">3.0</P>
    <P Name="SourceBlock">ctrlSharedLib/Kalman Filter</P>
    <P Name="SourceType">ctrlKalmanFilter</P>
    <P Name="SourceProductBaseCode">CT,ID</P>
    <InstanceData>
      <P Name="RTWMemSecFuncInitTerm">Inherit from model</P>
      <P Name="RTWMemSecFuncExecute">Inherit from model</P>
      <P Name="RTWMemSecDataConstants">Inherit from model</P>
      <P Name="RTWMemSecDataInternal">Inherit from model</P>
      <P Name="RTWMemSecDataParameters">Inherit from model</P>
      <P Name="ContentPreviewEnabled">off</P>
      <P Name="TimeDomain">Discrete-Time</P>
      <P Name="UseCurrentEstimator">on</P>
      <P Name="ModelSource">Individual A, B, C, D matrices</P>
      <P Name="ModelSourceVariable">ss(0.95,1,1,0,1)</P>
      <P Name="A">Estimator.pos.kfVelo.A</P>
      <P Name="B">Estimator.pos.kfVelo.B</P>
      <P Name="C">Estimator.pos.kfVelo.C</P>
      <P Name="D">Estimator.pos.kfVelo.D</P>
      <P Name="NumberOfStates">1</P>
      <P Name="NumberOfInputs">1</P>
      <P Name="NumberOfOutputs">1</P>
      <P Name="InitialEstimateSource">Dialog</P>
      <P Name="X0">0</P>
      <P Name="P0">10</P>
      <P Name="UseK">off</P>
      <P Name="UseGH">off</P>
      <P Name="NumberOfProcessNoiseInputs">1</P>
      <P Name="G">Estimator.pos.kfVelo.G</P>
      <P Name="TimeInvariantG">on</P>
      <P Name="H">Estimator.pos.kfVelo.H</P>
      <P Name="TimeInvariantH">on</P>
      <P Name="Q">Estimator.pos.kfVelo.Q</P>
      <P Name="TimeInvariantQ">on</P>
      <P Name="R">Estimator.pos.kfVelo.R</P>
      <P Name="TimeInvariantR">on</P>
      <P Name="N">Estimator.pos.kfVelo.N</P>
      <P Name="TimeInvariantN">on</P>
      <P Name="AddInputPort">on</P>
      <P Name="AddEnablePort">on</P>
      <P Name="ExternalReset">None</P>
      <P Name="OutputEstimatedY">off</P>
      <P Name="OutputP">off</P>
      <P Name="Ts">-1</P>
    </InstanceData>
  </Block>
  <Block BlockType="Selector" Name="Selector1" SID="2703">
    <P Name="Ports">[1, 1]</P>
    <P Name="Position">[910, 251, 950, 289]</P>
    <P Name="ZOrder">1185</P>
    <P Name="ForegroundColor">red</P>
    <P Name="InputPortWidth">4</P>
    <P Name="IndexOptions">Index vector (dialog)</P>
    <P Name="Indices">[1 2]</P>
    <P Name="OutputSizes">1</P>
  </Block>
  <Block BlockType="SubSystem" Name="XY velocity w/o angular velocity compensation" SID="2706">
    <P Name="Ports">[2, 1]</P>
    <P Name="Position">[50, 58, 170, 107]</P>
    <P Name="ZOrder">1191</P>
    <P Name="ForegroundColor">red</P>
    <P Name="RequestExecContextInheritance">off</P>
    <P Name="ContentPreviewEnabled">on</P>
    <System Ref="system_2706"/>
  </Block>
  <Block BlockType="InportShadow" Name="Z_estimin1" SID="2704">
    <P Name="Position">[-245, 143, -215, 157]</P>
    <P Name="ZOrder">1133</P>
    <P Name="ForegroundColor">red</P>
    <P Name="Port">2</P>
    <P Name="SampleTime">Ts</P>
  </Block>
  <Block BlockType="Sum" Name="angular velocity compensation" SID="2705">
    <P Name="Ports">[2, 1]</P>
    <P Name="Position">[445, 77, 475, 108]</P>
    <P Name="ZOrder">1175</P>
    <P Name="ForegroundColor">red</P>
    <P Name="IconShape">rectangular</P>
  </Block>
  <Block BlockType="Outport" Name="dxy_estimout" SID="2719">
    <P Name="Position">[1080, 263, 1110, 277]</P>
    <P Name="ZOrder">1123</P>
    <P Name="ForegroundColor">red</P>
    <P Name="VectorParamsAs1DForOutWhenUnconnected">off</P>
  </Block>
  <Line>
    <P Name="ZOrder">1</P>
    <P Name="Src">2616#out:1</P>
    <P Name="Points">[12, 0]</P>
    <Branch>
      <P Name="ZOrder">2</P>
      <P Name="Points">[0, 35]</P>
      <P Name="Dst">2653#in:1</P>
    </Branch>
    <Branch>
      <P Name="ZOrder">5</P>
      <P Name="Points">[0, -25]</P>
      <P Name="Dst">2620#in:4</P>
    </Branch>
  </Line>
  <Line>
    <P Name="ZOrder">6</P>
    <P Name="Src">2702#out:1</P>
    <P Name="Dst">2703#in:1</P>
  </Line>
  <Line>
    <P Name="ZOrder">7</P>
    <P Name="Src">2617#out:1</P>
    <P Name="Points">[21, 0]</P>
    <Branch>
      <P Name="ZOrder">8</P>
      <P Name="Points">[0, -55]</P>
      <P Name="Dst">2620#in:2</P>
    </Branch>
    <Branch>
      <P Name="ZOrder">9</P>
      <P Name="Points">[0, 65]</P>
      <P Name="Dst">2653#in:3</P>
    </Branch>
  </Line>
  <Line>
    <P Name="ZOrder">10</P>
    <P Name="Src">2618#out:1</P>
    <P Name="Points">[16, 0]</P>
    <Branch>
      <P Name="ZOrder">11</P>
      <P Name="Points">[0, -40]</P>
      <P Name="Dst">2620#in:3</P>
    </Branch>
    <Branch>
      <P Name="ZOrder">12</P>
      <P Name="Points">[0, 50]</P>
      <P Name="Dst">2653#in:2</P>
    </Branch>
  </Line>
  <Line>
    <P Name="ZOrder">13</P>
    <P Name="Src">2704#out:1</P>
    <P Name="Points">[95, 0]</P>
    <Branch>
      <P Name="ZOrder">14</P>
      <P Name="Points">[0, -55]</P>
      <P Name="Dst">2706#in:2</P>
    </Branch>
    <Branch>
      <P Name="ZOrder">15</P>
      <P Name="Dst">2641#in:1</P>
    </Branch>
  </Line>
  <Line>
    <P Name="ZOrder">16</P>
    <P Name="Src">2620#out:1</P>
    <P Name="Dst">2702#in:1</P>
  </Line>
  <Line>
    <P Name="ZOrder">17</P>
    <P Name="Src">2705#out:1</P>
    <P Name="Points">[275, 0; 0, 175]</P>
    <P Name="Dst">2702#in:2</P>
  </Line>
  <Line>
    <P Name="ZOrder">18</P>
    <P Name="Src">2701#out:1</P>
    <P Name="Points">[-235, 0]</P>
    <P Name="Dst">2653#in:5</P>
  </Line>
  <Line>
    <P Name="ZOrder">19</P>
    <P Name="Src">2703#out:1</P>
    <P Name="Points">[99, 0]</P>
    <Branch>
      <P Name="ZOrder">20</P>
      <P Name="Dst">2719#in:1</P>
    </Branch>
    <Branch>
      <P Name="ZOrder">21</P>
      <P Name="Points">[0, 130]</P>
      <P Name="Dst">2701#in:1</P>
    </Branch>
  </Line>
  <Line>
    <P Name="ZOrder">22</P>
    <P Name="Src">2619#out:1</P>
    <P Name="Dst">2641#in:2</P>
  </Line>
  <Line>
    <P Name="ZOrder">23</P>
    <P Name="Src">2641#out:1</P>
    <P Name="Points">[60, 0; 0, -60]</P>
    <P Name="Dst">2705#in:2</P>
  </Line>
  <Line>
    <P Name="ZOrder">24</P>
    <P Name="Src">2706#out:1</P>
    <P Name="Points">[199, 0]</P>
    <Branch>
      <P Name="ZOrder">25</P>
      <P Name="Points">[0, 105; 160, 0]</P>
      <Branch>
        <P Name="ZOrder">26</P>
        <P Name="Points">[0, 150]</P>
        <P Name="Dst">2653#in:4</P>
      </Branch>
      <Branch>
        <P Name="ZOrder">27</P>
        <P Name="Dst">2620#in:1</P>
      </Branch>
    </Branch>
    <Branch>
      <P Name="ZOrder">28</P>
      <P Name="Dst">2705#in:1</P>
    </Branch>
  </Line>
  <Line>
    <P Name="ZOrder">29</P>
    <P Name="Src">2615#out:1</P>
    <P Name="Dst">2706#in:1</P>
  </Line>
  <Line>
    <P Name="ZOrder">31</P>
    <P Name="Src">2653#out:1</P>
    <P Name="Dst">2702#in:3</P>
  </Line>
</System>
