<?xml version="1.0" encoding="utf-8"?>
<System>
  <P Name="Location">[30, 30, 1030, 770]</P>
  <P Name="SystemRect">[0.000000, 0.000000, 0.000000, 0.000000]</P>
  <P Name="SetExecutionDomain">off</P>
  <P Name="ExecutionDomainType">Deduce</P>
  <P Name="ZoomFactor">132</P>
  <P Name="SimulinkSubDomain">Simulink</P>
  <Block BlockType="Inport" Name="Land" SID="1971">
    <P Name="Position">[-295, -7, -265, 7]</P>
    <P Name="ZOrder">11</P>
  </Block>
  <Block BlockType="Inport" Name="States" SID="1973">
    <P Name="Position">[-295, 103, -265, 117]</P>
    <P Name="ZOrder">-1</P>
    <P Name="Port">2</P>
  </Block>
  <Block BlockType="Sum" Name="Add" SID="1975">
    <P Name="Ports">[2, 1]</P>
    <P Name="Position">[150, 137, 180, 168]</P>
    <P Name="ZOrder">4</P>
    <P Name="IconShape">rectangular</P>
  </Block>
  <Block BlockType="BusSelector" Name="Bus&#xA;Selector" SID="1976">
    <P Name="Ports">[1, 1]</P>
    <P Name="Position">[-145, 177, -140, 213]</P>
    <P Name="ZOrder">7</P>
    <P Name="ShowName">off</P>
    <P Name="OutputSignals">Z</P>
    <Port>
      <P Name="PortNumber">1</P>
      <P Name="Name">&lt;Z&gt;</P>
    </Port>
  </Block>
  <Block BlockType="Constant" Name="Landing look-ahead&#xA;distance" SID="1980">
    <P Name="Position">[60, 155, 90, 185]</P>
    <P Name="ZOrder">5</P>
    <P Name="Value">0.2</P>
    <P Name="OutDataTypeStr">single</P>
  </Block>
  <Block BlockType="Mux" Name="Mux" SID="1981">
    <P Name="Ports">[3, 1]</P>
    <P Name="Position">[320, 81, 325, 149]</P>
    <P Name="ZOrder">2</P>
    <P Name="ShowName">off</P>
    <P Name="Inputs">3</P>
    <P Name="DisplayOption">bar</P>
  </Block>
  <Block BlockType="SubSystem" Name="Triggered&#xA;Subsystem" SID="1983">
    <P Name="Ports">[1, 2, 0, 1]</P>
    <P Name="Position">[-200, 80, -85, 135]</P>
    <P Name="ZOrder">6</P>
    <P Name="TreatAsAtomicUnit">on</P>
    <P Name="RequestExecContextInheritance">off</P>
    <P Name="ContentPreviewEnabled">on</P>
    <System Ref="system_1983"/>
  </Block>
  <Block BlockType="Outport" Name="XYZ" SID="1989">
    <P Name="Position">[360, 108, 390, 122]</P>
    <P Name="ZOrder">-2</P>
  </Block>
  <Block BlockType="Outport" Name="land_flag" SID="1990">
    <P Name="Position">[-60, -7, -30, 7]</P>
    <P Name="ZOrder">272</P>
    <P Name="Port">2</P>
  </Block>
  <Line>
    <P Name="ZOrder">1</P>
    <P Name="Src">1973#out:1</P>
    <P Name="Points">[14, 0]</P>
    <Branch>
      <P Name="ZOrder">2</P>
      <P Name="Points">[0, 85]</P>
      <P Name="Dst">1976#in:1</P>
    </Branch>
    <Branch>
      <P Name="ZOrder">3</P>
      <P Name="Dst">1983#in:1</P>
    </Branch>
  </Line>
  <Line>
    <P Name="ZOrder">4</P>
    <P Name="Src">1981#out:1</P>
    <P Name="Dst">1989#in:1</P>
  </Line>
  <Line>
    <P Name="ZOrder">5</P>
    <P Name="Src">1975#out:1</P>
    <P Name="Points">[65, 0; 0, -20]</P>
    <P Name="Dst">1981#in:3</P>
  </Line>
  <Line>
    <P Name="ZOrder">6</P>
    <P Name="Src">1980#out:1</P>
    <P Name="Points">[25, 0; 0, -10]</P>
    <P Name="Dst">1975#in:2</P>
  </Line>
  <Line>
    <P Name="ZOrder">7</P>
    <P Name="Src">1983#out:1</P>
    <P Name="Dst">1981#in:1</P>
  </Line>
  <Line>
    <P Name="ZOrder">8</P>
    <P Name="Src">1983#out:2</P>
    <P Name="Points">[211, 0; 0, -5]</P>
    <P Name="Dst">1981#in:2</P>
  </Line>
  <Line>
    <P Name="Name">&lt;Z&gt;</P>
    <P Name="ZOrder">9</P>
    <P Name="Labels">[0, 0]</P>
    <P Name="Src">1976#out:1</P>
    <P Name="Points">[161, 0; 0, -50]</P>
    <P Name="Dst">1975#in:1</P>
  </Line>
  <Line>
    <P Name="ZOrder">21</P>
    <P Name="Src">1971#out:1</P>
    <P Name="Points">[120, 0]</P>
    <Branch>
      <P Name="ZOrder">35</P>
      <P Name="Dst">1990#in:1</P>
    </Branch>
    <Branch>
      <P Name="ZOrder">34</P>
      <P Name="Dst">1983#trigger</P>
    </Branch>
  </Line>
</System>
