<?xml version="1.0" encoding="utf-8"?>
<System>
  <P Name="Location">[-8, -8, 1544, 832]</P>
  <P Name="SystemRect">[0.000000, 0.000000, 0.000000, 0.000000]</P>
  <P Name="SetExecutionDomain">off</P>
  <P Name="ExecutionDomainType">Deduce</P>
  <P Name="SimulinkSubDomain">Simulink</P>
  <Block BlockType="Inport" Name="ref" SID="2817">
    <P Name="Position">[-1035, 168, -1005, 182]</P>
    <P Name="ZOrder">5727</P>
    <Port>
      <P Name="PortNumber">1</P>
      <P Name="Name">ref</P>
    </Port>
  </Block>
  <Block BlockType="Inport" Name="states_estim" SID="2818">
    <P Name="Position">[-1185, 288, -1155, 302]</P>
    <P Name="ZOrder">5728</P>
    <P Name="Port">2</P>
  </Block>
  <Block BlockType="Inport" Name="isdone" SID="3106">
    <P Name="Position">[-870, 413, -840, 427]</P>
    <P Name="ZOrder">5885</P>
    <P Name="Port">3</P>
  </Block>
  <Block BlockType="Sum" Name="Add2" SID="3088">
    <P Name="Ports">[2, 1]</P>
    <P Name="Position">[-365, 277, -335, 353]</P>
    <P Name="ZOrder">5884</P>
    <P Name="IconShape">rectangular</P>
  </Block>
  <Block BlockType="BusSelector" Name="Bus&#xA;Selector1" SID="2823">
    <P Name="Ports">[1, 2]</P>
    <P Name="Position">[-1030, 195, -1005, 390]</P>
    <P Name="ZOrder">5733</P>
    <P Name="ForegroundColor">red</P>
    <P Name="ShowName">off</P>
    <P Name="OutputSignals">Z,dz</P>
    <Port>
      <P Name="PortNumber">1</P>
      <P Name="Name">&lt;Z&gt;</P>
    </Port>
    <Port>
      <P Name="PortNumber">2</P>
      <P Name="Name">&lt;dz&gt;</P>
    </Port>
  </Block>
  <Block BlockType="DataTypeConversion" Name="Data Type Conversion" SID="3037">
    <P Name="Position">[-250, 308, -210, 322]</P>
    <P Name="ZOrder">5872</P>
    <P Name="OutDataTypeStr">double</P>
    <P Name="RndMeth">Floor</P>
    <P Name="SaturateOnIntegerOverflow">off</P>
  </Block>
  <Block BlockType="DataTypeConversion" Name="Data Type Conversion1" SID="3171">
    <P Name="Position">[-740, 277, -670, 293]</P>
    <P Name="ZOrder">5895</P>
    <P Name="NameLocation">top</P>
    <P Name="OutDataTypeStr">single</P>
    <P Name="RndMeth">Floor</P>
    <P Name="SaturateOnIntegerOverflow">off</P>
  </Block>
  <Block BlockType="DataTypeConversion" Name="Data Type Conversion2" SID="3176">
    <P Name="Position">[-740, 298, -670, 312]</P>
    <P Name="ZOrder">5897</P>
    <P Name="OutDataTypeStr">single</P>
    <P Name="RndMeth">Floor</P>
    <P Name="SaturateOnIntegerOverflow">off</P>
  </Block>
  <Block BlockType="Reference" Name="Fuzzy Logic &#xA;Controller" SID="3165">
    <P Name="Ports">[1, 1]</P>
    <P Name="Position">[-605, 267, -535, 323]</P>
    <P Name="ZOrder">5889</P>
    <P Name="LibraryVersion">3.0</P>
    <P Name="SourceBlock">fuzblock/Fuzzy Logic 
Controller</P>
    <P Name="SourceType">Fuzzy Inference System</P>
    <P Name="SourceProductBaseCode">FL</P>
    <InstanceData>
      <P Name="RTWMemSecFuncInitTerm">Inherit from model</P>
      <P Name="RTWMemSecFuncExecute">Inherit from model</P>
      <P Name="RTWMemSecDataConstants">Inherit from model</P>
      <P Name="RTWMemSecDataInternal">Inherit from model</P>
      <P Name="RTWMemSecDataParameters">Inherit from model</P>
      <P Name="ContentPreviewEnabled">on</P>
      <P Name="FIS">test3</P>
      <P Name="OutputSampleNumber">101</P>
      <P Name="DataType">double</P>
      <P Name="FuzzifiedInputs">off</P>
      <P Name="RuleFiringStrengths">off</P>
      <P Name="RuleOutputs">off</P>
      <P Name="AggregatedOutputs">off</P>
      <P Name="SimulateUsing">Interpreted execution</P>
      <P Name="OutOfRangeInputValueMessage">warning</P>
      <P Name="NoRuleFiredMessage">warning</P>
      <P Name="EmptyOutputFuzzySetMessage">warning</P>
    </InstanceData>
  </Block>
  <Block BlockType="Gain" Name="Gain" SID="3018">
    <P Name="Position">[-445, -145, -415, -115]</P>
    <P Name="ZOrder">5856</P>
    <P Name="Gain">-1</P>
    <Port>
      <P Name="PortNumber">1</P>
      <P Name="Name">ref</P>
    </Port>
  </Block>
  <Block BlockType="Gain" Name="Gain1" SID="3020">
    <P Name="Position">[-465, -25, -435, 5]</P>
    <P Name="ZOrder">5858</P>
    <P Name="Gain">-1</P>
    <Port>
      <P Name="PortNumber">1</P>
      <P Name="Name">z</P>
    </Port>
  </Block>
  <Block BlockType="Gain" Name="Gain2" SID="3107">
    <P Name="Position">[-740, 405, -710, 435]</P>
    <P Name="ZOrder">5886</P>
    <P Name="Gain">-400</P>
  </Block>
  <Block BlockType="Gain" Name="Gain3" SID="3187">
    <P Name="Position">[-465, 280, -435, 310]</P>
    <P Name="ZOrder">5908</P>
    <P Name="Gain">-2.5</P>
  </Block>
  <Block BlockType="SubSystem" Name="MATLAB Function" SID="3137">
    <P Name="Ports">[1, 1]</P>
    <P Name="Position">[-225, -72, -135, 52]</P>
    <P Name="ZOrder">5888</P>
    <P Name="Commented">on</P>
    <P Name="ErrorFcn">Stateflow.Translate.translate</P>
    <P Name="PermitHierarchicalResolution">ExplicitOnly</P>
    <P Name="TreatAsAtomicUnit">on</P>
    <P Name="RequestExecContextInheritance">off</P>
    <P Name="SFBlockType">MATLAB Function</P>
    <P Name="ContentPreviewEnabled">on</P>
    <System Ref="system_3137"/>
  </Block>
  <Block BlockType="Mux" Name="Mux" SID="3166">
    <P Name="Ports">[2, 1]</P>
    <P Name="Position">[-630, 276, -625, 314]</P>
    <P Name="ZOrder">5890</P>
    <P Name="Inputs">2</P>
    <P Name="DisplayOption">bar</P>
  </Block>
  <Block BlockType="Saturate" Name="Saturation" SID="3189">
    <P Name="Position">[-810, 245, -780, 275]</P>
    <P Name="ZOrder">5910</P>
    <P Name="UpperLimit">1.5</P>
    <P Name="LowerLimit">-1.5</P>
  </Block>
  <Block BlockType="Saturate" Name="Saturation1" SID="3190">
    <P Name="Position">[-810, 300, -780, 330]</P>
    <P Name="ZOrder">5911</P>
    <P Name="UpperLimit">2.49</P>
    <P Name="LowerLimit">-2.49</P>
  </Block>
  <Block BlockType="Math" Name="Square" SID="3186">
    <P Name="Ports">[1, 1]</P>
    <P Name="Position">[-515, 280, -485, 310]</P>
    <P Name="ZOrder">5907</P>
    <P Name="Operator">square</P>
  </Block>
  <Block BlockType="Sum" Name="Sum" SID="3019">
    <P Name="Ports">[2, 1]</P>
    <P Name="Position">[-355, -20, -335, 0]</P>
    <P Name="ZOrder">5857</P>
    <P Name="Inputs">+-|</P>
    <Port>
      <P Name="PortNumber">1</P>
      <P Name="Name">e</P>
    </Port>
  </Block>
  <Block BlockType="Sum" Name="Sum1" SID="3167">
    <P Name="Ports">[2, 1]</P>
    <P Name="Position">[-860, 255, -840, 275]</P>
    <P Name="ZOrder">5891</P>
    <P Name="Inputs">+-|</P>
    <Port>
      <P Name="PortNumber">1</P>
      <P Name="Name">ez</P>
    </Port>
  </Block>
  <Block BlockType="Outport" Name="reward_output" SID="2826">
    <P Name="Position">[-125, 308, -95, 322]</P>
    <P Name="ZOrder">5737</P>
  </Block>
  <Line>
    <P Name="Name">ref</P>
    <P Name="ZOrder">521</P>
    <P Name="Labels">[0, 0]</P>
    <P Name="Src">2817#out:1</P>
    <P Name="Points">[76, 0; 0, 56; 74, 0; 0, 24]</P>
    <P Name="Dst">3167#in:1</P>
  </Line>
  <Line>
    <P Name="Name">ref</P>
    <P Name="ZOrder">522</P>
    <P Name="Labels">[0, 0]</P>
    <P Name="Src">3018#out:1</P>
    <P Name="Points">[65, 0; 0, 110]</P>
    <P Name="Dst">3019#in:1</P>
  </Line>
  <Line>
    <P Name="Name">&lt;Z&gt;</P>
    <P Name="ZOrder">523</P>
    <P Name="Labels">[0, 0]</P>
    <P Name="Src">2823#out:1</P>
    <P Name="Points">[95, 0; 0, 20]</P>
    <P Name="Dst">3167#in:2</P>
  </Line>
  <Line>
    <P Name="Name">z</P>
    <P Name="ZOrder">524</P>
    <P Name="Labels">[0, 0]</P>
    <P Name="Src">3020#out:1</P>
    <P Name="Dst">3019#in:2</P>
  </Line>
  <Line>
    <P Name="ZOrder">539</P>
    <P Name="Src">3037#out:1</P>
    <P Name="Dst">2826#in:1</P>
  </Line>
  <Line>
    <P Name="ZOrder">591</P>
    <P Name="Src">3088#out:1</P>
    <P Name="Dst">3037#in:1</P>
  </Line>
  <Line>
    <P Name="ZOrder">605</P>
    <P Name="Src">3106#out:1</P>
    <P Name="Dst">3107#in:1</P>
  </Line>
  <Line>
    <P Name="Name">e</P>
    <P Name="ZOrder">633</P>
    <P Name="Labels">[0, 0]</P>
    <P Name="Src">3019#out:1</P>
    <P Name="Dst">3137#in:1</P>
  </Line>
  <Line>
    <P Name="ZOrder">629</P>
    <P Name="Src">3107#out:1</P>
    <P Name="Points">[265, 0; 0, -85]</P>
    <P Name="Dst">3088#in:2</P>
  </Line>
  <Line>
    <P Name="ZOrder">650</P>
    <P Name="Src">3166#out:1</P>
    <P Name="Dst">3165#in:1</P>
  </Line>
  <Line>
    <P Name="Name">&lt;dz&gt;</P>
    <P Name="FontName">Helvetica</P>
    <P Name="FontSize">9</P>
    <P Name="FontWeight">normal</P>
    <P Name="FontAngle">normal</P>
    <P Name="ZOrder">660</P>
    <P Name="Labels">[0, 0]</P>
    <P Name="Src">2823#out:2</P>
    <P Name="Points">[76, 0; 0, -25; 114, 0]</P>
    <P Name="Dst">3190#in:1</P>
  </Line>
  <Line>
    <P Name="ZOrder">703</P>
    <P Name="Src">3165#out:1</P>
    <P Name="Dst">3186#in:1</P>
  </Line>
  <Line>
    <P Name="ZOrder">667</P>
    <P Name="Src">2818#out:1</P>
    <P Name="Dst">2823#in:1</P>
  </Line>
  <Line>
    <P Name="ZOrder">674</P>
    <P Name="Src">3171#out:1</P>
    <P Name="Dst">3166#in:1</P>
  </Line>
  <Line>
    <P Name="ZOrder">675</P>
    <P Name="Src">3176#out:1</P>
    <P Name="Dst">3166#in:2</P>
  </Line>
  <Line>
    <P Name="ZOrder">704</P>
    <P Name="Src">3186#out:1</P>
    <P Name="Dst">3187#in:1</P>
  </Line>
  <Line>
    <P Name="ZOrder">707</P>
    <P Name="Src">3187#out:1</P>
    <P Name="Dst">3088#in:1</P>
  </Line>
  <Line>
    <P Name="ZOrder">716</P>
    <P Name="Src">3189#out:1</P>
    <P Name="Points">[10, 0; 0, 25]</P>
    <P Name="Dst">3171#in:1</P>
  </Line>
  <Line>
    <P Name="Name">ez</P>
    <P Name="ZOrder">717</P>
    <P Name="Labels">[0, 0]</P>
    <P Name="Src">3167#out:1</P>
    <P Name="Points">[10, 0]</P>
    <P Name="Dst">3189#in:1</P>
  </Line>
  <Line>
    <P Name="ZOrder">718</P>
    <P Name="Src">3190#out:1</P>
    <P Name="Points">[15, 0; 0, -10]</P>
    <P Name="Dst">3176#in:1</P>
  </Line>
</System>
