<?xml version="1.0" encoding="utf-8"?>
<System>
  <P Name="Location">[28, 28, 1048, 796]</P>
  <P Name="SystemRect">[0.000000, 0.000000, 0.000000, 0.000000]</P>
  <P Name="SetExecutionDomain">off</P>
  <P Name="ExecutionDomainType">Deduce</P>
  <P Name="ZoomFactor">150</P>
  <P Name="SimulinkSubDomain">Simulink</P>
  <Block BlockType="Inport" Name="States" SID="2340">
    <P Name="Position">[45, 153, 75, 167]</P>
    <P Name="ZOrder">5527</P>
  </Block>
  <Block BlockType="Inport" Name="land_flag" SID="2341">
    <P Name="Position">[45, 213, 75, 227]</P>
    <P Name="ZOrder">5528</P>
    <P Name="Port">2</P>
  </Block>
  <Block BlockType="ActionPort" Name="Action Port" SID="2342">
    <P Name="Position">[-5, 15, 54, 43]</P>
    <P Name="ZOrder">-2</P>
    <P Name="ActionPortLabel">else</P>
  </Block>
  <Block BlockType="Logic" Name="AND" SID="2343">
    <P Name="Ports">[2, 1]</P>
    <P Name="Position">[273, 149, 308, 181]</P>
    <P Name="ZOrder">5525</P>
    <P Name="IconShape">distinctive</P>
    <P Name="AllPortsSameDT">off</P>
    <P Name="OutDataTypeStr">boolean</P>
  </Block>
  <Block BlockType="BusSelector" Name="Bus&#xA;Selector3" SID="2344">
    <P Name="Ports">[1, 1]</P>
    <P Name="Position">[120, 133, 125, 187]</P>
    <P Name="ZOrder">5526</P>
    <P Name="ShowName">off</P>
    <P Name="OutputSignals">Z</P>
    <Port>
      <P Name="PortNumber">1</P>
      <P Name="Name">&lt;Z&gt;</P>
    </Port>
  </Block>
  <Block BlockType="Reference" Name="Check if the drone &#xA;is 0.3m above ground" SID="2345">
    <P Name="Ports">[1, 1]</P>
    <P Name="Position">[170, 145, 230, 175]</P>
    <P Name="ZOrder">5523</P>
    <P Name="LibraryVersion">1.488</P>
    <P Name="SourceBlock">simulink/Logic and Bit
Operations/Compare
To Constant</P>
    <P Name="SourceType">Compare To Constant</P>
    <P Name="SourceProductBaseCode">SL</P>
    <InstanceData>
      <P Name="RTWMemSecFuncInitTerm">Inherit from model</P>
      <P Name="RTWMemSecFuncExecute">Inherit from model</P>
      <P Name="RTWMemSecDataConstants">Inherit from model</P>
      <P Name="RTWMemSecDataInternal">Inherit from model</P>
      <P Name="RTWMemSecDataParameters">Inherit from model</P>
      <P Name="ContentPreviewEnabled">on</P>
      <P Name="relop">&gt;</P>
      <P Name="const">-0.3</P>
      <P Name="OutDataTypeStr">boolean</P>
      <P Name="ZeroCross">on</P>
    </InstanceData>
  </Block>
  <Block BlockType="Constant" Name="Landed" SID="2346">
    <P Name="Position">[300, 70, 330, 100]</P>
    <P Name="ZOrder">5531</P>
    <P Name="Value">255</P>
    <P Name="OutDataTypeStr">uint8</P>
  </Block>
  <Block BlockType="Constant" Name="No_error" SID="2347">
    <P Name="Position">[300, 230, 330, 260]</P>
    <P Name="ZOrder">1</P>
    <P Name="Value">0</P>
    <P Name="OutDataTypeStr">uint8</P>
  </Block>
  <Block BlockType="Switch" Name="Switch" SID="2348">
    <P Name="Position">[380, 145, 430, 185]</P>
    <P Name="ZOrder">5530</P>
    <P Name="Criteria">u2 &gt; Threshold</P>
    <P Name="InputSameDT">off</P>
    <P Name="SaturateOnIntegerOverflow">off</P>
  </Block>
  <Block BlockType="Outport" Name="Out1" SID="2349">
    <P Name="Position">[470, 158, 500, 172]</P>
    <P Name="ZOrder">5529</P>
  </Block>
  <Line>
    <P Name="ZOrder">1</P>
    <P Name="Src">2347#out:1</P>
    <P Name="Points">[20, 0; 0, -65]</P>
    <P Name="Dst">2348#in:3</P>
  </Line>
  <Line>
    <P Name="ZOrder">2</P>
    <P Name="Src">2340#out:1</P>
    <P Name="Dst">2344#in:1</P>
  </Line>
  <Line>
    <P Name="ZOrder">3</P>
    <P Name="Src">2341#out:1</P>
    <P Name="Points">[178, 0]</P>
    <P Name="Dst">2343#in:2</P>
  </Line>
  <Line>
    <P Name="ZOrder">4</P>
    <P Name="Src">2348#out:1</P>
    <P Name="Dst">2349#in:1</P>
  </Line>
  <Line>
    <P Name="ZOrder">5</P>
    <P Name="Src">2345#out:1</P>
    <P Name="Dst">2343#in:1</P>
  </Line>
  <Line>
    <P Name="ZOrder">6</P>
    <P Name="Src">2343#out:1</P>
    <P Name="Dst">2348#in:2</P>
  </Line>
  <Line>
    <P Name="Name">&lt;Z&gt;</P>
    <P Name="ZOrder">7</P>
    <P Name="Labels">[1, 0]</P>
    <P Name="Src">2344#out:1</P>
    <P Name="Dst">2345#in:1</P>
  </Line>
  <Line>
    <P Name="ZOrder">8</P>
    <P Name="Src">2346#out:1</P>
    <P Name="Points">[21, 0; 0, 65]</P>
    <P Name="Dst">2348#in:1</P>
  </Line>
  <Annotation SID="2351">
    <P Name="Name">When the land_drone flag is not set, pass 
a &apos;0&apos; to the flag to indicate no error</P>
    <P Name="Position">[221, 280, 409, 306]</P>
    <P Name="InternalMargins">[0, 0, 0, 0]</P>
    <P Name="HorizontalAlignment">left</P>
    <P Name="VerticalAlignment">top</P>
    <P Name="ZOrder">-1</P>
  </Annotation>
  <Annotation SID="2350">
    <P Name="Name">&lt;!DOCTYPE HTML PUBLIC &quot;-//W3C//DTD HTML 4.0//EN&quot; &quot;http://www.w3.org/TR/REC-html40/strict.dtd&quot;&gt;
&lt;html&gt;&lt;head&gt;&lt;meta name=&quot;qrichtext&quot; content=&quot;1&quot; /&gt;&lt;style type=&quot;text/css&quot;&gt;
p, li { white-space: pre-wrap; }
&lt;/style&gt;&lt;/head&gt;&lt;body align=&quot;left&quot; style=&quot; font-family:&apos;Helvetica&apos;; font-size:10px; font-weight:400; font-style:normal;&quot;&gt;
&lt;p align=&quot;center&quot; style=&quot; margin-top:0px; margin-bottom:0px; margin-left:0px; margin-right:0px; -qt-block-indent:0; text-indent:0px;&quot;&gt;&lt;span style=&quot; font-size:10px;&quot;&gt;If the land_flag is set, wait till the drone reaches a height of -0.3m and then&lt;/span&gt;&lt;/p&gt;
&lt;p align=&quot;center&quot; style=&quot; margin-top:0px; margin-bottom:0px; margin-left:0px; margin-right:0px; -qt-block-indent:0; text-indent:0px;&quot;&gt;&lt;span style=&quot; font-size:10px;&quot;&gt; shut down the drone using a 255 flag &lt;/span&gt;&lt;/p&gt;&lt;/body&gt;&lt;/html&gt;</P>
    <P Name="Position">[149, 17, 480, 43]</P>
    <P Name="InternalMargins">[0, 0, 0, 0]</P>
    <P Name="HorizontalAlignment">left</P>
    <P Name="VerticalAlignment">top</P>
    <P Name="Interpreter">rich</P>
    <P Name="ZOrder">-2</P>
  </Annotation>
</System>
