<?xml version="1.0" encoding="utf-8"?>
<System>
  <P Name="Location">[-8, -8, 1544, 832]</P>
  <P Name="SystemRect">[0.000000, 0.000000, 0.000000, 0.000000]</P>
  <P Name="SetExecutionDomain">off</P>
  <P Name="ExecutionDomainType">Deduce</P>
  <P Name="ZoomFactor">81</P>
  <P Name="SimulinkSubDomain">Simulink</P>
  <Block BlockType="Inport" Name="thrusts_refin" SID="1161">
    <P Name="Position">[-580, -297, -550, -283]</P>
    <P Name="ZOrder">1080</P>
  </Block>
  <Block BlockType="Gain" Name="MotorDirections" SID="1162">
    <P Name="Position">[-55, -315, 85, -265]</P>
    <P Name="ZOrder">1120</P>
    <P Name="Gain">[1 -1 1 -1]</P>
  </Block>
  <Block BlockType="Saturate" Name="Saturation5" SID="1163">
    <P Name="Position">[-140, -305, -110, -275]</P>
    <P Name="ZOrder">1122</P>
    <P Name="ShowName">off</P>
    <P Name="UpperLimit">Vehicle.Motor.maxLimit</P>
    <P Name="LowerLimit">Vehicle.Motor.minLimit</P>
  </Block>
  <Block BlockType="Gain" Name="ThrustToMotorCommand" SID="1164">
    <P Name="Position">[-465, -325, -200, -255]</P>
    <P Name="ZOrder">1075</P>
    <P Name="Gain">-Vehicle.Motor.thrustToMotorCommand</P>
  </Block>
  <Block BlockType="Outport" Name="motors_cmdout" SID="1165">
    <P Name="Position">[165, -297, 195, -283]</P>
    <P Name="ZOrder">1081</P>
    <P Name="VectorParamsAs1DForOutWhenUnconnected">off</P>
  </Block>
  <Line>
    <P Name="ZOrder">1</P>
    <P Name="Src">1163#out:1</P>
    <P Name="Dst">1162#in:1</P>
  </Line>
  <Line>
    <P Name="ZOrder">2</P>
    <P Name="Src">1162#out:1</P>
    <P Name="Dst">1165#in:1</P>
  </Line>
  <Line>
    <P Name="ZOrder">3</P>
    <P Name="Src">1164#out:1</P>
    <P Name="Dst">1163#in:1</P>
  </Line>
  <Line>
    <P Name="ZOrder">4</P>
    <P Name="Src">1161#out:1</P>
    <P Name="Dst">1164#in:1</P>
  </Line>
</System>
