<?xml version="1.0" encoding="utf-8"?>
<System>
  <P Name="Location">[-8, -8, 1610, 860]</P>
  <P Name="SystemRect">[0.000000, 0.000000, 0.000000, 0.000000]</P>
  <P Name="SetExecutionDomain">off</P>
  <P Name="ExecutionDomainType">Deduce</P>
  <P Name="SimulinkSubDomain">Simulink</P>
  <Block BlockType="Inport" Name="In1" SID="2912">
    <P Name="Position">[25, 33, 55, 47]</P>
    <P Name="ZOrder">-1</P>
  </Block>
  <Block BlockType="Abs" Name="Abs" SID="2913">
    <P Name="Position">[80, 25, 110, 55]</P>
    <P Name="ZOrder">-2</P>
    <P Name="SaturateOnIntegerOverflow">off</P>
  </Block>
  <Block BlockType="Clock" Name="Clock" SID="2914">
    <P Name="Position">[55, 80, 75, 100]</P>
    <P Name="ZOrder">-3</P>
    <P Name="Decimation">100</P>
  </Block>
  <Block BlockType="DiscreteIntegrator" Name="Discrete-Time&#xA;Integrator" SID="2915">
    <P Name="Ports">[1, 1]</P>
    <P Name="Position">[220, -33, 255, 3]</P>
    <P Name="ZOrder">1</P>
    <P Name="InitialConditionSetting">Auto</P>
    <P Name="SampleTime">-1</P>
    <P Name="ICPrevOutput">DiscIntNeverNeededParam</P>
    <P Name="ICPrevScaledInput">DiscIntNeverNeededParam</P>
  </Block>
  <Block BlockType="Product" Name="Divide" SID="2916">
    <P Name="Ports">[2, 1]</P>
    <P Name="Position">[150, 22, 180, 53]</P>
    <P Name="ZOrder">-4</P>
    <P Name="Inputs">**</P>
  </Block>
  <Block BlockType="Integrator" Name="Integrator" SID="2917">
    <P Name="Ports">[1, 1]</P>
    <P Name="Position">[220, 209, 250, 241]</P>
    <P Name="ZOrder">-5</P>
    <P Name="Commented">on</P>
  </Block>
  <Block BlockType="Outport" Name="Out1" SID="2918">
    <P Name="Position">[415, -22, 445, -8]</P>
    <P Name="ZOrder">-6</P>
  </Block>
  <Line>
    <P Name="ZOrder">1</P>
    <P Name="Src">2912#out:1</P>
    <P Name="Dst">2913#in:1</P>
  </Line>
  <Line>
    <P Name="ZOrder">2</P>
    <P Name="Src">2916#out:1</P>
    <P Name="Points">[10, 0; 0, -55]</P>
    <P Name="Dst">2915#in:1</P>
  </Line>
  <Line>
    <P Name="ZOrder">3</P>
    <P Name="Src">2913#out:1</P>
    <P Name="Points">[10, 0; 0, -10]</P>
    <P Name="Dst">2916#in:1</P>
  </Line>
  <Line>
    <P Name="ZOrder">4</P>
    <P Name="Src">2914#out:1</P>
    <P Name="Points">[50, 0; 0, -45]</P>
    <P Name="Dst">2916#in:2</P>
  </Line>
  <Line>
    <P Name="ZOrder">5</P>
    <P Name="Src">2915#out:1</P>
    <P Name="Dst">2918#in:1</P>
  </Line>
</System>
