<?xml version="1.0" encoding="utf-8"?>
<System>
  <P Name="Location">[-8, -8, 1544, 832]</P>
  <P Name="SystemRect">[0.000000, 0.000000, 0.000000, 0.000000]</P>
  <P Name="SetExecutionDomain">off</P>
  <P Name="ExecutionDomainType">Deduce</P>
  <P Name="ZoomFactor">124</P>
  <P Name="SimulinkSubDomain">Simulink</P>
  <Block BlockType="Inport" Name="tau_pitch" SID="1097">
    <P Name="Position">[-600, -107, -570, -93]</P>
    <P Name="ZOrder">-1</P>
  </Block>
  <Block BlockType="Inport" Name="tau_roll" SID="1098">
    <P Name="Position">[-245, -52, -215, -38]</P>
    <P Name="ZOrder">-2</P>
    <P Name="Port">2</P>
  </Block>
  <Block BlockType="Inport" Name="tau_yaw" SID="1099">
    <P Name="Position">[-245, -142, -215, -128]</P>
    <P Name="ZOrder">-3</P>
    <P Name="Port">3</P>
  </Block>
  <Block BlockType="Inport" Name="totalThrust" SID="1100">
    <P Name="Position">[-245, -187, -215, -173]</P>
    <P Name="ZOrder">-4</P>
    <P Name="Port">4</P>
  </Block>
  <Block BlockType="Sum" Name="Add" SID="2385">
    <P Name="Ports">[2, 1]</P>
    <P Name="Position">[-420, -78, -390, -47]</P>
    <P Name="ZOrder">35</P>
    <P Name="IconShape">rectangular</P>
  </Block>
  <Block BlockType="Reference" Name="Environment&#xA;Controller" SID="2386">
    <P Name="Ports">[2, 1]</P>
    <P Name="Position">[-440, -244, -400, -206]</P>
    <P Name="ZOrder">36</P>
    <P Name="Commented">on</P>
    <P Name="LibraryVersion">12.3</P>
    <P Name="SourceBlock">simulink_need_slupdate/Environment
Controller</P>
    <P Name="SourceType">Environment Controller</P>
    <P Name="SourceProductBaseCode">SL</P>
    <InstanceData>
      <P Name="RTWMemSecFuncInitTerm">Inherit from model</P>
      <P Name="RTWMemSecFuncExecute">Inherit from model</P>
      <P Name="RTWMemSecDataConstants">Inherit from model</P>
      <P Name="RTWMemSecDataInternal">Inherit from model</P>
      <P Name="RTWMemSecDataParameters">Inherit from model</P>
      <P Name="ContentPreviewEnabled">on</P>
    </InstanceData>
  </Block>
  <Block BlockType="ManualSwitch" Name="Manual Switch" SID="2484">
    <P Name="Position">[-510, -73, -480, -37]</P>
    <P Name="ZOrder">40</P>
  </Block>
  <Block BlockType="Mux" Name="Mux2" SID="1101">
    <P Name="Ports">[4, 1]</P>
    <P Name="Position">[-90, -204, -85, -21]</P>
    <P Name="ZOrder">31</P>
    <P Name="ShowName">off</P>
    <P Name="DisplayOption">bar</P>
  </Block>
  <Block BlockType="Constant" Name="Pitch correction" SID="2485">
    <P Name="Position">[-570, -73, -540, -57]</P>
    <P Name="ZOrder">39</P>
    <P Name="ForegroundColor">magenta</P>
    <P Name="Value">0.002</P>
    <P Name="OutDataTypeStr">single</P>
  </Block>
  <Block BlockType="Product" Name="Product" SID="1102">
    <P Name="Ports">[2, 1]</P>
    <P Name="Position">[105, -163, 150, -92]</P>
    <P Name="ZOrder">32</P>
    <P Name="ForegroundColor">green</P>
    <P Name="ShowName">off</P>
    <P Name="Multiplication">Matrix(*)</P>
    <P Name="RndMeth">Zero</P>
  </Block>
  <Block BlockType="Constant" Name="TorqueTotalThrustToThrustPerMotor" SID="1103">
    <P Name="Position">[-20, -160, 60, -130]</P>
    <P Name="ZOrder">33</P>
    <P Name="NameLocation">top</P>
    <P Name="Value">Controller.Q2Ts</P>
    <P Name="OutDataTypeStr">single</P>
  </Block>
  <Block BlockType="VariantSource" Name="Variant Source" SID="3065">
    <P Name="Ports">[2, 1]</P>
    <P Name="Position">[-330, -119, -300, -41]</P>
    <P Name="ZOrder">43</P>
    <P Name="VariantControls" Ref="bdmxdata:VariantControls_3065"/>
    <P Name="VariantControlMode">sim codegen switching</P>
  </Block>
  <Block BlockType="Constant" Name="zero correction" SID="2486">
    <P Name="Position">[-570, -38, -540, -22]</P>
    <P Name="ZOrder">41</P>
    <P Name="ForegroundColor">magenta</P>
    <P Name="Value">0</P>
    <P Name="OutDataTypeStr">single</P>
  </Block>
  <Block BlockType="Outport" Name="thrusts_refout" SID="1104">
    <P Name="Position">[205, -132, 235, -118]</P>
    <P Name="ZOrder">-21</P>
    <P Name="VectorParamsAs1DForOutWhenUnconnected">off</P>
  </Block>
  <Line>
    <P Name="ZOrder">1</P>
    <P Name="Src">1102#out:1</P>
    <P Name="Dst">1104#in:1</P>
  </Line>
  <Line>
    <P Name="ZOrder">2</P>
    <P Name="Src">1098#out:1</P>
    <P Name="Dst">1101#in:4</P>
  </Line>
  <Line>
    <P Name="ZOrder">4</P>
    <P Name="Src">1099#out:1</P>
    <P Name="Dst">1101#in:2</P>
  </Line>
  <Line>
    <P Name="ZOrder">5</P>
    <P Name="Src">1100#out:1</P>
    <P Name="Dst">1101#in:1</P>
  </Line>
  <Line>
    <P Name="ZOrder">6</P>
    <P Name="Src">1103#out:1</P>
    <P Name="Dst">1102#in:1</P>
  </Line>
  <Line>
    <P Name="ZOrder">7</P>
    <P Name="Src">1101#out:1</P>
    <P Name="Dst">1102#in:2</P>
  </Line>
  <Line>
    <P Name="ZOrder">24</P>
    <P Name="Src">1097#out:1</P>
    <P Name="Points">[121, 0]</P>
    <Branch>
      <P Name="ZOrder">47</P>
      <P Name="Dst">3065#in:1</P>
    </Branch>
    <Branch>
      <P Name="ZOrder">46</P>
      <P Name="Points">[0, 30]</P>
      <P Name="Dst">2385#in:1</P>
    </Branch>
  </Line>
  <Line>
    <P Name="ZOrder">30</P>
    <P Name="Src">2485#out:1</P>
    <P Name="Dst">2484#in:1</P>
  </Line>
  <Line>
    <P Name="ZOrder">31</P>
    <P Name="Src">2486#out:1</P>
    <P Name="Points">[3, 0; 0, -15]</P>
    <P Name="Dst">2484#in:2</P>
  </Line>
  <Line>
    <P Name="ZOrder">33</P>
    <P Name="Src">2484#out:1</P>
    <P Name="Dst">2385#in:2</P>
  </Line>
  <Line>
    <P Name="ZOrder">45</P>
    <P Name="Src">2385#out:1</P>
    <P Name="Dst">3065#in:2</P>
  </Line>
  <Line>
    <P Name="ZOrder">49</P>
    <P Name="Src">3065#out:1</P>
    <P Name="Points">[100, 0; 0, -10]</P>
    <P Name="Dst">1101#in:3</P>
  </Line>
</System>
