<?xml version="1.0" encoding="utf-8"?>
<System>
  <P Name="Location">[-8, -8, 1610, 860]</P>
  <P Name="SystemRect">[0.000000, 0.000000, 0.000000, 0.000000]</P>
  <P Name="SetExecutionDomain">off</P>
  <P Name="ExecutionDomainType">Deduce</P>
  <P Name="SimulinkSubDomain">Simulink</P>
  <Block BlockType="Inport" Name="In1" SID="2900">
    <P Name="Position">[25, 33, 55, 47]</P>
    <P Name="ZOrder">-1</P>
  </Block>
  <Block BlockType="Abs" Name="Abs" SID="2901">
    <P Name="Position">[90, 25, 120, 55]</P>
    <P Name="ZOrder">-2</P>
    <P Name="SaturateOnIntegerOverflow">off</P>
  </Block>
  <Block BlockType="DiscreteIntegrator" Name="Discrete-Time&#xA;Integrator" SID="2902">
    <P Name="Ports">[1, 1]</P>
    <P Name="Position">[160, -53, 195, -17]</P>
    <P Name="ZOrder">2</P>
    <P Name="InitialConditionSetting">Auto</P>
    <P Name="SampleTime">-1</P>
    <P Name="ICPrevOutput">DiscIntNeverNeededParam</P>
    <P Name="ICPrevScaledInput">DiscIntNeverNeededParam</P>
  </Block>
  <Block BlockType="Integrator" Name="Integrator" SID="2903">
    <P Name="Ports">[1, 1]</P>
    <P Name="Position">[160, 25, 190, 55]</P>
    <P Name="ZOrder">-3</P>
    <P Name="Commented">on</P>
  </Block>
  <Block BlockType="Outport" Name="Out1" SID="2904">
    <P Name="Position">[230, 33, 260, 47]</P>
    <P Name="ZOrder">-4</P>
  </Block>
  <Line>
    <P Name="ZOrder">1</P>
    <P Name="Src">2900#out:1</P>
    <P Name="Dst">2901#in:1</P>
  </Line>
  <Line>
    <P Name="ZOrder">2</P>
    <P Name="Src">2901#out:1</P>
    <P Name="Points">[10, 0; 0, -75]</P>
    <P Name="Dst">2902#in:1</P>
  </Line>
  <Line>
    <P Name="ZOrder">3</P>
    <P Name="Src">2902#out:1</P>
    <P Name="Points">[15, 0]</P>
    <P Name="Dst">2904#in:1</P>
  </Line>
</System>
