<?xml version="1.0" encoding="utf-8"?>
<System>
  <P Name="Location">[-8, -8, 1928, 1048]</P>
  <P Name="SystemRect">[0.000000, 0.000000, 0.000000, 0.000000]</P>
  <P Name="SetExecutionDomain">off</P>
  <P Name="ExecutionDomainType">Deduce</P>
  <P Name="ZoomFactor">248</P>
  <P Name="SimulinkSubDomain">Simulink</P>
  <Block BlockType="Inport" Name="axyz" SID="2551">
    <P Name="Position">[365, 128, 395, 142]</P>
    <P Name="ZOrder">-1</P>
    <P Name="ForegroundColor">red</P>
  </Block>
  <Block BlockType="Inport" Name="pitch_rate" SID="2552">
    <P Name="Position">[365, 63, 395, 77]</P>
    <P Name="ZOrder">1</P>
    <P Name="ForegroundColor">red</P>
    <P Name="Port">2</P>
  </Block>
  <Block BlockType="Inport" Name="enable_update" SID="2553">
    <P Name="Position">[375, 193, 405, 207]</P>
    <P Name="ZOrder">44</P>
    <P Name="ForegroundColor">red</P>
    <P Name="Port">3</P>
  </Block>
  <Block BlockType="Demux" Name="Demux" SID="2554">
    <P Name="Ports">[1, 2]</P>
    <P Name="Position">[690, 95, 695, 175]</P>
    <P Name="ZOrder">50</P>
    <P Name="ForegroundColor">red</P>
    <P Name="ShowName">off</P>
    <P Name="Outputs">2</P>
  </Block>
  <Block BlockType="Gain" Name="Gain2" SID="2555">
    <P Name="Position">[480, 120, 510, 150]</P>
    <P Name="ZOrder">32</P>
    <P Name="ForegroundColor">red</P>
    <P Name="ShowName">off</P>
    <P Name="Gain">1/g</P>
  </Block>
  <Block BlockType="Reference" Name="Kalman Filter" SID="2556">
    <P Name="Ports">[3, 1]</P>
    <P Name="Position">[605, 94, 675, 176]</P>
    <P Name="ZOrder">14</P>
    <P Name="ForegroundColor">red</P>
    <P Name="LibraryVersion">3.0</P>
    <P Name="SourceBlock">ctrlSharedLib/Kalman Filter</P>
    <P Name="SourceType">ctrlKalmanFilter</P>
    <P Name="SourceProductBaseCode">CT,ID</P>
    <InstanceData>
      <P Name="RTWMemSecFuncInitTerm">Inherit from model</P>
      <P Name="RTWMemSecFuncExecute">Inherit from model</P>
      <P Name="RTWMemSecDataConstants">Inherit from model</P>
      <P Name="RTWMemSecDataInternal">Inherit from model</P>
      <P Name="RTWMemSecDataParameters">Inherit from model</P>
      <P Name="ContentPreviewEnabled">on</P>
      <P Name="TimeDomain">Discrete-Time</P>
      <P Name="UseCurrentEstimator">on</P>
      <P Name="ModelSource">Individual A, B, C, D matrices</P>
      <P Name="ModelSourceVariable">ss(0.95,1,1,0,1)</P>
      <P Name="A">[1 -Ts;0 1]</P>
      <P Name="B">[Ts;0]</P>
      <P Name="C">[1 0]</P>
      <P Name="D">0</P>
      <P Name="NumberOfStates">1</P>
      <P Name="NumberOfInputs">1</P>
      <P Name="NumberOfOutputs">1</P>
      <P Name="InitialEstimateSource">Dialog</P>
      <P Name="X0">0</P>
      <P Name="P0">10</P>
      <P Name="UseK">off</P>
      <P Name="UseGH">off</P>
      <P Name="NumberOfProcessNoiseInputs">1</P>
      <P Name="G">1</P>
      <P Name="TimeInvariantG">on</P>
      <P Name="H">0</P>
      <P Name="TimeInvariantH">on</P>
      <P Name="Q">[var_gyro_p_N,0;0,var_bias_gyr_N]</P>
      <P Name="TimeInvariantQ">on</P>
      <P Name="R">var_acc_angle_N</P>
      <P Name="TimeInvariantR">on</P>
      <P Name="N">0</P>
      <P Name="TimeInvariantN">on</P>
      <P Name="AddInputPort">on</P>
      <P Name="AddEnablePort">on</P>
      <P Name="ExternalReset">None</P>
      <P Name="OutputEstimatedY">off</P>
      <P Name="OutputP">off</P>
      <P Name="Ts">Ts</P>
    </InstanceData>
  </Block>
  <Block BlockType="Selector" Name="Selector1" SID="2557">
    <P Name="Ports">[1, 1]</P>
    <P Name="Position">[420, 116, 460, 154]</P>
    <P Name="ZOrder">41</P>
    <P Name="ForegroundColor">red</P>
    <P Name="InputPortWidth">3</P>
    <P Name="IndexOptions">Index vector (dialog)</P>
    <P Name="Indices">[1]</P>
    <P Name="OutputSizes">1</P>
  </Block>
  <Block BlockType="Trigonometry" Name="Trigonometric&#xA;Function1" SID="2558">
    <P Name="Ports">[1, 1]</P>
    <P Name="Position">[530, 120, 560, 150]</P>
    <P Name="ZOrder">33</P>
    <P Name="ForegroundColor">red</P>
    <P Name="ShowName">off</P>
    <P Name="Operator">asin</P>
  </Block>
  <Block BlockType="DataTypeConversion" Name="single" SID="2559">
    <P Name="Position">[800, 145, 825, 165]</P>
    <P Name="ZOrder">51</P>
    <P Name="ForegroundColor">red</P>
    <P Name="OutDataTypeStr">single</P>
    <P Name="RndMeth">Floor</P>
    <P Name="SaturateOnIntegerOverflow">off</P>
  </Block>
  <Block BlockType="DataTypeConversion" Name="single1" SID="2604">
    <P Name="Position">[800, 105, 825, 125]</P>
    <P Name="ZOrder">52</P>
    <P Name="ForegroundColor">red</P>
    <P Name="OutDataTypeStr">single</P>
    <P Name="RndMeth">Floor</P>
    <P Name="SaturateOnIntegerOverflow">off</P>
  </Block>
  <Block BlockType="Outport" Name="pitch" SID="2560">
    <P Name="Position">[885, 108, 915, 122]</P>
    <P Name="ZOrder">-2</P>
    <P Name="ForegroundColor">red</P>
  </Block>
  <Block BlockType="Outport" Name="gyro_y_bias" SID="2561">
    <P Name="Position">[885, 148, 915, 162]</P>
    <P Name="ZOrder">45</P>
    <P Name="ForegroundColor">red</P>
    <P Name="Port">2</P>
  </Block>
  <Line>
    <P Name="ZOrder">1</P>
    <P Name="Src">2556#out:1</P>
    <P Name="Dst">2554#in:1</P>
  </Line>
  <Line>
    <P Name="ZOrder">2</P>
    <P Name="Src">2554#out:1</P>
    <P Name="Dst">2604#in:1</P>
  </Line>
  <Line>
    <P Name="ZOrder">3</P>
    <P Name="Src">2555#out:1</P>
    <P Name="Dst">2558#in:1</P>
  </Line>
  <Line>
    <P Name="ZOrder">4</P>
    <P Name="Src">2558#out:1</P>
    <P Name="Dst">2556#in:2</P>
  </Line>
  <Line>
    <P Name="ZOrder">5</P>
    <P Name="Src">2557#out:1</P>
    <P Name="Dst">2555#in:1</P>
  </Line>
  <Line>
    <P Name="ZOrder">6</P>
    <P Name="Src">2551#out:1</P>
    <P Name="Dst">2557#in:1</P>
  </Line>
  <Line>
    <P Name="ZOrder">7</P>
    <P Name="Src">2552#out:1</P>
    <P Name="Points">[178, 0; 0, 40]</P>
    <P Name="Dst">2556#in:1</P>
  </Line>
  <Line>
    <P Name="ZOrder">8</P>
    <P Name="Src">2553#out:1</P>
    <P Name="Points">[168, 0; 0, -40]</P>
    <P Name="Dst">2556#in:3</P>
  </Line>
  <Line>
    <P Name="ZOrder">9</P>
    <P Name="Src">2554#out:2</P>
    <P Name="Dst">2559#in:1</P>
  </Line>
  <Line>
    <P Name="ZOrder">10</P>
    <P Name="Src">2559#out:1</P>
    <P Name="Dst">2561#in:1</P>
  </Line>
  <Line>
    <P Name="ZOrder">11</P>
    <P Name="Src">2604#out:1</P>
    <P Name="Dst">2560#in:1</P>
  </Line>
  <Annotation SID="2563">
    <P Name="Name">Gyroscope&apos;s bias is susceptible to factors like &quot;temperature&quot; and &quot;Gyro bias stability&quot; and it 
can vary during the flight. It is therefore estimated using this Kalman filter making use of Accelerometer data</P>
    <P Name="Position">[348, 274, 825, 300]</P>
    <P Name="InternalMargins">[0, 0, 0, 0]</P>
    <P Name="HorizontalAlignment">left</P>
    <P Name="VerticalAlignment">top</P>
    <P Name="ZOrder">-1</P>
  </Annotation>
  <Annotation SID="2562">
    <P Name="Name">Linear Kalman filter is used for the Pitch and Roll estimation.
The states are the corresponding Euler angle and Angular rate bias respectively</P>
    <P Name="Position">[585, 211, 939, 237]</P>
    <P Name="InternalMargins">[0, 0, 0, 0]</P>
    <P Name="HorizontalAlignment">left</P>
    <P Name="VerticalAlignment">top</P>
    <P Name="ZOrder">-2</P>
  </Annotation>
</System>
