<?xml version="1.0" encoding="utf-8"?>
<System>
  <P Name="Location">[-8, -8, 1544, 832]</P>
  <P Name="SystemRect">[0.000000, 0.000000, 0.000000, 0.000000]</P>
  <P Name="Open">on</P>
  <P Name="SetExecutionDomain">off</P>
  <P Name="ExecutionDomainType">Deduce</P>
  <P Name="SimulinkSubDomain">Simulink</P>
  <Block BlockType="Inport" Name="states_estim" SID="1142">
    <P Name="Position">[0, 33, 30, 47]</P>
    <P Name="ZOrder">1289</P>
  </Block>
  <Block BlockType="Inport" Name="PosZ" SID="1143">
    <P Name="Position">[80, -282, 110, -268]</P>
    <P Name="ZOrder">1286</P>
    <P Name="Port">2</P>
  </Block>
  <Block BlockType="Inport" Name="takeoff_flag" SID="1144">
    <P Name="Position">[80, -232, 110, -218]</P>
    <P Name="ZOrder">5719</P>
    <P Name="Port">3</P>
    <Port>
      <P Name="PortNumber">1</P>
      <P Name="PropagatedSignals">takeoff_flag</P>
      <P Name="ShowPropagatedSignals">on</P>
    </Port>
  </Block>
  <Block BlockType="SubSystem" Name="Obs" SID="2888">
    <P Name="Ports">[2, 1]</P>
    <P Name="Position">[275, -155, 345, -95]</P>
    <P Name="ZOrder">5777</P>
    <P Name="RequestExecContextInheritance">off</P>
    <P Name="ContentPreviewEnabled">on</P>
    <System Ref="system_2888"/>
  </Block>
  <Block BlockType="Reference" Name="RL Agent" SID="2808">
    <P Name="Ports">[3, 1]</P>
    <P Name="Position">[535, -51, 675, 61]</P>
    <P Name="ZOrder">5720</P>
    <P Name="LibraryVersion">3.2</P>
    <P Name="SourceBlock">rllib/RL Agent</P>
    <P Name="SourceType">RL Agent</P>
    <P Name="SourceProductBaseCode">RL</P>
    <InstanceData>
      <P Name="RTWMemSecFuncInitTerm">Inherit from model</P>
      <P Name="RTWMemSecFuncExecute">Inherit from model</P>
      <P Name="RTWMemSecDataConstants">Inherit from model</P>
      <P Name="RTWMemSecDataInternal">Inherit from model</P>
      <P Name="RTWMemSecDataParameters">Inherit from model</P>
      <P Name="ContentPreviewEnabled">on</P>
      <P Name="Agent">agent</P>
      <P Name="ExternalActionAsInput">off</P>
      <P Name="ProvideCumRwd">off</P>
      <P Name="TreatAsDirectFeedthrough">on</P>
    </InstanceData>
  </Block>
  <Block BlockType="Saturate" Name="Saturation5" SID="3154">
    <P Name="Position">[745, -260, 775, -230]</P>
    <P Name="ZOrder">5798</P>
    <P Name="ShowName">off</P>
    <P Name="UpperLimit">0.1</P>
    <P Name="LowerLimit">-0.1</P>
  </Block>
  <Block BlockType="Saturate" Name="SaturationThrust1" SID="1684">
    <P Name="Position">[905, -260, 935, -230]</P>
    <P Name="ZOrder">5712</P>
    <P Name="ShowName">off</P>
    <P Name="UpperLimit">4*Controller.totalThrustMaxRelative*Controller.motorsThrustPerMotorMax</P>
    <P Name="LowerLimit">-4*Controller.totalThrustMaxRelative*Controller.motorsThrustPerMotorMax</P>
    <P Name="OutDataTypeStr">single</P>
  </Block>
  <Block BlockType="Scope" Name="Scope" SID="3151">
    <P Name="Ports">[2]</P>
    <P Name="Position">[775, -135, 820, -75]</P>
    <P Name="ZOrder">5797</P>
    <P Name="ScopeSpecificationString">Simulink.scopes.TimeScopeBlockCfg(&apos;CurrentConfiguration&apos;, extmgr.ConfigurationSet(extmgr.Configuration(&apos;Core&apos;,&apos;General UI&apos;,true,&apos;DisplayFullSourceName&apos;,true),extmgr.Configuration(&apos;Core&apos;,&apos;Source UI&apos;,true),extmgr.Configuration(&apos;Sources&apos;,&apos;WiredSimulink&apos;,true),extmgr.Configuration(&apos;Visuals&apos;,&apos;Time Domain&apos;,true,&apos;SerializedDisplays&apos;,{struct(&apos;MinYLimReal&apos;,&apos;-11.26402&apos;,&apos;MaxYLimReal&apos;,&apos;1.36267&apos;,&apos;YLabelReal&apos;,&apos;&apos;,&apos;MinYLimMag&apos;,&apos;0.00000&apos;,&apos;MaxYLimMag&apos;,&apos;11.26402&apos;,&apos;LegendVisibility&apos;,&apos;On&apos;,&apos;XGrid&apos;,true,&apos;YGrid&apos;,true,&apos;PlotMagPhase&apos;,false,&apos;AxesColor&apos;,[0 0 0],&apos;AxesTickColor&apos;,[0.686274509803922 0.686274509803922 0.686274509803922],&apos;ColorOrder&apos;,[1 1 0.0666666666666667;0.0745098039215686 0.623529411764706 1;1 0.411764705882353 0.16078431372549;0.392156862745098 0.831372549019608 0.0745098039215686;0.717647058823529 0.274509803921569 1;0.0588235294117647 1 1;1 0.0745098039215686 0.650980392156863],&apos;Title&apos;,&apos;%&lt;SignalLabel&gt;&apos;,&apos;LinePropertiesCache&apos;,{{}},&apos;UserDefinedChannelNames&apos;,{{}},&apos;NumLines&apos;,2,&apos;LineNames&apos;,{{&apos;Saturation5&apos;,&apos;reward&apos;}},&apos;ShowContent&apos;,true,&apos;Placement&apos;,1)},&apos;DisplayPropertyDefaults&apos;,struct(&apos;MinYLimReal&apos;,&apos;-11.26402&apos;,&apos;MaxYLimReal&apos;,&apos;1.36267&apos;,&apos;YLabelReal&apos;,&apos;&apos;,&apos;MinYLimMag&apos;,&apos;0.00000&apos;,&apos;MaxYLimMag&apos;,&apos;11.26402&apos;,&apos;LegendVisibility&apos;,&apos;On&apos;,&apos;XGrid&apos;,true,&apos;YGrid&apos;,true,&apos;PlotMagPhase&apos;,false,&apos;AxesColor&apos;,[0 0 0],&apos;AxesTickColor&apos;,[0.686274509803922 0.686274509803922 0.686274509803922],&apos;ColorOrder&apos;,[0.0745098039215686 0.623529411764706 1;1 0.411764705882353 0.16078431372549;1 1 0.0666666666666667;0.717647058823529 0.274509803921569 1;0.392156862745098 0.831372549019608 0.0745098039215686;0.0588235294117647 1 1;1 0.0745098039215686 0.650980392156863])),extmgr.Configuration(&apos;Tools&apos;,&apos;Plot Navigation&apos;,true,&apos;PreviousAutoscale&apos;,&apos;XY&apos;,&apos;OnceAtStop&apos;,false),extmgr.Configuration(&apos;Tools&apos;,&apos;Measurements&apos;,true,&apos;Version&apos;,&apos;2021b&apos;)),&apos;Version&apos;,&apos;2021b&apos;,&apos;Position&apos;,[928 51 606 269],&apos;VisibleAtModelOpen&apos;,&apos;on&apos;,&apos;OpenAtMdlStart&apos;,true)</P>
    <P Name="NumInputPorts">2</P>
    <P Name="Floating">off</P>
  </Block>
  <Block BlockType="Sum" Name="Sum5" SID="1687">
    <P Name="Ports">[2, 1]</P>
    <P Name="Position">[855, -255, 875, -235]</P>
    <P Name="ZOrder">5704</P>
    <P Name="ForegroundColor">red</P>
    <P Name="DropShadow">on</P>
    <P Name="ShowName">off</P>
    <P Name="Inputs">++|</P>
    <P Name="AccumDataTypeStr">single</P>
    <P Name="OutDataTypeStr">single</P>
    <P Name="SaturateOnIntegerOverflow">on</P>
  </Block>
  <Block BlockType="Terminator" Name="Terminator" SID="1689">
    <P Name="Position">[155, -235, 175, -215]</P>
    <P Name="ZOrder">5718</P>
  </Block>
  <Block BlockType="Terminator" Name="Terminator1" SID="2810">
    <P Name="Position">[155, -285, 175, -265]</P>
    <P Name="ZOrder">5722</P>
  </Block>
  <Block BlockType="SubSystem" Name="isdone" SID="2927">
    <P Name="Ports">[2, 1]</P>
    <P Name="Position">[240, 122, 375, 198]</P>
    <P Name="ZOrder">5796</P>
    <P Name="RequestExecContextInheritance">off</P>
    <P Name="ContentPreviewEnabled">on</P>
    <System Ref="system_2927"/>
  </Block>
  <Block BlockType="Constant" Name="ref" SID="2809">
    <P Name="Position">[0, -155, 30, -125]</P>
    <P Name="ZOrder">5721</P>
    <P Name="Value">-1</P>
  </Block>
  <Block BlockType="SubSystem" Name="reward" SID="2816">
    <P Name="Ports">[3, 1]</P>
    <P Name="Position">[245, -61, 370, 72]</P>
    <P Name="ZOrder">5728</P>
    <P Name="RequestExecContextInheritance">off</P>
    <P Name="ContentPreviewEnabled">on</P>
    <P Name="PortSchema">{&quot;entries&quot;:[{&quot;content&quot;:{&quot;sides&quot;:[{&quot;content&quot;:{&quot;connectorIds&quot;:[&quot;In1&quot;,&quot;In2&quot;]},&quot;type&quot;:&quot;ConnectorPlacement.EquallySpacedRectSide&quot;,&quot;uuid&quot;:&quot;6250b8e2-a00f-4da6-ae00-2965471c9af3&quot;},{&quot;content&quot;:{&quot;connectorIds&quot;:[&quot;Out1&quot;,&quot;In3&quot;],&quot;side&quot;:&quot;RIGHT&quot;},&quot;type&quot;:&quot;ConnectorPlacement.EquallySpacedRectSide&quot;,&quot;uuid&quot;:&quot;23428e09-0b56-4f77-a0e6-17da4520ecdb&quot;},{&quot;content&quot;:{&quot;connectorIds&quot;:[],&quot;side&quot;:&quot;TOP&quot;},&quot;type&quot;:&quot;ConnectorPlacement.EquallySpacedRectSide&quot;,&quot;uuid&quot;:&quot;02f9e243-4bd5-4d7c-a33d-5eddd834e54b&quot;}]},&quot;type&quot;:&quot;ConnectorPlacement.EquallySpacedConnector&quot;,&quot;uuid&quot;:&quot;71f45ca6-8899-4b14-b460-6c34d9b40048&quot;}],&quot;packageUris&quot;:[&quot;http://schema.mathworks.com/mf0/Connector/R2020b&quot;],&quot;version&quot;:&quot;1.0&quot;}</P>
    <System Ref="system_2816"/>
  </Block>
  <Block BlockType="Constant" Name="w1" SID="1691">
    <P Name="Position">[210, -346, 340, -324]</P>
    <P Name="ZOrder">5703</P>
    <P Name="ForegroundColor">red</P>
    <P Name="DropShadow">on</P>
    <P Name="Value">-g*Vehicle.Airframe.mass</P>
    <P Name="OutDataTypeStr">single</P>
    <P Name="SampleTime">Ts</P>
    <Port>
      <P Name="PortNumber">1</P>
      <P Name="Name">Feed forward term to 
compensate for gravity</P>
    </Port>
  </Block>
  <Block BlockType="Outport" Name="altitude_cmd" SID="1155">
    <P Name="Position">[1025, -252, 1055, -238]</P>
    <P Name="ZOrder">1288</P>
    <P Name="VectorParamsAs1DForOutWhenUnconnected">off</P>
  </Block>
  <Line>
    <P Name="ZOrder">130</P>
    <P Name="Src">2808#out:1</P>
    <P Name="Points">[30, 0; 0, -250]</P>
    <P Name="Dst">3154#in:1</P>
  </Line>
  <Line>
    <P Name="ZOrder">42</P>
    <P Name="Src">1144#out:1</P>
    <P Name="Dst">1689#in:1</P>
  </Line>
  <Line>
    <P Name="Name">Feed forward term to 
compensate for gravity</P>
    <P Name="ZOrder">25</P>
    <P Name="Labels">[1, 1]</P>
    <P Name="Src">1691#out:1</P>
    <P Name="Points">[520, 0]</P>
    <P Name="Dst">1687#in:1</P>
  </Line>
  <Line>
    <P Name="ZOrder">78</P>
    <P Name="Src">1143#out:1</P>
    <P Name="Dst">2810#in:1</P>
  </Line>
  <Line>
    <P Name="ZOrder">131</P>
    <P Name="Src">1684#out:1</P>
    <P Name="Dst">1155#in:1</P>
  </Line>
  <Line>
    <P Name="ZOrder">148</P>
    <P Name="Src">2888#out:1</P>
    <P Name="Points">[140, 0; 0, 95]</P>
    <P Name="Dst">2808#in:1</P>
  </Line>
  <Line>
    <P Name="ZOrder">150</P>
    <P Name="Src">2809#out:1</P>
    <P Name="Points">[91, 0]</P>
    <Branch>
      <P Name="ZOrder">174</P>
      <P Name="Points">[0, 115]</P>
      <Branch>
        <P Name="ZOrder">212</P>
        <P Name="Points">[0, 165]</P>
        <P Name="Dst">2927#in:1</P>
      </Branch>
      <Branch>
        <P Name="ZOrder">169</P>
        <P Name="Dst">2816#in:1</P>
      </Branch>
    </Branch>
    <Branch>
      <P Name="ZOrder">173</P>
      <P Name="Dst">2888#in:1</P>
    </Branch>
  </Line>
  <Line>
    <P Name="ZOrder">151</P>
    <P Name="Src">1142#out:1</P>
    <P Name="Points">[127, 0]</P>
    <Branch>
      <P Name="ZOrder">215</P>
      <P Name="Points">[0, -150]</P>
      <P Name="Dst">2888#in:2</P>
    </Branch>
    <Branch>
      <P Name="ZOrder">172</P>
      <P Name="Dst">2816#in:2</P>
    </Branch>
    <Branch>
      <P Name="ZOrder">185</P>
      <P Name="Points">[0, 140]</P>
      <P Name="Dst">2927#in:2</P>
    </Branch>
  </Line>
  <Line>
    <P Name="ZOrder">156</P>
    <P Name="Src">2927#out:1</P>
    <P Name="Points">[113, 0; 0, -120]</P>
    <Branch>
      <P Name="ZOrder">219</P>
      <P Name="Dst">2816#in:3</P>
    </Branch>
    <Branch>
      <P Name="ZOrder">218</P>
      <P Name="Dst">2808#in:3</P>
    </Branch>
  </Line>
  <Line>
    <P Name="ZOrder">167</P>
    <P Name="Src">2816#out:1</P>
    <P Name="Points">[75, 0]</P>
    <Branch>
      <P Name="ZOrder">237</P>
      <P Name="Points">[0, 30]</P>
      <P Name="Dst">2808#in:2</P>
    </Branch>
    <Branch>
      <P Name="ZOrder">227</P>
      <P Name="Points">[0, -65]</P>
      <P Name="Dst">3151#in:2</P>
    </Branch>
  </Line>
  <Line>
    <P Name="ZOrder">223</P>
    <P Name="Src">1687#out:1</P>
    <P Name="Dst">1684#in:1</P>
  </Line>
  <Line>
    <P Name="ZOrder">276</P>
    <P Name="Src">3154#out:1</P>
    <P Name="Points">[42, 0]</P>
    <Branch>
      <P Name="ZOrder">280</P>
      <P Name="Points">[0, 62; -71, 0; 0, 63]</P>
      <P Name="Dst">3151#in:1</P>
    </Branch>
    <Branch>
      <P Name="ZOrder">279</P>
      <P Name="Dst">1687#in:2</P>
    </Branch>
  </Line>
  <Annotation SID="1693">
    <P Name="Name">&lt;!DOCTYPE HTML PUBLIC &quot;-//W3C//DTD HTML 4.0//EN&quot; &quot;http://www.w3.org/TR/REC-html40/strict.dtd&quot;&gt;
&lt;html&gt;&lt;head&gt;&lt;meta name=&quot;qrichtext&quot; content=&quot;1&quot; /&gt;&lt;style type=&quot;text/css&quot;&gt;
p, li { white-space: pre-wrap; }
&lt;/style&gt;&lt;/head&gt;&lt;body align=&quot;left&quot; style=&quot; font-family:&apos;Helvetica&apos;; font-size:10px; font-weight:400; font-style:normal;&quot;&gt;
&lt;p align=&quot;left&quot; style=&quot; margin-top:0px; margin-bottom:0px; margin-left:0px; margin-right:0px; -qt-block-indent:0; text-indent:0px;&quot;&gt;&lt;span style=&quot; font-size:10px; font-weight:600;&quot;&gt;ALTITUDE CONTROLLER&lt;/span&gt;&lt;/p&gt;&lt;/body&gt;&lt;/html&gt;</P>
    <P Name="Position">[453, -410, 576, -396]</P>
    <P Name="InternalMargins">[0, 0, 0, 0]</P>
    <P Name="HorizontalAlignment">left</P>
    <P Name="VerticalAlignment">top</P>
    <P Name="Interpreter">rich</P>
    <P Name="ZOrder">-2</P>
  </Annotation>
</System>
