<?xml version="1.0" encoding="utf-8"?>
<System>
  <P Name="Location">[791, 236, 1761, 971]</P>
  <P Name="SystemRect">[0.000000, 0.000000, 0.000000, 0.000000]</P>
  <P Name="SetExecutionDomain">off</P>
  <P Name="ExecutionDomainType">Deduce</P>
  <P Name="ZoomFactor">58</P>
  <P Name="SimulinkSubDomain">Simulink</P>
  <Block BlockType="Inport" Name="sensordata_datin" SID="2736">
    <P Name="Position">[-450, 293, -420, 307]</P>
    <P Name="ZOrder">1107</P>
    <P Name="ForegroundColor">red</P>
  </Block>
  <Block BlockType="Inport" Name="sensorCalibration_datin" SID="2737">
    <P Name="Position">[65, 373, 95, 387]</P>
    <P Name="ZOrder">1143</P>
    <P Name="ForegroundColor">red</P>
    <P Name="Port">2</P>
  </Block>
  <Block BlockType="Bias" Name="Assuming that the &#xA;preflight calibration was&#xA;done at level orientation" SID="2738">
    <P Name="Position">[370, 365, 410, 395]</P>
    <P Name="ZOrder">1134</P>
    <P Name="ForegroundColor">red</P>
    <P Name="Bias">[0 0 +g 0 0 0]</P>
    <P Name="SaturateOnIntegerOverflow">off</P>
  </Block>
  <Block BlockType="BusCreator" Name="Bus&#xA;Creator3" SID="2739">
    <P Name="Ports">[6, 1]</P>
    <P Name="Position">[960, 200, 965, 380]</P>
    <P Name="ZOrder">72</P>
    <P Name="ForegroundColor">red</P>
    <P Name="ShowName">off</P>
    <P Name="Inputs">6</P>
    <P Name="DisplayOption">bar</P>
    <P Name="InheritFromInputs">on</P>
  </Block>
  <Block BlockType="BusSelector" Name="Bus&#xA;Selector" SID="2740">
    <P Name="Ports">[1, 6]</P>
    <P Name="Position">[155, 235, 160, 365]</P>
    <P Name="ZOrder">1113</P>
    <P Name="ForegroundColor">red</P>
    <P Name="ShowName">off</P>
    <P Name="OutputSignals">ddx,ddy,ddz,p,q,r</P>
    <Port>
      <P Name="PortNumber">1</P>
      <P Name="Name">&lt;ddx&gt;</P>
    </Port>
    <Port>
      <P Name="PortNumber">2</P>
      <P Name="Name">&lt;ddy&gt;</P>
    </Port>
    <Port>
      <P Name="PortNumber">3</P>
      <P Name="Name">&lt;ddz&gt;</P>
    </Port>
    <Port>
      <P Name="PortNumber">4</P>
      <P Name="Name">&lt;p&gt;</P>
    </Port>
    <Port>
      <P Name="PortNumber">5</P>
      <P Name="Name">&lt;q&gt;</P>
    </Port>
    <Port>
      <P Name="PortNumber">6</P>
      <P Name="Name">&lt;r&gt;</P>
    </Port>
  </Block>
  <Block BlockType="BusSelector" Name="Bus&#xA;Selector1" SID="2741">
    <P Name="Ports">[1, 2]</P>
    <P Name="Position">[100, 430, 105, 510]</P>
    <P Name="ZOrder">1115</P>
    <P Name="ForegroundColor">red</P>
    <P Name="ShowName">off</P>
    <P Name="OutputSignals">altitude_sonar,prs</P>
    <Port>
      <P Name="PortNumber">1</P>
      <P Name="Name">&lt;altitude_sonar&gt;</P>
    </Port>
    <Port>
      <P Name="PortNumber">2</P>
      <P Name="Name">&lt;prs&gt;</P>
    </Port>
  </Block>
  <Block BlockType="BusSelector" Name="Bus&#xA;Selector2" SID="2742">
    <P Name="Ports">[1, 5]</P>
    <P Name="Position">[-315, 267, -310, 333]</P>
    <P Name="ZOrder">5652</P>
    <P Name="ForegroundColor">red</P>
    <P Name="ShowName">off</P>
    <P Name="OutputSignals">HAL_acc_SI,HAL_gyro_SI,HAL_ultrasound_SI,HAL_pressure_SI,HAL_vbat_SI</P>
    <Port>
      <P Name="PortNumber">1</P>
      <P Name="Name">&lt;HAL_acc_SI&gt;</P>
    </Port>
    <Port>
      <P Name="PortNumber">2</P>
      <P Name="Name">&lt;HAL_gyro_SI&gt;</P>
    </Port>
    <Port>
      <P Name="PortNumber">3</P>
      <P Name="Name">&lt;HAL_ultrasound_SI&gt;</P>
    </Port>
    <Port>
      <P Name="PortNumber">4</P>
      <P Name="Name">&lt;HAL_pressure_SI&gt;</P>
    </Port>
    <Port>
      <P Name="PortNumber">5</P>
      <P Name="Name">&lt;HAL_vbat_SI&gt;</P>
    </Port>
  </Block>
  <Block BlockType="BusSelector" Name="Bus&#xA;Selector3" SID="2743">
    <P Name="Ports">[1, 1]</P>
    <P Name="Position">[-395, 274, -390, 326]</P>
    <P Name="ZOrder">5653</P>
    <P Name="ForegroundColor">red</P>
    <P Name="ShowName">off</P>
    <P Name="OutputSignals">HALSensors</P>
    <Port>
      <P Name="PortNumber">1</P>
      <P Name="Name">&lt;HALSensors&gt;</P>
    </Port>
  </Block>
  <Block BlockType="DataTypeConversion" Name="Data Type Conversion" SID="2744">
    <P Name="Position">[140, 372, 180, 388]</P>
    <P Name="ZOrder">1142</P>
    <P Name="ForegroundColor">red</P>
    <P Name="ShowName">off</P>
    <P Name="RndMeth">Floor</P>
    <P Name="SaturateOnIntegerOverflow">off</P>
  </Block>
  <Block BlockType="Demux" Name="Demux1" SID="2745">
    <P Name="Ports">[1, 3]</P>
    <P Name="Position">[835, 200, 840, 290]</P>
    <P Name="ZOrder">64</P>
    <P Name="ForegroundColor">red</P>
    <P Name="ShowName">off</P>
    <P Name="Outputs">3</P>
    <Port>
      <P Name="PortNumber">1</P>
      <P Name="Name">ddx</P>
    </Port>
    <Port>
      <P Name="PortNumber">2</P>
      <P Name="Name">ddy</P>
    </Port>
    <Port>
      <P Name="PortNumber">3</P>
      <P Name="Name">ddz</P>
    </Port>
  </Block>
  <Block BlockType="Demux" Name="Demux2" SID="2746">
    <P Name="Ports">[1, 3]</P>
    <P Name="Position">[635, 288, 640, 382]</P>
    <P Name="ZOrder">69</P>
    <P Name="ForegroundColor">red</P>
    <P Name="ShowName">off</P>
    <P Name="Outputs">3</P>
    <Port>
      <P Name="PortNumber">3</P>
      <P Name="Name">r</P>
    </Port>
  </Block>
  <Block BlockType="DiscreteFir" Name="FIR_IMUaccel" SID="2747">
    <P Name="Ports">[1, 1]</P>
    <P Name="Position">[745, 231, 785, 259]</P>
    <P Name="ZOrder">5654</P>
    <P Name="ForegroundColor">red</P>
    <P Name="InputPortMap">u0</P>
    <P Name="OutputPortMap">o0</P>
    <P Name="Coefficients">Estimator.IMU.filterAccel.Coefficients</P>
  </Block>
  <Block BlockType="DiscreteFilter" Name="IIR_IMUgyro_r" SID="2749">
    <P Name="Ports">[1, 1]</P>
    <P Name="Position">[680, 514, 720, 546]</P>
    <P Name="ZOrder">1103</P>
    <P Name="ForegroundColor">red</P>
    <P Name="InputPortMap">u0</P>
    <P Name="Numerator">Estimator.IMU.filterGyroNum</P>
    <P Name="Denominator">Estimator.IMU.filterGyroDen</P>
  </Block>
  <Block BlockType="DiscreteTransferFcn" Name="LPF Fcutoff = 40Hz" SID="2750">
    <P Name="Ports">[1, 1]</P>
    <P Name="Position">[695, 334, 755, 356]</P>
    <P Name="ZOrder">5688</P>
    <P Name="InputPortMap">u0</P>
    <P Name="Numerator">[1, 1]</P>
    <P Name="Denominator">[1+1/pi/Ts/40, 1-1/pi/Ts/40]</P>
    <Port>
      <P Name="PortNumber">1</P>
      <P Name="Name">q</P>
    </Port>
  </Block>
  <Block BlockType="DiscreteTransferFcn" Name="LPF Fcutoff = 40Hz1" SID="2751">
    <P Name="Ports">[1, 1]</P>
    <P Name="Position">[695, 294, 755, 316]</P>
    <P Name="ZOrder">5689</P>
    <P Name="InputPortMap">u0</P>
    <P Name="Numerator">[1, 1]</P>
    <P Name="Denominator">[1+1/pi/Ts/40, 1-1/pi/Ts/40]</P>
    <Port>
      <P Name="PortNumber">1</P>
      <P Name="Name">p</P>
    </Port>
  </Block>
  <Block BlockType="Mux" Name="Mux1" SID="2752">
    <P Name="Ports">[6, 1]</P>
    <P Name="Position">[265, 238, 270, 362]</P>
    <P Name="ZOrder">1114</P>
    <P Name="ForegroundColor">red</P>
    <P Name="ShowName">off</P>
    <P Name="Inputs">6</P>
    <P Name="DisplayOption">bar</P>
  </Block>
  <Block BlockType="Selector" Name="Select Accel" SID="2753">
    <P Name="Ports">[1, 1]</P>
    <P Name="Position">[590, 223, 615, 267]</P>
    <P Name="ZOrder">108</P>
    <P Name="ForegroundColor">red</P>
    <P Name="InputPortWidth">6</P>
    <P Name="IndexOptions">Index vector (dialog)</P>
    <P Name="Indices">[1 2 3]</P>
    <P Name="OutputSizes">1</P>
  </Block>
  <Block BlockType="Selector" Name="Select pqr" SID="2754">
    <P Name="Ports">[1, 1]</P>
    <P Name="Position">[590, 313, 615, 357]</P>
    <P Name="ZOrder">109</P>
    <P Name="ForegroundColor">red</P>
    <P Name="InputPortWidth">6</P>
    <P Name="IndexOptions">Index vector (dialog)</P>
    <P Name="Indices">[4 5 6]</P>
    <P Name="OutputSizes">1</P>
  </Block>
  <Block BlockType="Selector" Name="Selector2" SID="2755">
    <P Name="Ports">[1, 1]</P>
    <P Name="Position">[305, 345, 330, 415]</P>
    <P Name="ZOrder">295</P>
    <P Name="ForegroundColor">red</P>
    <P Name="ShowName">off</P>
    <P Name="InputPortWidth">8</P>
    <P Name="IndexOptions">Index vector (dialog)</P>
    <P Name="Indices">[1:6]</P>
    <P Name="OutputSizes">1</P>
  </Block>
  <Block BlockType="Selector" Name="Selector4" SID="2756">
    <P Name="Ports">[1, 1]</P>
    <P Name="Position">[230, 430, 240, 450]</P>
    <P Name="ZOrder">1117</P>
    <P Name="BlockRotation">270</P>
    <P Name="BlockMirror">on</P>
    <P Name="ForegroundColor">red</P>
    <P Name="NameLocation">left</P>
    <P Name="ShowName">off</P>
    <P Name="InputPortWidth">8</P>
    <P Name="IndexOptions">Index vector (dialog)</P>
    <P Name="Indices">[7]</P>
    <P Name="OutputSizes">1</P>
  </Block>
  <Block BlockType="Sum" Name="Sum1" SID="2757">
    <P Name="Ports">[2, 1]</P>
    <P Name="Position">[420, 290, 440, 310]</P>
    <P Name="ZOrder">218</P>
    <P Name="ForegroundColor">red</P>
    <P Name="ShowName">off</P>
    <P Name="Inputs">|+-</P>
  </Block>
  <Block BlockType="Sum" Name="Sum2" SID="2758">
    <P Name="Ports">[2, 1]</P>
    <P Name="Position">[225, 480, 245, 500]</P>
    <P Name="ZOrder">1116</P>
    <P Name="ForegroundColor">red</P>
    <P Name="ShowName">off</P>
    <P Name="Inputs">-+|</P>
  </Block>
  <Block BlockType="SubSystem" Name="Temperature Compensation" SID="2759">
    <P Name="Ports">[2, 1]</P>
    <P Name="Position">[790, 505, 925, 540]</P>
    <P Name="ZOrder">5672</P>
    <P Name="RequestExecContextInheritance">off</P>
    <P Name="ContentPreviewEnabled">on</P>
    <Port>
      <P Name="PortNumber">1</P>
      <P Name="Name">r</P>
      <P Name="PropagatedSignals">r</P>
    </Port>
    <System Ref="system_2759"/>
  </Block>
  <Block BlockType="Gain" Name="inverseIMU_gain" SID="2776">
    <P Name="Position">[490, 285, 520, 315]</P>
    <P Name="ZOrder">76</P>
    <P Name="ForegroundColor">red</P>
    <P Name="Gain">Estimator.inverseIMUGain</P>
    <P Name="ParamDataTypeStr">single</P>
    <P Name="OutDataTypeStr">single</P>
  </Block>
  <Block BlockType="SubSystem" Name="sensordata_group" SID="2777">
    <P Name="Ports">[5, 2]</P>
    <P Name="Position">[-195, 267, -15, 333]</P>
    <P Name="ZOrder">5651</P>
    <P Name="ForegroundColor">red</P>
    <P Name="RequestExecContextInheritance">off</P>
    <System Ref="system_2777"/>
  </Block>
  <Block BlockType="Outport" Name="sensorIMU_datout" SID="2799">
    <P Name="Position">[995, 283, 1025, 297]</P>
    <P Name="ZOrder">1110</P>
    <P Name="ForegroundColor">red</P>
    <P Name="VectorParamsAs1DForOutWhenUnconnected">off</P>
  </Block>
  <Block BlockType="Outport" Name="altSonar_datout" SID="2800">
    <P Name="Position">[160, 443, 190, 457]</P>
    <P Name="ZOrder">1118</P>
    <P Name="ForegroundColor">red</P>
    <P Name="NameLocation">top</P>
    <P Name="Port">2</P>
    <P Name="VectorParamsAs1DForOutWhenUnconnected">off</P>
  </Block>
  <Block BlockType="Outport" Name="prsDelta_datout" SID="2801">
    <P Name="Position">[305, 483, 335, 497]</P>
    <P Name="ZOrder">1124</P>
    <P Name="ForegroundColor">red</P>
    <P Name="Port">3</P>
    <P Name="VectorParamsAs1DForOutWhenUnconnected">off</P>
  </Block>
  <Line>
    <P Name="ZOrder">1</P>
    <P Name="Src">2754#out:1</P>
    <P Name="Dst">2746#in:1</P>
  </Line>
  <Line>
    <P Name="ZOrder">2</P>
    <P Name="Src">2738#out:1</P>
    <P Name="Points">[15, 0]</P>
    <P Name="Dst">2757#in:2</P>
  </Line>
  <Line>
    <P Name="ZOrder">3</P>
    <P Name="Src">2752#out:1</P>
    <P Name="Dst">2757#in:1</P>
  </Line>
  <Line>
    <P Name="ZOrder">4</P>
    <P Name="Src">2758#out:1</P>
    <P Name="Dst">2801#in:1</P>
  </Line>
  <Line>
    <P Name="Name">&lt;prs&gt;</P>
    <P Name="ZOrder">5</P>
    <P Name="Labels">[0, 0]</P>
    <P Name="Src">2741#out:2</P>
    <P Name="Dst">2758#in:2</P>
  </Line>
  <Line>
    <P Name="ZOrder">6</P>
    <P Name="Src">2756#out:1</P>
    <P Name="Dst">2758#in:1</P>
  </Line>
  <Line>
    <P Name="Name">&lt;altitude_sonar&gt;</P>
    <P Name="ZOrder">7</P>
    <P Name="Labels">[0, 0]</P>
    <P Name="Src">2741#out:1</P>
    <P Name="Dst">2800#in:1</P>
  </Line>
  <Line>
    <P Name="Name">&lt;r&gt;</P>
    <P Name="ZOrder">8</P>
    <P Name="Labels">[0, 0]</P>
    <P Name="Src">2740#out:6</P>
    <P Name="Dst">2752#in:6</P>
  </Line>
  <Line>
    <P Name="Name">&lt;q&gt;</P>
    <P Name="ZOrder">9</P>
    <P Name="Labels">[0, 0]</P>
    <P Name="Src">2740#out:5</P>
    <P Name="Dst">2752#in:5</P>
  </Line>
  <Line>
    <P Name="Name">&lt;p&gt;</P>
    <P Name="ZOrder">10</P>
    <P Name="Labels">[0, 0]</P>
    <P Name="Src">2740#out:4</P>
    <P Name="Dst">2752#in:4</P>
  </Line>
  <Line>
    <P Name="Name">&lt;ddz&gt;</P>
    <P Name="ZOrder">11</P>
    <P Name="Labels">[0, 0]</P>
    <P Name="Src">2740#out:3</P>
    <P Name="Dst">2752#in:3</P>
  </Line>
  <Line>
    <P Name="Name">&lt;ddy&gt;</P>
    <P Name="ZOrder">12</P>
    <P Name="Labels">[0, 0]</P>
    <P Name="Src">2740#out:2</P>
    <P Name="Dst">2752#in:2</P>
  </Line>
  <Line>
    <P Name="Name">&lt;ddx&gt;</P>
    <P Name="ZOrder">13</P>
    <P Name="Labels">[0, 0]</P>
    <P Name="Src">2740#out:1</P>
    <P Name="Dst">2752#in:1</P>
  </Line>
  <Line>
    <P Name="ZOrder">14</P>
    <P Name="Src">2737#out:1</P>
    <P Name="Dst">2744#in:1</P>
  </Line>
  <Line>
    <P Name="Name">r</P>
    <P Name="ZOrder">15</P>
    <P Name="Labels">[0, 0]</P>
    <P Name="Src">2746#out:3</P>
    <P Name="Points">[15, 0; 0, 165]</P>
    <P Name="Dst">2749#in:1</P>
  </Line>
  <Line>
    <P Name="ZOrder">16</P>
    <P Name="Src">2747#out:1</P>
    <P Name="Dst">2745#in:1</P>
  </Line>
  <Line>
    <P Name="ZOrder">17</P>
    <P Name="Src">2753#out:1</P>
    <P Name="Dst">2747#in:1</P>
  </Line>
  <Line>
    <P Name="ZOrder">18</P>
    <P Name="Src">2776#out:1</P>
    <P Name="Points">[19, 0]</P>
    <Branch>
      <P Name="ZOrder">19</P>
      <P Name="Points">[0, -55]</P>
      <P Name="Dst">2753#in:1</P>
    </Branch>
    <Branch>
      <P Name="ZOrder">20</P>
      <P Name="Points">[0, 35]</P>
      <P Name="Dst">2754#in:1</P>
    </Branch>
  </Line>
  <Line>
    <P Name="ZOrder">21</P>
    <P Name="Src">2746#out:2</P>
    <P Name="Points">[23, 0; 0, 10]</P>
    <P Name="Dst">2750#in:1</P>
  </Line>
  <Line>
    <P Name="ZOrder">22</P>
    <P Name="Src">2746#out:1</P>
    <P Name="Dst">2751#in:1</P>
  </Line>
  <Line>
    <P Name="ZOrder">23</P>
    <P Name="Src">2755#out:1</P>
    <P Name="Dst">2738#in:1</P>
  </Line>
  <Line>
    <P Name="ZOrder">24</P>
    <P Name="Src">2757#out:1</P>
    <P Name="Dst">2776#in:1</P>
  </Line>
  <Line>
    <P Name="Name">ddz</P>
    <P Name="ZOrder">25</P>
    <P Name="Labels">[1, 1]</P>
    <P Name="Src">2745#out:3</P>
    <P Name="Dst">2739#in:3</P>
  </Line>
  <Line>
    <P Name="Name">ddy</P>
    <P Name="ZOrder">26</P>
    <P Name="Labels">[0, 0]</P>
    <P Name="Src">2745#out:2</P>
    <P Name="Dst">2739#in:2</P>
  </Line>
  <Line>
    <P Name="Name">ddx</P>
    <P Name="ZOrder">27</P>
    <P Name="Labels">[0, 0]</P>
    <P Name="Src">2745#out:1</P>
    <P Name="Dst">2739#in:1</P>
  </Line>
  <Line>
    <P Name="ZOrder">28</P>
    <P Name="Src">2739#out:1</P>
    <P Name="Dst">2799#in:1</P>
  </Line>
  <Line>
    <P Name="ZOrder">29</P>
    <P Name="Src">2744#out:1</P>
    <P Name="Points">[50, 0]</P>
    <Branch>
      <P Name="ZOrder">30</P>
      <P Name="Dst">2755#in:1</P>
    </Branch>
    <Branch>
      <P Name="ZOrder">31</P>
      <P Name="Dst">2756#in:1</P>
    </Branch>
  </Line>
  <Line>
    <P Name="Name">&lt;HAL_gyro_SI&gt;</P>
    <P Name="ZOrder">32</P>
    <P Name="Labels">[0, 0]</P>
    <P Name="Src">2742#out:2</P>
    <P Name="Dst">2777#in:2</P>
  </Line>
  <Line>
    <P Name="Name">&lt;HAL_pressure_SI&gt;</P>
    <P Name="ZOrder">33</P>
    <P Name="Labels">[0, 0]</P>
    <P Name="Src">2742#out:4</P>
    <P Name="Dst">2777#in:4</P>
  </Line>
  <Line>
    <P Name="Name">&lt;HAL_vbat_SI&gt;</P>
    <P Name="ZOrder">34</P>
    <P Name="Labels">[0, 0]</P>
    <P Name="Src">2742#out:5</P>
    <P Name="Dst">2777#in:5</P>
  </Line>
  <Line>
    <P Name="Name">&lt;HAL_ultrasound_SI&gt;</P>
    <P Name="ZOrder">35</P>
    <P Name="Labels">[0, 0]</P>
    <P Name="Src">2742#out:3</P>
    <P Name="Dst">2777#in:3</P>
  </Line>
  <Line>
    <P Name="Name">&lt;HALSensors&gt;</P>
    <P Name="ZOrder">36</P>
    <P Name="Labels">[1, 0]</P>
    <P Name="Src">2743#out:1</P>
    <P Name="Dst">2742#in:1</P>
  </Line>
  <Line>
    <P Name="ZOrder">37</P>
    <P Name="Src">2777#out:1</P>
    <P Name="Points">[20, 0; 0, 15]</P>
    <Branch>
      <P Name="ZOrder">38</P>
      <P Name="Points">[0, 170]</P>
      <P Name="Dst">2741#in:1</P>
    </Branch>
    <Branch>
      <P Name="ZOrder">39</P>
      <P Name="Dst">2740#in:1</P>
    </Branch>
  </Line>
  <Line>
    <P Name="ZOrder">40</P>
    <P Name="Src">2736#out:1</P>
    <P Name="Dst">2743#in:1</P>
  </Line>
  <Line>
    <P Name="Name">&lt;HAL_acc_SI&gt;</P>
    <P Name="ZOrder">41</P>
    <P Name="Labels">[0, 0]</P>
    <P Name="Src">2742#out:1</P>
    <P Name="Dst">2777#in:1</P>
  </Line>
  <Line>
    <P Name="Name">p</P>
    <P Name="ZOrder">42</P>
    <P Name="Labels">[1, 1]</P>
    <P Name="Src">2751#out:1</P>
    <P Name="Dst">2739#in:4</P>
  </Line>
  <Line>
    <P Name="Name">q</P>
    <P Name="ZOrder">43</P>
    <P Name="Labels">[0, 0]</P>
    <P Name="Src">2750#out:1</P>
    <P Name="Points">[158, 0; 0, -10]</P>
    <P Name="Dst">2739#in:5</P>
  </Line>
  <Line>
    <P Name="ZOrder">44</P>
    <P Name="Src">2777#out:2</P>
    <P Name="Points">[7, 0; 0, 195]</P>
    <P Name="Dst">2759#in:1</P>
  </Line>
  <Line>
    <P Name="ZOrder">45</P>
    <P Name="Src">2749#out:1</P>
    <P Name="Dst">2759#in:2</P>
  </Line>
  <Line>
    <P Name="Name">r</P>
    <P Name="ZOrder">46</P>
    <P Name="Labels">[2, 1]</P>
    <P Name="Src">2759#out:1</P>
    <P Name="Points">[13, 0; 0, -160]</P>
    <P Name="Dst">2739#in:6</P>
  </Line>
  <Annotation SID="2803">
    <P Name="Name">&lt;!DOCTYPE HTML PUBLIC &quot;-//W3C//DTD HTML 4.0//EN&quot; &quot;http://www.w3.org/TR/REC-html40/strict.dtd&quot;&gt;
&lt;html&gt;&lt;head&gt;&lt;meta name=&quot;qrichtext&quot; content=&quot;1&quot; /&gt;&lt;style type=&quot;text/css&quot;&gt;
p, li { white-space: pre-wrap; }
&lt;/style&gt;&lt;/head&gt;&lt;body style=&quot; font-family:&apos;Helvetica&apos;; font-size:10px; font-weight:400; font-style:normal;&quot;&gt;
&lt;p style=&quot;-qt-paragraph-type:empty; margin-top:0px; margin-bottom:0px; margin-left:0px; margin-right:0px; -qt-block-indent:0; text-indent:0px;&quot;&gt;&lt;br /&gt;&lt;/p&gt;&lt;/body&gt;&lt;/html&gt;</P>
    <P Name="Position">[762, 287, 764, 301]</P>
    <P Name="InternalMargins">[0, 0, 0, 0]</P>
    <P Name="HorizontalAlignment">left</P>
    <P Name="VerticalAlignment">top</P>
    <P Name="Interpreter">rich</P>
    <P Name="ZOrder">-1</P>
  </Annotation>
  <Annotation SID="2802">
    <P Name="Name">IMU</P>
    <P Name="Position">[266, 302, 286, 316]</P>
    <P Name="InternalMargins">[0, 0, 0, 0]</P>
    <P Name="HorizontalAlignment">left</P>
    <P Name="VerticalAlignment">top</P>
    <P Name="ZOrder">-2</P>
  </Annotation>
</System>
