<?xml version="1.0" encoding="utf-8"?>
<System>
  <P Name="Location">[-2568, -8, 8, 1408]</P>
  <P Name="SystemRect">[0.000000, 0.000000, 0.000000, 0.000000]</P>
  <P Name="SetExecutionDomain">off</P>
  <P Name="ExecutionDomainType">Deduce</P>
  <P Name="ZoomFactor">119</P>
  <P Name="SimulinkSubDomain">Simulink</P>
  <Block BlockType="Inport" Name="In1" SID="2591">
    <P Name="Position">[20, 23, 50, 37]</P>
    <P Name="ZOrder">1294</P>
    <P Name="ForegroundColor">red</P>
  </Block>
  <Block BlockType="Constant" Name="Constant" SID="2592">
    <P Name="Position">[90, 42, 120, 58]</P>
    <P Name="ZOrder">1261</P>
    <P Name="ForegroundColor">magenta</P>
    <P Name="ShowName">off</P>
    <P Name="Value">2</P>
    <P Name="OutDataTypeStr">single</P>
  </Block>
  <Block BlockType="DataTypeConversion" Name="Data Type Conversion2" SID="2593">
    <P Name="Position">[100, 20, 140, 40]</P>
    <P Name="ZOrder">1293</P>
    <P Name="ForegroundColor">red</P>
    <P Name="ShowName">off</P>
    <P Name="OutDataTypeStr">single</P>
    <P Name="RndMeth">Floor</P>
    <P Name="SaturateOnIntegerOverflow">off</P>
  </Block>
  <Block BlockType="Math" Name="Math&#xA;Function" SID="2594">
    <P Name="Ports">[2, 1]</P>
    <P Name="Position">[155, 22, 190, 58]</P>
    <P Name="ZOrder">1258</P>
    <P Name="ForegroundColor">red</P>
    <P Name="ShowName">off</P>
    <P Name="Operator">pow</P>
    <P Name="SignedPower">on</P>
  </Block>
  <Block BlockType="Sqrt" Name="Sqrt" SID="2595">
    <P Name="Position">[270, 25, 300, 55]</P>
    <P Name="ZOrder">1260</P>
    <P Name="ForegroundColor">red</P>
    <P Name="ShowName">off</P>
  </Block>
  <Block BlockType="Sum" Name="Sum of&#xA;Elements" SID="2596">
    <P Name="Ports">[1, 1]</P>
    <P Name="Position">[210, 25, 240, 55]</P>
    <P Name="ZOrder">1259</P>
    <P Name="ForegroundColor">red</P>
    <P Name="ShowName">off</P>
    <P Name="IconShape">rectangular</P>
    <P Name="Inputs">+</P>
  </Block>
  <Block BlockType="Outport" Name="Out1" SID="2597">
    <P Name="Position">[335, 33, 365, 47]</P>
    <P Name="ZOrder">1295</P>
    <P Name="ForegroundColor">red</P>
  </Block>
  <Line>
    <P Name="ZOrder">1</P>
    <P Name="Src">2596#out:1</P>
    <P Name="Dst">2595#in:1</P>
  </Line>
  <Line>
    <P Name="ZOrder">2</P>
    <P Name="Src">2594#out:1</P>
    <P Name="Dst">2596#in:1</P>
  </Line>
  <Line>
    <P Name="ZOrder">3</P>
    <P Name="Src">2593#out:1</P>
    <P Name="Dst">2594#in:1</P>
  </Line>
  <Line>
    <P Name="ZOrder">4</P>
    <P Name="Src">2591#out:1</P>
    <P Name="Dst">2593#in:1</P>
  </Line>
  <Line>
    <P Name="ZOrder">5</P>
    <P Name="Src">2592#out:1</P>
    <P Name="Dst">2594#in:2</P>
  </Line>
  <Line>
    <P Name="ZOrder">6</P>
    <P Name="Src">2595#out:1</P>
    <P Name="Dst">2597#in:1</P>
  </Line>
</System>
