<?xml version="1.0" encoding="utf-8"?>
<System>
  <P Name="Location">[791, 236, 1761, 971]</P>
  <P Name="SystemRect">[0.000000, 0.000000, 0.000000, 0.000000]</P>
  <P Name="SetExecutionDomain">off</P>
  <P Name="ExecutionDomainType">Deduce</P>
  <P Name="ZoomFactor">109</P>
  <P Name="SimulinkSubDomain">Simulink</P>
  <Block BlockType="Inport" Name="z_estimate" SID="2642">
    <P Name="Position">[135, 398, 165, 412]</P>
    <P Name="ZOrder">1171</P>
    <P Name="ForegroundColor">red</P>
  </Block>
  <Block BlockType="Inport" Name="Angular velocity w/o bias" SID="2643">
    <P Name="Position">[20, 478, 50, 492]</P>
    <P Name="ZOrder">1172</P>
    <P Name="ForegroundColor">red</P>
    <P Name="Port">2</P>
  </Block>
  <Block BlockType="Abs" Name="Abs" SID="2644">
    <P Name="Position">[225, 390, 255, 420]</P>
    <P Name="ZOrder">1170</P>
    <P Name="ForegroundColor">red</P>
    <P Name="SaturateOnIntegerOverflow">off</P>
  </Block>
  <Block BlockType="DataTypeConversion" Name="Data Type Conversion" SID="2645">
    <P Name="Position">[545, 465, 585, 495]</P>
    <P Name="ZOrder">1168</P>
    <P Name="ForegroundColor">red</P>
    <P Name="RndMeth">Floor</P>
    <P Name="SaturateOnIntegerOverflow">off</P>
  </Block>
  <Block BlockType="Demux" Name="Demux" SID="2646">
    <P Name="Ports">[1, 2]</P>
    <P Name="Position">[340, 461, 345, 499]</P>
    <P Name="ZOrder">1163</P>
    <P Name="ForegroundColor">red</P>
    <P Name="ShowName">off</P>
    <P Name="Outputs">2</P>
  </Block>
  <Block BlockType="Gain" Name="Gain1" SID="2647">
    <P Name="Position">[360, 479, 385, 501]</P>
    <P Name="ZOrder">1165</P>
    <P Name="ForegroundColor">red</P>
    <P Name="Gain">-1</P>
  </Block>
  <Block BlockType="Mux" Name="Mux" SID="2648">
    <P Name="Ports">[2, 1]</P>
    <P Name="Position">[425, 461, 430, 499]</P>
    <P Name="ZOrder">1166</P>
    <P Name="ForegroundColor">red</P>
    <P Name="ShowName">off</P>
    <P Name="Inputs">2</P>
    <P Name="DisplayOption">bar</P>
  </Block>
  <Block BlockType="Selector" Name="Selector" SID="2649">
    <P Name="Ports">[1, 1]</P>
    <P Name="Position">[225, 466, 265, 504]</P>
    <P Name="ZOrder">1162</P>
    <P Name="ForegroundColor">red</P>
    <P Name="InputPortWidth">3</P>
    <P Name="IndexOptions">Index vector (dialog)</P>
    <P Name="Indices">[1 2]</P>
    <P Name="OutputSizes">1</P>
  </Block>
  <Block BlockType="Product" Name="prod" SID="2650">
    <P Name="Ports">[2, 1]</P>
    <P Name="Position">[295, 461, 325, 494]</P>
    <P Name="ZOrder">1160</P>
    <P Name="ForegroundColor">red</P>
    <P Name="Inputs">**</P>
  </Block>
  <Block BlockType="Outport" Name="angular velocity correction" SID="2651">
    <P Name="Position">[720, 473, 750, 487]</P>
    <P Name="ZOrder">1173</P>
    <P Name="ForegroundColor">red</P>
  </Block>
  <Line>
    <P Name="ZOrder">1</P>
    <P Name="Src">2647#out:1</P>
    <P Name="Points">[15, 0; 0, -20]</P>
    <P Name="Dst">2648#in:1</P>
  </Line>
  <Line>
    <P Name="ZOrder">2</P>
    <P Name="Src">2648#out:1</P>
    <P Name="Dst">2645#in:1</P>
  </Line>
  <Line>
    <P Name="ZOrder">3</P>
    <P Name="Src">2646#out:2</P>
    <P Name="Dst">2647#in:1</P>
  </Line>
  <Line>
    <P Name="ZOrder">4</P>
    <P Name="Src">2645#out:1</P>
    <P Name="Dst">2651#in:1</P>
  </Line>
  <Line>
    <P Name="ZOrder">5</P>
    <P Name="Src">2650#out:1</P>
    <P Name="Dst">2646#in:1</P>
  </Line>
  <Line>
    <P Name="ZOrder">6</P>
    <P Name="Src">2642#out:1</P>
    <P Name="Dst">2644#in:1</P>
  </Line>
  <Line>
    <P Name="ZOrder">7</P>
    <P Name="Src">2646#out:1</P>
    <P Name="Points">[45, 0; 0, 10; 15, 0]</P>
    <P Name="Dst">2648#in:2</P>
  </Line>
  <Line>
    <P Name="ZOrder">8</P>
    <P Name="Src">2649#out:1</P>
    <P Name="Dst">2650#in:2</P>
  </Line>
  <Line>
    <P Name="ZOrder">9</P>
    <P Name="Src">2644#out:1</P>
    <P Name="Points">[20, 0]</P>
    <P Name="Dst">2650#in:1</P>
  </Line>
  <Line>
    <P Name="ZOrder">10</P>
    <P Name="Src">2643#out:1</P>
    <P Name="Dst">2649#in:1</P>
  </Line>
  <Annotation SID="2652">
    <P Name="Name">Optical flow readings are affected by both linear and angular velocity of the drone. We need to subtract the effect of angular velocity before using the flow data</P>
    <P Name="Position">[60, 548, 758, 562]</P>
    <P Name="InternalMargins">[0, 0, 0, 0]</P>
    <P Name="HorizontalAlignment">left</P>
    <P Name="VerticalAlignment">top</P>
    <P Name="ZOrder">-1</P>
  </Annotation>
</System>
