<?xml version="1.0" encoding="utf-8"?>
<System>
  <P Name="Location">[30, 30, 1010, 750]</P>
  <P Name="SystemRect">[0.000000, 0.000000, 0.000000, 0.000000]</P>
  <P Name="SetExecutionDomain">off</P>
  <P Name="ExecutionDomainType">Deduce</P>
  <P Name="ZoomFactor">156</P>
  <P Name="SimulinkSubDomain">Simulink</P>
  <Block BlockType="Inport" Name="1" SID="3110">
    <P Name="Position">[20, 138, 50, 152]</P>
    <P Name="ZOrder">5794</P>
  </Block>
  <Block BlockType="Abs" Name="Abs1" SID="2894">
    <P Name="Position">[210, 250, 240, 280]</P>
    <P Name="ZOrder">5793</P>
    <P Name="SaturateOnIntegerOverflow">off</P>
  </Block>
  <Block BlockType="Reference" Name="Compare&#xA;To Constant2" SID="2896">
    <P Name="Ports">[1, 1]</P>
    <P Name="Position">[430, 100, 460, 130]</P>
    <P Name="ZOrder">5790</P>
    <P Name="LibraryVersion">1.488</P>
    <P Name="SourceBlock">simulink/Logic and Bit
Operations/Compare
To Constant</P>
    <P Name="SourceType">Compare To Constant</P>
    <P Name="SourceProductBaseCode">SL</P>
    <InstanceData>
      <P Name="RTWMemSecFuncInitTerm">Inherit from model</P>
      <P Name="RTWMemSecFuncExecute">Inherit from model</P>
      <P Name="RTWMemSecDataConstants">Inherit from model</P>
      <P Name="RTWMemSecDataInternal">Inherit from model</P>
      <P Name="RTWMemSecDataParameters">Inherit from model</P>
      <P Name="ContentPreviewEnabled">on</P>
      <P Name="relop">&lt;=</P>
      <P Name="const">1</P>
      <P Name="OutDataTypeStr">boolean</P>
      <P Name="ZeroCross">on</P>
    </InstanceData>
  </Block>
  <Block BlockType="Reference" Name="Compare&#xA;To Constant3" SID="2897">
    <P Name="Ports">[1, 1]</P>
    <P Name="Position">[315, 250, 360, 280]</P>
    <P Name="ZOrder">5792</P>
    <P Name="LibraryVersion">1.488</P>
    <P Name="SourceBlock">simulink/Logic and Bit
Operations/Compare
To Constant</P>
    <P Name="SourceType">Compare To Constant</P>
    <P Name="SourceProductBaseCode">SL</P>
    <InstanceData>
      <P Name="RTWMemSecFuncInitTerm">Inherit from model</P>
      <P Name="RTWMemSecFuncExecute">Inherit from model</P>
      <P Name="RTWMemSecDataConstants">Inherit from model</P>
      <P Name="RTWMemSecDataInternal">Inherit from model</P>
      <P Name="RTWMemSecDataParameters">Inherit from model</P>
      <P Name="ContentPreviewEnabled">on</P>
      <P Name="relop">&lt;=</P>
      <P Name="const">0.05</P>
      <P Name="OutDataTypeStr">boolean</P>
      <P Name="ZeroCross">on</P>
    </InstanceData>
  </Block>
  <Block BlockType="SubSystem" Name="IAE1" SID="2899">
    <P Name="Ports">[1, 1]</P>
    <P Name="Position">[190, 99, 260, 131]</P>
    <P Name="ZOrder">5788</P>
    <P Name="RequestExecContextInheritance">off</P>
    <Mask>
      <Display>disp(&apos;IAE&apos;)
port_label(&apos;input&apos;,1,&apos;e&apos;)
port_label(&apos;output&apos;,1,&apos;iae&apos;)</Display>
      <Description>IAE performacne index

output = int |input| dt</Description>
    </Mask>
    <System Ref="system_2899"/>
  </Block>
  <Block BlockType="SubSystem" Name="ISE1" SID="2905">
    <P Name="Ports">[1, 1]</P>
    <P Name="Position">[190, 174, 260, 206]</P>
    <P Name="ZOrder">5787</P>
    <P Name="RequestExecContextInheritance">off</P>
    <Mask>
      <Display>disp(&apos;ISE&apos;)
port_label(&apos;input&apos;,1,&apos;e&apos;)
port_label(&apos;output&apos;,1,&apos;ise&apos;)</Display>
      <Description>ISE performance index

output = int (input)^2 dt</Description>
    </Mask>
    <System Ref="system_2905"/>
  </Block>
  <Block BlockType="SubSystem" Name="ITAE1" SID="2911">
    <P Name="Ports">[1, 1]</P>
    <P Name="Position">[190, 24, 260, 56]</P>
    <P Name="ZOrder">5786</P>
    <P Name="Commented">on</P>
    <P Name="RequestExecContextInheritance">off</P>
    <Mask>
      <Display>disp(&apos;ITAE&apos;)
port_label(&apos;input&apos;,1,&apos;e&apos;)
port_label(&apos;output&apos;,1,&apos;itae&apos;)</Display>
      <Description>ITAE performance index

output = int t|input| dt</Description>
    </Mask>
    <System Ref="system_2911"/>
  </Block>
  <Block BlockType="Logic" Name="Logical&#xA;Operator1" SID="2919">
    <P Name="Ports">[2, 1]</P>
    <P Name="Position">[515, 242, 545, 273]</P>
    <P Name="ZOrder">5791</P>
    <P Name="AllPortsSameDT">off</P>
    <P Name="OutDataTypeStr">boolean</P>
  </Block>
  <Block BlockType="Sum" Name="Sum3" SID="2923">
    <P Name="Ports">[3, 1]</P>
    <P Name="Position">[325, 105, 345, 125]</P>
    <P Name="ZOrder">5789</P>
    <P Name="Inputs">+++</P>
    <Port>
      <P Name="PortNumber">1</P>
      <P Name="Name">IAE</P>
    </Port>
  </Block>
  <Block BlockType="Outport" Name="Out1" SID="3111">
    <P Name="Position">[645, 303, 675, 317]</P>
    <P Name="ZOrder">5795</P>
  </Block>
  <Line>
    <P Name="ZOrder">55</P>
    <P Name="Src">3110#out:1</P>
    <P Name="Points">[97, 0]</P>
    <Branch>
      <P Name="ZOrder">34</P>
      <P Name="Points">[0, 45]</P>
      <Branch>
        <P Name="ZOrder">32</P>
        <P Name="Points">[0, 75]</P>
        <P Name="Dst">2894#in:1</P>
      </Branch>
      <Branch>
        <P Name="ZOrder">8</P>
        <P Name="Dst">2905#in:1</P>
      </Branch>
    </Branch>
    <Branch>
      <P Name="ZOrder">9</P>
      <P Name="Points">[0, -30]</P>
      <Branch>
        <P Name="ZOrder">36</P>
        <P Name="Points">[0, -75]</P>
        <P Name="Dst">2911#in:1</P>
      </Branch>
      <Branch>
        <P Name="ZOrder">10</P>
        <P Name="Dst">2899#in:1</P>
      </Branch>
    </Branch>
  </Line>
  <Line>
    <P Name="ZOrder">17</P>
    <P Name="Src">2911#out:1</P>
    <P Name="Points">[70, 0]</P>
    <P Name="Dst">2923#in:1</P>
  </Line>
  <Line>
    <P Name="ZOrder">18</P>
    <P Name="Src">2899#out:1</P>
    <P Name="Dst">2923#in:2</P>
  </Line>
  <Line>
    <P Name="ZOrder">27</P>
    <P Name="Src">2897#out:1</P>
    <P Name="Dst">2919#in:2</P>
  </Line>
  <Line>
    <P Name="ZOrder">28</P>
    <P Name="Src">2894#out:1</P>
    <P Name="Dst">2897#in:1</P>
  </Line>
  <Line>
    <P Name="ZOrder">25</P>
    <P Name="Src">2896#out:1</P>
    <P Name="Points">[23, 0; 0, 135]</P>
    <P Name="Dst">2919#in:1</P>
  </Line>
  <Line>
    <P Name="ZOrder">26</P>
    <P Name="Src">2905#out:1</P>
    <P Name="Points">[70, 0]</P>
    <P Name="Dst">2923#in:3</P>
  </Line>
  <Line>
    <P Name="Name">IAE</P>
    <P Name="ZOrder">1</P>
    <P Name="Labels">[0, 0]</P>
    <P Name="Src">2923#out:1</P>
    <P Name="Dst">2896#in:1</P>
  </Line>
  <Line>
    <P Name="ZOrder">56</P>
    <P Name="Src">2919#out:1</P>
    <P Name="Points">[49, 0; 0, 50]</P>
    <P Name="Dst">3111#in:1</P>
  </Line>
</System>
