<?xml version="1.0" encoding="utf-8"?>
<System>
  <P Name="Location">[791, 236, 1761, 971]</P>
  <P Name="SystemRect">[0.000000, 0.000000, 0.000000, 0.000000]</P>
  <P Name="SetExecutionDomain">off</P>
  <P Name="ExecutionDomainType">Deduce</P>
  <P Name="ZoomFactor">89</P>
  <P Name="SimulinkSubDomain">Simulink</P>
  <Block BlockType="Inport" Name="altSonar_datin" SID="1634">
    <P Name="Position">[5, 100, 30, 110]</P>
    <P Name="ZOrder">575</P>
    <P Name="NameLocation">top</P>
  </Block>
  <Block BlockType="Inport" Name="altPrs_datin" SID="1635">
    <P Name="Position">[0, 273, 30, 287]</P>
    <P Name="ZOrder">577</P>
    <P Name="Port">2</P>
  </Block>
  <Block BlockType="Inport" Name="Z_estimin" SID="1636">
    <P Name="Position">[0, 173, 30, 187]</P>
    <P Name="ZOrder">576</P>
    <P Name="Port">3</P>
  </Block>
  <Block BlockType="Abs" Name="Absestdiff" SID="1637">
    <P Name="Position">[440, 100, 470, 130]</P>
    <P Name="ZOrder">521</P>
    <P Name="ShowName">off</P>
    <P Name="SaturateOnIntegerOverflow">off</P>
  </Block>
  <Block BlockType="Abs" Name="Absestdiff1" SID="1638">
    <P Name="Position">[470, 260, 500, 290]</P>
    <P Name="ZOrder">566</P>
    <P Name="ShowName">off</P>
    <P Name="SaturateOnIntegerOverflow">off</P>
  </Block>
  <Block BlockType="Abs" Name="Absestdiff2" SID="1639">
    <P Name="Position">[470, 370, 500, 400]</P>
    <P Name="ZOrder">572</P>
    <P Name="ShowName">off</P>
    <P Name="SaturateOnIntegerOverflow">off</P>
  </Block>
  <Block BlockType="Sum" Name="Add" SID="1640">
    <P Name="Ports">[2, 1]</P>
    <P Name="Position">[385, 97, 415, 128]</P>
    <P Name="ZOrder">523</P>
    <P Name="ShowName">off</P>
    <P Name="IconShape">rectangular</P>
    <P Name="Inputs">-+</P>
  </Block>
  <Block BlockType="Sum" Name="Add1" SID="1641">
    <P Name="Ports">[2, 1]</P>
    <P Name="Position">[415, 257, 445, 288]</P>
    <P Name="ZOrder">565</P>
    <P Name="ShowName">off</P>
    <P Name="IconShape">rectangular</P>
    <P Name="Inputs">-+</P>
  </Block>
  <Block BlockType="Sum" Name="Add2" SID="1642">
    <P Name="Ports">[2, 1]</P>
    <P Name="Position">[415, 357, 445, 408]</P>
    <P Name="ZOrder">571</P>
    <P Name="ShowName">off</P>
    <P Name="IconShape">rectangular</P>
    <P Name="Inputs">-+</P>
  </Block>
  <Block BlockType="Logic" Name="NOT" SID="1694">
    <P Name="Ports">[1, 1]</P>
    <P Name="Position">[724, 245, 756, 275]</P>
    <P Name="ZOrder">581</P>
    <P Name="BlockRotation">270</P>
    <P Name="Operator">NOT</P>
    <P Name="IconShape">distinctive</P>
    <P Name="AllPortsSameDT">off</P>
    <P Name="OutDataTypeStr">boolean</P>
  </Block>
  <Block BlockType="Saturate" Name="SaturationSonar" SID="1643">
    <P Name="Position">[295, 90, 325, 120]</P>
    <P Name="ZOrder">525</P>
    <P Name="UpperLimit">-Sensors.altSensorMin</P>
    <P Name="LowerLimit">-inf</P>
  </Block>
  <Block BlockType="Reference" Name="check for min altitude" SID="1644">
    <P Name="Ports">[1, 1]</P>
    <P Name="Position">[500, 170, 530, 200]</P>
    <P Name="ZOrder">528</P>
    <P Name="LibraryVersion">1.488</P>
    <P Name="SourceBlock">simulink/Logic and Bit
Operations/Compare
To Constant</P>
    <P Name="SourceType">Compare To Constant</P>
    <P Name="SourceProductBaseCode">SL</P>
    <InstanceData>
      <P Name="RTWMemSecFuncInitTerm">Inherit from model</P>
      <P Name="RTWMemSecFuncExecute">Inherit from model</P>
      <P Name="RTWMemSecDataConstants">Inherit from model</P>
      <P Name="RTWMemSecDataInternal">Inherit from model</P>
      <P Name="RTWMemSecDataParameters">Inherit from model</P>
      <P Name="ContentPreviewEnabled">off</P>
      <P Name="relop">&lt;</P>
      <P Name="const">-Sensors.altSensorMin</P>
      <P Name="OutDataTypeStr">boolean</P>
      <P Name="ZeroCross">on</P>
    </InstanceData>
  </Block>
  <Block BlockType="Reference" Name="currentEstimateVeryOffFromPressure" SID="1645">
    <P Name="Ports">[1, 1]</P>
    <P Name="Position">[525, 260, 595, 290]</P>
    <P Name="ZOrder">567</P>
    <P Name="LibraryVersion">1.488</P>
    <P Name="SourceBlock">simulink/Logic and Bit
Operations/Compare
To Constant</P>
    <P Name="SourceType">Compare To Constant</P>
    <P Name="SourceProductBaseCode">SL</P>
    <InstanceData>
      <P Name="RTWMemSecFuncInitTerm">Inherit from model</P>
      <P Name="RTWMemSecFuncExecute">Inherit from model</P>
      <P Name="RTWMemSecDataConstants">Inherit from model</P>
      <P Name="RTWMemSecDataInternal">Inherit from model</P>
      <P Name="RTWMemSecDataParameters">Inherit from model</P>
      <P Name="ContentPreviewEnabled">off</P>
      <P Name="relop">&gt;=</P>
      <P Name="const">Estimator.alt.deltaPrsToCurrentThreshold</P>
      <P Name="OutDataTypeStr">boolean</P>
      <P Name="ZeroCross">on</P>
    </InstanceData>
  </Block>
  <Block BlockType="Reference" Name="currentStateVeryOffsonarflt" SID="1646">
    <P Name="Ports">[1, 1]</P>
    <P Name="Position">[525, 372, 600, 398]</P>
    <P Name="ZOrder">573</P>
    <P Name="LibraryVersion">1.488</P>
    <P Name="SourceBlock">simulink/Logic and Bit
Operations/Compare
To Constant</P>
    <P Name="SourceType">Compare To Constant</P>
    <P Name="SourceProductBaseCode">SL</P>
    <InstanceData>
      <P Name="RTWMemSecFuncInitTerm">Inherit from model</P>
      <P Name="RTWMemSecFuncExecute">Inherit from model</P>
      <P Name="RTWMemSecDataConstants">Inherit from model</P>
      <P Name="RTWMemSecDataInternal">Inherit from model</P>
      <P Name="RTWMemSecDataParameters">Inherit from model</P>
      <P Name="ContentPreviewEnabled">off</P>
      <P Name="relop">&gt;=</P>
      <P Name="const">Estimator.alt.deltaSonarToFilteredThreshold</P>
      <P Name="OutDataTypeStr">boolean</P>
      <P Name="ZeroCross">on</P>
    </InstanceData>
  </Block>
  <Block BlockType="Logic" Name="findingoutliers" SID="1647">
    <P Name="Ports">[2, 1]</P>
    <P Name="Position">[700, 131, 730, 164]</P>
    <P Name="ZOrder">529</P>
    <P Name="ShowName">off</P>
    <P Name="AllPortsSameDT">off</P>
    <P Name="OutDataTypeStr">boolean</P>
  </Block>
  <Block BlockType="Logic" Name="newupdateneeded" SID="1648">
    <P Name="Ports">[2, 1]</P>
    <P Name="Position">[690, 286, 720, 319]</P>
    <P Name="ZOrder">568</P>
    <P Name="ShowName">off</P>
    <P Name="AllPortsSameDT">off</P>
    <P Name="OutDataTypeStr">boolean</P>
  </Block>
  <Block BlockType="Logic" Name="nicemeasurementor&#xA;newupdateneeded" SID="1649">
    <P Name="Ports">[2, 1]</P>
    <P Name="Position">[785, 206, 815, 239]</P>
    <P Name="ZOrder">564</P>
    <P Name="ShowName">off</P>
    <P Name="AllPortsSameDT">off</P>
    <P Name="OutDataTypeStr">boolean</P>
  </Block>
  <Block BlockType="Reference" Name="outlierJump" SID="1650">
    <P Name="Ports">[1, 1]</P>
    <P Name="Position">[500, 100, 530, 130]</P>
    <P Name="ZOrder">524</P>
    <P Name="LibraryVersion">1.488</P>
    <P Name="SourceBlock">simulink/Logic and Bit
Operations/Compare
To Constant</P>
    <P Name="SourceType">Compare To Constant</P>
    <P Name="SourceProductBaseCode">SL</P>
    <InstanceData>
      <P Name="RTWMemSecFuncInitTerm">Inherit from model</P>
      <P Name="RTWMemSecFuncExecute">Inherit from model</P>
      <P Name="RTWMemSecDataConstants">Inherit from model</P>
      <P Name="RTWMemSecDataInternal">Inherit from model</P>
      <P Name="RTWMemSecDataParameters">Inherit from model</P>
      <P Name="ContentPreviewEnabled">off</P>
      <P Name="relop">&lt;=</P>
      <P Name="const">Estimator.alt.deltaSonarToCurrentMax</P>
      <P Name="OutDataTypeStr">boolean</P>
      <P Name="ZeroCross">on</P>
    </InstanceData>
  </Block>
  <Block BlockType="DiscreteFilter" Name="pressureFilter_IIR" SID="1651">
    <P Name="Ports">[1, 1]</P>
    <P Name="Position">[280, 262, 340, 298]</P>
    <P Name="ZOrder">570</P>
    <P Name="InputPortMap">u0</P>
    <P Name="Numerator">Estimator.alt.filterPrsNum</P>
    <P Name="Denominator">Estimator.alt.filterPrsDen</P>
  </Block>
  <Block BlockType="DiscreteFilter" Name="sonarFilter_IIR" SID="1652">
    <P Name="Ports">[1, 1]</P>
    <P Name="Position">[275, 374, 330, 416]</P>
    <P Name="ZOrder">569</P>
    <P Name="InputPortMap">u0</P>
    <P Name="Numerator">Estimator.alt.filterSonarNum</P>
    <P Name="Denominator">Estimator.alt.filterSonarDen</P>
  </Block>
  <Block BlockType="Outport" Name="enableKFmeasupdate_flagout" SID="1653">
    <P Name="Position">[900, 218, 930, 232]</P>
    <P Name="ZOrder">580</P>
    <P Name="VectorParamsAs1DForOutWhenUnconnected">off</P>
  </Block>
  <Block BlockType="Outport" Name="Alt_prs" SID="1712">
    <P Name="Position">[415, 318, 445, 332]</P>
    <P Name="ZOrder">1282</P>
    <P Name="Port">2</P>
    <P Name="VectorParamsAs1DForOutWhenUnconnected">off</P>
  </Block>
  <Line>
    <P Name="ZOrder">1</P>
    <P Name="Src">1641#out:1</P>
    <P Name="Dst">1638#in:1</P>
  </Line>
  <Line>
    <P Name="ZOrder">2</P>
    <P Name="Src">1649#out:1</P>
    <P Name="Dst">1653#in:1</P>
  </Line>
  <Line>
    <P Name="ZOrder">3</P>
    <P Name="Src">1647#out:1</P>
    <P Name="Points">[5, 0; 0, 65]</P>
    <P Name="Dst">1649#in:1</P>
  </Line>
  <Line>
    <P Name="ZOrder">4</P>
    <P Name="Src">1644#out:1</P>
    <P Name="Points">[21, 0; 0, -30]</P>
    <P Name="Dst">1647#in:2</P>
  </Line>
  <Line>
    <P Name="ZOrder">5</P>
    <P Name="Src">1650#out:1</P>
    <P Name="Points">[21, 0; 0, 25]</P>
    <P Name="Dst">1647#in:1</P>
  </Line>
  <Line>
    <P Name="ZOrder">6</P>
    <P Name="Src">1643#out:1</P>
    <P Name="Dst">1640#in:1</P>
  </Line>
  <Line>
    <P Name="ZOrder">7</P>
    <P Name="Src">1637#out:1</P>
    <P Name="Dst">1650#in:1</P>
  </Line>
  <Line>
    <P Name="ZOrder">8</P>
    <P Name="Src">1640#out:1</P>
    <P Name="Dst">1637#in:1</P>
  </Line>
  <Line>
    <P Name="ZOrder">9</P>
    <P Name="Src">1648#out:1</P>
    <P Name="Points">[15, 0]</P>
    <P Name="Dst">1694#in:1</P>
  </Line>
  <Line>
    <P Name="ZOrder">10</P>
    <P Name="Src">1639#out:1</P>
    <P Name="Dst">1646#in:1</P>
  </Line>
  <Line>
    <P Name="ZOrder">11</P>
    <P Name="Src">1634#out:1</P>
    <P Name="Points">[111, 0]</P>
    <Branch>
      <P Name="ZOrder">12</P>
      <P Name="Dst">1643#in:1</P>
    </Branch>
    <Branch>
      <P Name="ZOrder">13</P>
      <P Name="Points">[0, 80]</P>
      <Branch>
        <P Name="ZOrder">14</P>
        <P Name="Points">[0, 210]</P>
        <P Name="Dst">1652#in:1</P>
      </Branch>
      <Branch>
        <P Name="ZOrder">15</P>
        <P Name="Dst">1644#in:1</P>
      </Branch>
    </Branch>
  </Line>
  <Line>
    <P Name="ZOrder">16</P>
    <P Name="Src">1645#out:1</P>
    <P Name="Points">[47, 0; 0, 20]</P>
    <P Name="Dst">1648#in:1</P>
  </Line>
  <Line>
    <P Name="ZOrder">17</P>
    <P Name="Src">1636#out:1</P>
    <P Name="Points">[102, 0]</P>
    <Branch>
      <P Name="ZOrder">18</P>
      <P Name="Points">[0, 68]</P>
      <Branch>
        <P Name="ZOrder">30</P>
        <P Name="Points">[263, 0]</P>
        <P Name="Dst">1641#in:1</P>
      </Branch>
      <Branch>
        <P Name="ZOrder">20</P>
        <P Name="Points">[0, 102; 263, 0]</P>
        <P Name="Dst">1642#in:1</P>
      </Branch>
    </Branch>
    <Branch>
      <P Name="ZOrder">21</P>
      <P Name="Points">[233, 0]</P>
      <P Name="Dst">1640#in:2</P>
    </Branch>
  </Line>
  <Line>
    <P Name="ZOrder">22</P>
    <P Name="Src">1642#out:1</P>
    <P Name="Dst">1639#in:1</P>
  </Line>
  <Line>
    <P Name="ZOrder">23</P>
    <P Name="Src">1646#out:1</P>
    <P Name="Points">[40, 0; 0, -75]</P>
    <P Name="Dst">1648#in:2</P>
  </Line>
  <Line>
    <P Name="ZOrder">24</P>
    <P Name="Src">1651#out:1</P>
    <P Name="Points">[34, 0]</P>
    <Branch>
      <P Name="ZOrder">32</P>
      <P Name="Points">[0, 45]</P>
      <P Name="Dst">1712#in:1</P>
    </Branch>
    <Branch>
      <P Name="ZOrder">31</P>
      <P Name="Dst">1641#in:2</P>
    </Branch>
  </Line>
  <Line>
    <P Name="ZOrder">25</P>
    <P Name="Src">1635#out:1</P>
    <P Name="Dst">1651#in:1</P>
  </Line>
  <Line>
    <P Name="ZOrder">26</P>
    <P Name="Src">1652#out:1</P>
    <P Name="Dst">1642#in:2</P>
  </Line>
  <Line>
    <P Name="ZOrder">27</P>
    <P Name="Src">1638#out:1</P>
    <P Name="Dst">1645#in:1</P>
  </Line>
  <Line>
    <P Name="ZOrder">28</P>
    <P Name="Src">1694#out:1</P>
    <P Name="Points">[0, -10]</P>
    <P Name="Dst">1649#in:2</P>
  </Line>
</System>
