<?xml version="1.0" encoding="utf-8"?>
<System>
  <P Name="Location">[791, 236, 1761, 971]</P>
  <P Name="SystemRect">[0.000000, 0.000000, 0.000000, 0.000000]</P>
  <P Name="SetExecutionDomain">off</P>
  <P Name="ExecutionDomainType">Deduce</P>
  <P Name="ZoomFactor">61</P>
  <P Name="SimulinkSubDomain">Simulink</P>
  <Block BlockType="Inport" Name="controlModePosVSOrient_flagin" SID="1169">
    <P Name="Position">[765, -42, 795, -28]</P>
    <P Name="ZOrder">1267</P>
    <P Name="OutDataTypeStr">boolean</P>
  </Block>
  <Block BlockType="Inport" Name="sensor_data_in" SID="1170">
    <P Name="Position">[30, 368, 60, 382]</P>
    <P Name="ZOrder">1270</P>
    <P Name="Port">2</P>
  </Block>
  <Block BlockType="Inport" Name="opticalFlow_datin" SID="1172">
    <P Name="Position">[845, -62, 875, -48]</P>
    <P Name="ZOrder">1266</P>
    <P Name="Port">3</P>
  </Block>
  <Block BlockType="Inport" Name="sensorCalibration_datin" SID="1174">
    <P Name="Position">[20, 398, 50, 412]</P>
    <P Name="ZOrder">1276</P>
    <P Name="Port">4</P>
  </Block>
  <Block BlockType="SubSystem" Name="Altitude Estimator" SID="1617">
    <P Name="Ports">[5, 3]</P>
    <P Name="Position">[710, 364, 875, 456]</P>
    <P Name="ZOrder">1277</P>
    <P Name="RequestExecContextInheritance">off</P>
    <Port>
      <P Name="PortNumber">1</P>
      <P Name="Name">dz</P>
    </Port>
    <Port>
      <P Name="PortNumber">2</P>
      <P Name="Name">Z</P>
    </Port>
    <System Ref="system_1617"/>
  </Block>
  <Block BlockType="SubSystem" Name="Attitude Estimator" SID="2538">
    <P Name="Ports">[1, 4]</P>
    <P Name="Position">[325, 243, 455, 352]</P>
    <P Name="ZOrder">1283</P>
    <P Name="ForegroundColor">red</P>
    <P Name="RequestExecContextInheritance">off</P>
    <Port>
      <P Name="PortNumber">1</P>
      <P Name="Name">Attitude</P>
    </Port>
    <System Ref="system_2538"/>
  </Block>
  <Block BlockType="Delay" Name="Delay1" SID="1262">
    <P Name="Ports">[1, 1]</P>
    <P Name="Position">[950, 513, 985, 547]</P>
    <P Name="ZOrder">1252</P>
    <P Name="BlockMirror">on</P>
    <P Name="ShowName">off</P>
    <P Name="InputPortMap">u0</P>
    <P Name="DelayLength">1</P>
    <P Name="InitialCondition">0</P>
  </Block>
  <Block BlockType="Demux" Name="Demux" SID="1263">
    <P Name="Ports">[1, 3]</P>
    <P Name="Position">[1245, 273, 1250, 327]</P>
    <P Name="ZOrder">1261</P>
    <P Name="ShowName">off</P>
    <P Name="Outputs">3</P>
    <Port>
      <P Name="PortNumber">1</P>
      <P Name="Name">yaw</P>
    </Port>
    <Port>
      <P Name="PortNumber">2</P>
      <P Name="Name">pitch</P>
    </Port>
    <Port>
      <P Name="PortNumber">3</P>
      <P Name="Name">roll</P>
    </Port>
  </Block>
  <Block BlockType="Demux" Name="Demux1" SID="1264">
    <P Name="Ports">[1, 3]</P>
    <P Name="Position">[1245, 188, 1250, 252]</P>
    <P Name="ZOrder">1262</P>
    <P Name="ShowName">off</P>
    <P Name="Outputs">3</P>
    <Port>
      <P Name="PortNumber">1</P>
      <P Name="Name">p</P>
    </Port>
    <Port>
      <P Name="PortNumber">2</P>
      <P Name="Name">q</P>
    </Port>
    <Port>
      <P Name="PortNumber">3</P>
      <P Name="Name">r</P>
    </Port>
  </Block>
  <Block BlockType="Demux" Name="Demux3" SID="1265">
    <P Name="Ports">[1, 2]</P>
    <P Name="Position">[1245, 106, 1250, 144]</P>
    <P Name="ZOrder">1251</P>
    <P Name="ShowName">off</P>
    <P Name="Outputs">2</P>
    <Port>
      <P Name="PortNumber">1</P>
      <P Name="Name">dx</P>
    </Port>
    <Port>
      <P Name="PortNumber">2</P>
      <P Name="Name">dy</P>
    </Port>
  </Block>
  <Block BlockType="Demux" Name="Demux4" SID="1266">
    <P Name="Ports">[1, 2]</P>
    <P Name="Position">[1245, -49, 1250, -11]</P>
    <P Name="ZOrder">1255</P>
    <P Name="ShowName">off</P>
    <P Name="Outputs">2</P>
    <Port>
      <P Name="PortNumber">1</P>
      <P Name="Name">X</P>
    </Port>
    <Port>
      <P Name="PortNumber">2</P>
      <P Name="Name">Y</P>
    </Port>
  </Block>
  <Block BlockType="SubSystem" Name="SensorPreprocessing" SID="2735">
    <P Name="Ports">[2, 3]</P>
    <P Name="Position">[90, 359, 260, 421]</P>
    <P Name="ZOrder">1285</P>
    <P Name="ForegroundColor">red</P>
    <P Name="RequestExecContextInheritance">off</P>
    <System Ref="system_2735"/>
  </Block>
  <Block BlockType="Terminator" Name="Terminator" SID="1479">
    <P Name="Position">[490, 300, 510, 320]</P>
    <P Name="ZOrder">1264</P>
    <P Name="ShowName">off</P>
  </Block>
  <Block BlockType="Terminator" Name="Terminator1" SID="1480">
    <P Name="Position">[490, 275, 510, 295]</P>
    <P Name="ZOrder">1272</P>
    <P Name="ShowName">off</P>
  </Block>
  <Block BlockType="SubSystem" Name="XY Position Estimator" SID="2606">
    <P Name="Ports">[7, 2]</P>
    <P Name="Position">[955, -72, 1150, 82]</P>
    <P Name="ZOrder">1284</P>
    <P Name="ForegroundColor">red</P>
    <P Name="RequestExecContextInheritance">off</P>
    <System Ref="system_2606"/>
  </Block>
  <Block BlockType="Outport" Name="Out Bus Element" SID="1483">
    <P Name="Position">[1320, -45, 1330, -35]</P>
    <P Name="ZOrder">1273</P>
    <P Name="BackgroundColor">black</P>
    <P Name="ShowName">off</P>
    <List ListType="InterfaceData">
      <P Name="Version">0</P>
      <P Name="PortNumber">1</P>
      <P Name="PortName">states_estim</P>
      <P Name="Element">X</P>
      <P Name="PortBlockIndex">1</P>
      <P Name="IsComposite">1</P>
      <P Name="IsClientServer">0</P>
    </List>
    <P Name="VectorParamsAs1DForOutWhenUnconnected">off</P>
  </Block>
  <Block BlockType="Outport" Name="Out Bus Element1" SID="1484">
    <P Name="Position">[1320, -25, 1330, -15]</P>
    <P Name="ZOrder">22</P>
    <P Name="BackgroundColor">black</P>
    <P Name="ShowName">off</P>
    <List ListType="InterfaceData">
      <P Name="Version">0</P>
      <P Name="PortNumber">1</P>
      <P Name="PortName">states_estim</P>
      <P Name="Element">Y</P>
      <P Name="PortBlockIndex">2</P>
      <P Name="IsComposite">1</P>
      <P Name="IsClientServer">0</P>
    </List>
    <P Name="VectorParamsAs1DForOutWhenUnconnected">off</P>
  </Block>
  <Block BlockType="Outport" Name="Out Bus Element2" SID="1485">
    <P Name="Position">[1320, 405, 1330, 415]</P>
    <P Name="ZOrder">22</P>
    <P Name="BackgroundColor">black</P>
    <P Name="ShowName">off</P>
    <List ListType="InterfaceData">
      <P Name="Version">0</P>
      <P Name="PortNumber">1</P>
      <P Name="PortName">states_estim</P>
      <P Name="Element">Z</P>
      <P Name="PortBlockIndex">3</P>
      <P Name="IsComposite">1</P>
      <P Name="IsClientServer">0</P>
    </List>
    <P Name="VectorParamsAs1DForOutWhenUnconnected">off</P>
  </Block>
  <Block BlockType="Outport" Name="Out Bus Element3" SID="1486">
    <P Name="Position">[1320, 275, 1330, 285]</P>
    <P Name="ZOrder">22</P>
    <P Name="BackgroundColor">black</P>
    <P Name="ShowName">off</P>
    <List ListType="InterfaceData">
      <P Name="Version">0</P>
      <P Name="PortNumber">1</P>
      <P Name="PortName">states_estim</P>
      <P Name="Element">yaw</P>
      <P Name="PortBlockIndex">4</P>
      <P Name="IsComposite">1</P>
      <P Name="IsClientServer">0</P>
    </List>
    <P Name="VectorParamsAs1DForOutWhenUnconnected">off</P>
  </Block>
  <Block BlockType="Outport" Name="Out Bus Element4" SID="1487">
    <P Name="Position">[1320, 295, 1330, 305]</P>
    <P Name="ZOrder">22</P>
    <P Name="BackgroundColor">black</P>
    <P Name="ShowName">off</P>
    <List ListType="InterfaceData">
      <P Name="Version">0</P>
      <P Name="PortNumber">1</P>
      <P Name="PortName">states_estim</P>
      <P Name="Element">pitch</P>
      <P Name="PortBlockIndex">5</P>
      <P Name="IsComposite">1</P>
      <P Name="IsClientServer">0</P>
    </List>
    <P Name="VectorParamsAs1DForOutWhenUnconnected">off</P>
  </Block>
  <Block BlockType="Outport" Name="Out Bus Element5" SID="1488">
    <P Name="Position">[1320, 315, 1330, 325]</P>
    <P Name="ZOrder">22</P>
    <P Name="BackgroundColor">black</P>
    <P Name="ShowName">off</P>
    <List ListType="InterfaceData">
      <P Name="Version">0</P>
      <P Name="PortNumber">1</P>
      <P Name="PortName">states_estim</P>
      <P Name="Element">roll</P>
      <P Name="PortBlockIndex">6</P>
      <P Name="IsComposite">1</P>
      <P Name="IsClientServer">0</P>
    </List>
    <P Name="VectorParamsAs1DForOutWhenUnconnected">off</P>
  </Block>
  <Block BlockType="Outport" Name="Out Bus Element6" SID="1489">
    <P Name="Position">[1320, 110, 1330, 120]</P>
    <P Name="ZOrder">22</P>
    <P Name="BackgroundColor">black</P>
    <P Name="ShowName">off</P>
    <List ListType="InterfaceData">
      <P Name="Version">0</P>
      <P Name="PortNumber">1</P>
      <P Name="PortName">states_estim</P>
      <P Name="Element">dx</P>
      <P Name="PortBlockIndex">7</P>
      <P Name="IsComposite">1</P>
      <P Name="IsClientServer">0</P>
    </List>
    <P Name="VectorParamsAs1DForOutWhenUnconnected">off</P>
  </Block>
  <Block BlockType="Outport" Name="Out Bus Element7" SID="1490">
    <P Name="Position">[1320, 130, 1330, 140]</P>
    <P Name="ZOrder">22</P>
    <P Name="BackgroundColor">black</P>
    <P Name="ShowName">off</P>
    <List ListType="InterfaceData">
      <P Name="Version">0</P>
      <P Name="PortNumber">1</P>
      <P Name="PortName">states_estim</P>
      <P Name="Element">dy</P>
      <P Name="PortBlockIndex">8</P>
      <P Name="IsComposite">1</P>
      <P Name="IsClientServer">0</P>
    </List>
    <P Name="VectorParamsAs1DForOutWhenUnconnected">off</P>
  </Block>
  <Block BlockType="Outport" Name="Out Bus Element8" SID="1491">
    <P Name="Position">[1320, 375, 1330, 385]</P>
    <P Name="ZOrder">22</P>
    <P Name="BackgroundColor">black</P>
    <P Name="ShowName">off</P>
    <List ListType="InterfaceData">
      <P Name="Version">0</P>
      <P Name="PortNumber">1</P>
      <P Name="PortName">states_estim</P>
      <P Name="Element">dz</P>
      <P Name="PortBlockIndex">9</P>
      <P Name="IsComposite">1</P>
      <P Name="IsClientServer">0</P>
    </List>
    <P Name="VectorParamsAs1DForOutWhenUnconnected">off</P>
  </Block>
  <Block BlockType="Outport" Name="Out Bus Element9" SID="1492">
    <P Name="Position">[1320, 195, 1330, 205]</P>
    <P Name="ZOrder">22</P>
    <P Name="BackgroundColor">black</P>
    <P Name="ShowName">off</P>
    <List ListType="InterfaceData">
      <P Name="Version">0</P>
      <P Name="PortNumber">1</P>
      <P Name="PortName">states_estim</P>
      <P Name="Element">p</P>
      <P Name="PortBlockIndex">10</P>
      <P Name="IsComposite">1</P>
      <P Name="IsClientServer">0</P>
    </List>
    <P Name="VectorParamsAs1DForOutWhenUnconnected">off</P>
  </Block>
  <Block BlockType="Outport" Name="Out Bus Element10" SID="1493">
    <P Name="Position">[1320, 215, 1330, 225]</P>
    <P Name="ZOrder">22</P>
    <P Name="BackgroundColor">black</P>
    <P Name="ShowName">off</P>
    <List ListType="InterfaceData">
      <P Name="Version">0</P>
      <P Name="PortNumber">1</P>
      <P Name="PortName">states_estim</P>
      <P Name="Element">q</P>
      <P Name="PortBlockIndex">11</P>
      <P Name="IsComposite">1</P>
      <P Name="IsClientServer">0</P>
    </List>
    <P Name="VectorParamsAs1DForOutWhenUnconnected">off</P>
  </Block>
  <Block BlockType="Outport" Name="Out Bus Element11" SID="1494">
    <P Name="Position">[1320, 235, 1330, 245]</P>
    <P Name="ZOrder">22</P>
    <P Name="BackgroundColor">black</P>
    <P Name="ShowName">off</P>
    <List ListType="InterfaceData">
      <P Name="Version">0</P>
      <P Name="PortNumber">1</P>
      <P Name="PortName">states_estim</P>
      <P Name="Element">r</P>
      <P Name="PortBlockIndex">12</P>
      <P Name="IsComposite">1</P>
      <P Name="IsClientServer">0</P>
    </List>
    <P Name="VectorParamsAs1DForOutWhenUnconnected">off</P>
  </Block>
  <Block BlockType="Outport" Name="Alt_prs" SID="1713">
    <P Name="Position">[930, 433, 960, 447]</P>
    <P Name="ZOrder">1282</P>
    <P Name="Port">2</P>
    <P Name="VectorParamsAs1DForOutWhenUnconnected">off</P>
  </Block>
  <Line>
    <P Name="ZOrder">143</P>
    <P Name="Src">2606#out:2</P>
    <P Name="Points">[22, 0; 0, 80]</P>
    <Branch>
      <P Name="ZOrder">154</P>
      <P Name="Dst">1265#in:1</P>
    </Branch>
    <Branch>
      <P Name="ZOrder">153</P>
      <P Name="Points">[0, 405]</P>
      <P Name="Dst">1262#in:1</P>
    </Branch>
  </Line>
  <Line>
    <P Name="Name">r</P>
    <P Name="ZOrder">5</P>
    <P Name="Labels">[1, 1]</P>
    <P Name="Src">1264#out:3</P>
    <P Name="Dst">1494#in:1</P>
  </Line>
  <Line>
    <P Name="Name">roll</P>
    <P Name="ZOrder">6</P>
    <P Name="Labels">[0, 0]</P>
    <P Name="Src">1263#out:3</P>
    <P Name="Dst">1488#in:1</P>
  </Line>
  <Line>
    <P Name="Name">Y</P>
    <P Name="ZOrder">7</P>
    <P Name="Labels">[1, 1]</P>
    <P Name="Src">1266#out:2</P>
    <P Name="Dst">1484#in:1</P>
  </Line>
  <Line>
    <P Name="ZOrder">142</P>
    <P Name="Src">2606#out:1</P>
    <P Name="Dst">1266#in:1</P>
  </Line>
  <Line>
    <P Name="ZOrder">132</P>
    <P Name="Src">2538#out:2</P>
    <P Name="Dst">1480#in:1</P>
  </Line>
  <Line>
    <P Name="ZOrder">134</P>
    <P Name="Src">2538#out:4</P>
    <P Name="Points">[85, 0; 0, -115; 398, 0]</P>
    <Branch>
      <P Name="ZOrder">157</P>
      <P Name="Points">[0, -155]</P>
      <P Name="Dst">2606#in:7</P>
    </Branch>
    <Branch>
      <P Name="ZOrder">144</P>
      <P Name="Dst">1264#in:1</P>
    </Branch>
  </Line>
  <Line>
    <P Name="ZOrder">159</P>
    <P Name="Src">1170#out:1</P>
    <P Name="Dst">2735#in:1</P>
  </Line>
  <Line>
    <P Name="ZOrder">136</P>
    <P Name="Src">1172#out:1</P>
    <P Name="Dst">2606#in:1</P>
  </Line>
  <Line>
    <P Name="Name">X</P>
    <P Name="ZOrder">14</P>
    <P Name="Labels">[1, 1]</P>
    <P Name="Src">1266#out:1</P>
    <P Name="Dst">1483#in:1</P>
  </Line>
  <Line>
    <P Name="ZOrder">161</P>
    <P Name="Src">2735#out:1</P>
    <P Name="Points">[40, 0; 0, -70]</P>
    <Branch>
      <P Name="ZOrder">131</P>
      <P Name="Dst">2538#in:1</P>
    </Branch>
    <Branch>
      <P Name="ZOrder">51</P>
      <P Name="Points">[0, -90; 380, 0]</P>
      <Branch>
        <P Name="ZOrder">138</P>
        <P Name="Points">[192, 0; 0, -225]</P>
        <P Name="Dst">2606#in:3</P>
      </Branch>
      <Branch>
        <P Name="ZOrder">82</P>
        <P Name="Points">[0, 160]</P>
        <P Name="Dst">1617#in:1</P>
      </Branch>
    </Branch>
  </Line>
  <Line>
    <P Name="ZOrder">163</P>
    <P Name="Src">2735#out:3</P>
    <P Name="Dst">1617#in:3</P>
  </Line>
  <Line>
    <P Name="Name">dy</P>
    <P Name="ZOrder">21</P>
    <P Name="Labels">[1, 1]</P>
    <P Name="Src">1265#out:2</P>
    <P Name="Dst">1490#in:1</P>
  </Line>
  <Line>
    <P Name="ZOrder">162</P>
    <P Name="Src">2735#out:2</P>
    <P Name="Dst">1617#in:2</P>
  </Line>
  <Line>
    <P Name="Name">dz</P>
    <P Name="ZOrder">83</P>
    <P Name="Src">1617#out:1</P>
    <P Name="Points">[26, 0]</P>
    <Branch>
      <P Name="ZOrder">158</P>
      <P Name="Points">[0, -355]</P>
      <P Name="Dst">2606#in:5</P>
    </Branch>
    <Branch>
      <P Name="ZOrder">109</P>
      <P Name="Labels">[-1, 1]</P>
      <P Name="Dst">1491#in:1</P>
    </Branch>
  </Line>
  <Line>
    <P Name="Name">Z</P>
    <P Name="ZOrder">84</P>
    <P Name="Src">1617#out:2</P>
    <P Name="Points">[11, 0]</P>
    <Branch>
      <P Name="ZOrder">139</P>
      <P Name="Labels">[-1, 0]</P>
      <P Name="Points">[0, -405]</P>
      <P Name="Dst">2606#in:4</P>
    </Branch>
    <Branch>
      <P Name="ZOrder">108</P>
      <P Name="Labels">[-1, 1]</P>
      <P Name="Dst">1485#in:1</P>
    </Branch>
  </Line>
  <Line>
    <P Name="Name">p</P>
    <P Name="ZOrder">31</P>
    <P Name="Labels">[1, 1]</P>
    <P Name="Src">1264#out:1</P>
    <P Name="Dst">1492#in:1</P>
  </Line>
  <Line>
    <P Name="Name">dx</P>
    <P Name="ZOrder">32</P>
    <P Name="Labels">[1, 1]</P>
    <P Name="Src">1265#out:1</P>
    <P Name="Dst">1489#in:1</P>
  </Line>
  <Line>
    <P Name="ZOrder">133</P>
    <P Name="Src">2538#out:3</P>
    <P Name="Dst">1479#in:1</P>
  </Line>
  <Line>
    <P Name="Name">pitch</P>
    <P Name="ZOrder">34</P>
    <P Name="Labels">[-1, 0]</P>
    <P Name="Src">1263#out:2</P>
    <P Name="Dst">1487#in:1</P>
  </Line>
  <Line>
    <P Name="ZOrder">137</P>
    <P Name="Src">1169#out:1</P>
    <P Name="Dst">2606#in:2</P>
  </Line>
  <Line>
    <P Name="Name">Attitude</P>
    <P Name="ZOrder">135</P>
    <P Name="Labels">[0, 0]</P>
    <P Name="Src">2538#out:1</P>
    <P Name="Points">[206, 0]</P>
    <Branch>
      <P Name="ZOrder">156</P>
      <P Name="Points">[260, 0]</P>
      <Branch>
        <P Name="ZOrder">37</P>
        <P Name="Points">[0, 40]</P>
        <P Name="Dst">1263#in:1</P>
      </Branch>
      <Branch>
        <P Name="ZOrder">141</P>
        <P Name="Points">[0, -215]</P>
        <P Name="Dst">2606#in:6</P>
      </Branch>
    </Branch>
    <Branch>
      <P Name="ZOrder">80</P>
      <P Name="Points">[0, 190]</P>
      <P Name="Dst">1617#in:5</P>
    </Branch>
  </Line>
  <Line>
    <P Name="Name">yaw</P>
    <P Name="ZOrder">41</P>
    <P Name="Labels">[0, 0]</P>
    <P Name="Src">1263#out:1</P>
    <P Name="Dst">1486#in:1</P>
  </Line>
  <Line>
    <P Name="ZOrder">78</P>
    <P Name="Src">1262#out:1</P>
    <P Name="Points">[-291, 0; 0, -100]</P>
    <P Name="Dst">1617#in:4</P>
  </Line>
  <Line>
    <P Name="Name">q</P>
    <P Name="ZOrder">43</P>
    <P Name="Labels">[1, 1]</P>
    <P Name="Src">1264#out:2</P>
    <P Name="Dst">1493#in:1</P>
  </Line>
  <Line>
    <P Name="ZOrder">160</P>
    <P Name="Src">1174#out:1</P>
    <P Name="Dst">2735#in:2</P>
  </Line>
  <Line>
    <P Name="ZOrder">110</P>
    <P Name="Src">1617#out:3</P>
    <P Name="Dst">1713#in:1</P>
  </Line>
  <Annotation SID="1495">
    <P Name="Name">Derived frrom the work by Sertac 
Karaman and Fabian Riether</P>
    <P Name="Position">[1281, 517, 1431, 543]</P>
    <P Name="InternalMargins">[0, 0, 0, 0]</P>
    <P Name="HorizontalAlignment">left</P>
    <P Name="VerticalAlignment">top</P>
    <P Name="ZOrder">-1</P>
  </Annotation>
</System>
