<?xml version="1.0" encoding="utf-8"?>
<System>
  <P Name="Location">[791, 236, 1761, 971]</P>
  <P Name="SystemRect">[0.000000, 0.000000, 0.000000, 0.000000]</P>
  <P Name="SetExecutionDomain">off</P>
  <P Name="ExecutionDomainType">Deduce</P>
  <P Name="ZoomFactor">133</P>
  <P Name="SimulinkSubDomain">Simulink</P>
  <Block BlockType="Inport" Name="axyz" SID="2565">
    <P Name="Position">[-20, 163, 10, 177]</P>
    <P Name="ZOrder">-1</P>
    <P Name="ForegroundColor">red</P>
  </Block>
  <Block BlockType="Inport" Name="roll_rate" SID="2566">
    <P Name="Position">[220, 153, 250, 167]</P>
    <P Name="ZOrder">1</P>
    <P Name="ForegroundColor">red</P>
    <P Name="Port">2</P>
  </Block>
  <Block BlockType="Inport" Name="enable_update" SID="2567">
    <P Name="Position">[220, 193, 250, 207]</P>
    <P Name="ZOrder">44</P>
    <P Name="ForegroundColor">red</P>
    <P Name="Port">3</P>
  </Block>
  <Block BlockType="DataTypeConversion" Name="Data Type Conversion" SID="2568">
    <P Name="Position">[420, 203, 465, 217]</P>
    <P Name="ZOrder">47</P>
    <P Name="ForegroundColor">red</P>
    <P Name="RndMeth">Floor</P>
    <P Name="SaturateOnIntegerOverflow">off</P>
  </Block>
  <Block BlockType="DataTypeConversion" Name="Data Type Conversion1" SID="2605">
    <P Name="Position">[420, 163, 465, 177]</P>
    <P Name="ZOrder">48</P>
    <P Name="ForegroundColor">red</P>
    <P Name="RndMeth">Floor</P>
    <P Name="SaturateOnIntegerOverflow">off</P>
  </Block>
  <Block BlockType="Demux" Name="Demux" SID="2569">
    <P Name="Ports">[1, 3]</P>
    <P Name="Position">[35, 145, 40, 195]</P>
    <P Name="ZOrder">19</P>
    <P Name="ForegroundColor">red</P>
    <P Name="ShowName">off</P>
    <P Name="Outputs">3</P>
  </Block>
  <Block BlockType="Demux" Name="Demux1" SID="2570">
    <P Name="Ports">[1, 2]</P>
    <P Name="Position">[375, 161, 380, 199]</P>
    <P Name="ZOrder">46</P>
    <P Name="ForegroundColor">red</P>
    <P Name="ShowName">off</P>
    <P Name="Outputs">2</P>
  </Block>
  <Block BlockType="Product" Name="Divide" SID="2571">
    <P Name="Ports">[2, 1]</P>
    <P Name="Position">[115, 162, 145, 193]</P>
    <P Name="ZOrder">20</P>
    <P Name="ForegroundColor">red</P>
    <P Name="ShowName">off</P>
    <P Name="Inputs">*/</P>
  </Block>
  <Block BlockType="Reference" Name="Kalman Filter" SID="2572">
    <P Name="Ports">[3, 1]</P>
    <P Name="Position">[295, 149, 350, 211]</P>
    <P Name="ZOrder">15</P>
    <P Name="ForegroundColor">red</P>
    <P Name="LibraryVersion">3.0</P>
    <P Name="SourceBlock">ctrlSharedLib/Kalman Filter</P>
    <P Name="SourceType">ctrlKalmanFilter</P>
    <P Name="SourceProductBaseCode">CT,ID</P>
    <InstanceData>
      <P Name="RTWMemSecFuncInitTerm">Inherit from model</P>
      <P Name="RTWMemSecFuncExecute">Inherit from model</P>
      <P Name="RTWMemSecDataConstants">Inherit from model</P>
      <P Name="RTWMemSecDataInternal">Inherit from model</P>
      <P Name="RTWMemSecDataParameters">Inherit from model</P>
      <P Name="ContentPreviewEnabled">on</P>
      <P Name="TimeDomain">Discrete-Time</P>
      <P Name="UseCurrentEstimator">on</P>
      <P Name="ModelSource">Individual A, B, C, D matrices</P>
      <P Name="ModelSourceVariable">ss(0.95,1,1,0,1)</P>
      <P Name="A">[1 -Ts;0 1]</P>
      <P Name="B">[Ts;0]</P>
      <P Name="C">[1 0]</P>
      <P Name="D">0</P>
      <P Name="NumberOfStates">1</P>
      <P Name="NumberOfInputs">1</P>
      <P Name="NumberOfOutputs">1</P>
      <P Name="InitialEstimateSource">Dialog</P>
      <P Name="X0">0</P>
      <P Name="P0">10</P>
      <P Name="UseK">off</P>
      <P Name="UseGH">off</P>
      <P Name="NumberOfProcessNoiseInputs">1</P>
      <P Name="G">1</P>
      <P Name="TimeInvariantG">on</P>
      <P Name="H">0</P>
      <P Name="TimeInvariantH">on</P>
      <P Name="Q">[var_gyro_p_N,0;0,var_bias_gyr_N]</P>
      <P Name="TimeInvariantQ">on</P>
      <P Name="R">var_acc_angle_N</P>
      <P Name="TimeInvariantR">on</P>
      <P Name="N">0</P>
      <P Name="TimeInvariantN">on</P>
      <P Name="AddInputPort">on</P>
      <P Name="AddEnablePort">on</P>
      <P Name="ExternalReset">None</P>
      <P Name="OutputEstimatedY">off</P>
      <P Name="OutputP">off</P>
      <P Name="Ts">Ts</P>
    </InstanceData>
  </Block>
  <Block BlockType="Terminator" Name="Terminator" SID="2807">
    <P Name="Position">[60, 145, 80, 165]</P>
    <P Name="ZOrder">49</P>
  </Block>
  <Block BlockType="Trigonometry" Name="Trigonometric&#xA;Function" SID="2573">
    <P Name="Ports">[1, 1]</P>
    <P Name="Position">[180, 165, 210, 195]</P>
    <P Name="ZOrder">18</P>
    <P Name="ForegroundColor">red</P>
    <P Name="ShowName">off</P>
    <P Name="Operator">atan</P>
  </Block>
  <Block BlockType="Outport" Name="roll" SID="2574">
    <P Name="Position">[560, 163, 590, 177]</P>
    <P Name="ZOrder">-2</P>
    <P Name="ForegroundColor">red</P>
  </Block>
  <Block BlockType="Outport" Name="gyro_x_bias" SID="2575">
    <P Name="Position">[560, 203, 590, 217]</P>
    <P Name="ZOrder">45</P>
    <P Name="ForegroundColor">red</P>
    <P Name="Port">2</P>
  </Block>
  <Line>
    <P Name="ZOrder">1</P>
    <P Name="Src">2570#out:1</P>
    <P Name="Dst">2605#in:1</P>
  </Line>
  <Line>
    <P Name="ZOrder">2</P>
    <P Name="Src">2572#out:1</P>
    <P Name="Dst">2570#in:1</P>
  </Line>
  <Line>
    <P Name="ZOrder">3</P>
    <P Name="Src">2566#out:1</P>
    <P Name="Dst">2572#in:1</P>
  </Line>
  <Line>
    <P Name="ZOrder">4</P>
    <P Name="Src">2571#out:1</P>
    <P Name="Dst">2573#in:1</P>
  </Line>
  <Line>
    <P Name="ZOrder">5</P>
    <P Name="Src">2569#out:2</P>
    <P Name="Dst">2571#in:1</P>
  </Line>
  <Line>
    <P Name="ZOrder">6</P>
    <P Name="Src">2565#out:1</P>
    <P Name="Dst">2569#in:1</P>
  </Line>
  <Line>
    <P Name="ZOrder">7</P>
    <P Name="Src">2569#out:3</P>
    <P Name="Dst">2571#in:2</P>
  </Line>
  <Line>
    <P Name="ZOrder">8</P>
    <P Name="Src">2573#out:1</P>
    <P Name="Dst">2572#in:2</P>
  </Line>
  <Line>
    <P Name="ZOrder">9</P>
    <P Name="Src">2567#out:1</P>
    <P Name="Dst">2572#in:3</P>
  </Line>
  <Line>
    <P Name="ZOrder">10</P>
    <P Name="Src">2570#out:2</P>
    <P Name="Points">[2, 0; 0, 20]</P>
    <P Name="Dst">2568#in:1</P>
  </Line>
  <Line>
    <P Name="ZOrder">11</P>
    <P Name="Src">2568#out:1</P>
    <P Name="Dst">2575#in:1</P>
  </Line>
  <Line>
    <P Name="ZOrder">12</P>
    <P Name="Src">2605#out:1</P>
    <P Name="Dst">2574#in:1</P>
  </Line>
  <Line>
    <P Name="ZOrder">13</P>
    <P Name="Src">2569#out:1</P>
    <P Name="Dst">2807#in:1</P>
  </Line>
  <Annotation SID="2577">
    <P Name="Name">Linear Kalman filter is used for the Pitch and Roll estimation.
The states are the corresponding Euler angle and Angular rate bias respectively</P>
    <P Name="Position">[295, 253, 649, 279]</P>
    <P Name="InternalMargins">[0, 0, 0, 0]</P>
    <P Name="HorizontalAlignment">left</P>
    <P Name="VerticalAlignment">top</P>
    <P Name="ZOrder">-1</P>
  </Annotation>
  <Annotation SID="2576">
    <P Name="Name">Gyroscope&apos;s bias is susceptible to factors like &quot;temperature&quot; and &quot;Gyro bias stability&quot; and it 
can vary during the flight. It is therefore estimated using the Kalman filter making use of accelerometer data</P>
    <P Name="Position">[-20, 312, 455, 338]</P>
    <P Name="InternalMargins">[0, 0, 0, 0]</P>
    <P Name="HorizontalAlignment">left</P>
    <P Name="VerticalAlignment">top</P>
    <P Name="ZOrder">-2</P>
  </Annotation>
</System>
