<?xml version="1.0" encoding="utf-8"?>
<System>
  <P Name="Location">[28, 28, 1048, 796]</P>
  <P Name="SystemRect">[0.000000, 0.000000, 0.000000, 0.000000]</P>
  <P Name="SetExecutionDomain">off</P>
  <P Name="ExecutionDomainType">Deduce</P>
  <P Name="ZoomFactor">105</P>
  <P Name="SimulinkSubDomain">Simulink</P>
  <Block BlockType="Inport" Name="OF_status" SID="2353">
    <P Name="Position">[115, 243, 145, 257]</P>
    <P Name="ZOrder">5487</P>
  </Block>
  <Block BlockType="Inport" Name="land_flag" SID="2354">
    <P Name="Position">[620, 213, 650, 227]</P>
    <P Name="ZOrder">5490</P>
    <P Name="Port">2</P>
  </Block>
  <Block BlockType="Inport" Name="Enable_OF_Check" SID="2355">
    <P Name="Position">[50, 298, 80, 312]</P>
    <P Name="ZOrder">5488</P>
    <P Name="Port">3</P>
  </Block>
  <Block BlockType="Constant" Name=" " SID="2356">
    <P Name="Position">[115, 335, 145, 365]</P>
    <P Name="ZOrder">5486</P>
    <P Name="Value">0</P>
  </Block>
  <Block BlockType="Product" Name="  " SID="2357">
    <P Name="Ports">[2, 1]</P>
    <P Name="Position">[450, 297, 480, 328]</P>
    <P Name="ZOrder">5477</P>
    <P Name="Inputs">**</P>
  </Block>
  <Block BlockType="DataTypeConversion" Name="   " SID="2358">
    <P Name="Position">[335, 290, 395, 320]</P>
    <P Name="ZOrder">5481</P>
    <P Name="RndMeth">Floor</P>
    <P Name="SaturateOnIntegerOverflow">off</P>
  </Block>
  <Block BlockType="Constant" Name=" Disable OF check" SID="2359">
    <P Name="Position">[620, 160, 650, 190]</P>
    <P Name="ZOrder">5493</P>
    <P Name="Value">0</P>
  </Block>
  <Block BlockType="Reference" Name="50 continuous &#xA;OF errors " SID="2360">
    <P Name="Ports">[1, 1]</P>
    <P Name="Position">[620, 265, 650, 295]</P>
    <P Name="ZOrder">5478</P>
    <P Name="LibraryVersion">1.488</P>
    <P Name="SourceBlock">simulink/Logic and Bit
Operations/Compare
To Constant</P>
    <P Name="SourceType">Compare To Constant</P>
    <P Name="SourceProductBaseCode">SL</P>
    <InstanceData>
      <P Name="RTWMemSecFuncInitTerm">Inherit from model</P>
      <P Name="RTWMemSecFuncExecute">Inherit from model</P>
      <P Name="RTWMemSecDataConstants">Inherit from model</P>
      <P Name="RTWMemSecDataInternal">Inherit from model</P>
      <P Name="RTWMemSecDataParameters">Inherit from model</P>
      <P Name="ContentPreviewEnabled">on</P>
      <P Name="relop">&gt;</P>
      <P Name="const">50</P>
      <P Name="OutDataTypeStr">boolean</P>
      <P Name="ZeroCross">on</P>
    </InstanceData>
  </Block>
  <Block BlockType="Sum" Name="Add" SID="2361">
    <P Name="Ports">[2, 1]</P>
    <P Name="Position">[535, 262, 565, 293]</P>
    <P Name="ZOrder">5474</P>
    <P Name="IconShape">rectangular</P>
  </Block>
  <Block BlockType="Reference" Name="Check error&#xA;condition" SID="2362">
    <P Name="Ports">[1, 1]</P>
    <P Name="Position">[265, 290, 295, 320]</P>
    <P Name="ZOrder">5476</P>
    <P Name="LibraryVersion">1.488</P>
    <P Name="SourceBlock">simulink/Logic and Bit
Operations/Compare
To Constant</P>
    <P Name="SourceType">Compare To Constant</P>
    <P Name="SourceProductBaseCode">SL</P>
    <InstanceData>
      <P Name="RTWMemSecFuncInitTerm">Inherit from model</P>
      <P Name="RTWMemSecFuncExecute">Inherit from model</P>
      <P Name="RTWMemSecDataConstants">Inherit from model</P>
      <P Name="RTWMemSecDataInternal">Inherit from model</P>
      <P Name="RTWMemSecDataParameters">Inherit from model</P>
      <P Name="ContentPreviewEnabled">on</P>
      <P Name="relop">==</P>
      <P Name="const">-1</P>
      <P Name="OutDataTypeStr">boolean</P>
      <P Name="ZeroCross">on</P>
    </InstanceData>
  </Block>
  <Block BlockType="DataTypeConversion" Name="Data Type Conversion2" SID="2363">
    <P Name="Position">[810, 210, 850, 230]</P>
    <P Name="ZOrder">5479</P>
    <P Name="ShowName">off</P>
    <P Name="OutDataTypeStr">uint8</P>
    <P Name="RndMeth">Nearest</P>
    <P Name="SaturateOnIntegerOverflow">off</P>
  </Block>
  <Block BlockType="Delay" Name="Delay One Step" SID="2364">
    <P Name="Ports">[1, 1]</P>
    <P Name="Position">[520, 333, 555, 367]</P>
    <P Name="ZOrder">5473</P>
    <P Name="BlockMirror">on</P>
    <P Name="InputPortMap">u0</P>
    <P Name="DelayLength">1</P>
  </Block>
  <Block BlockType="Switch" Name="Switch" SID="2365">
    <P Name="Position">[175, 285, 225, 325]</P>
    <P Name="ZOrder">5485</P>
    <P Name="Criteria">u2 &gt; Threshold</P>
    <P Name="InputSameDT">off</P>
    <P Name="SaturateOnIntegerOverflow">off</P>
  </Block>
  <Block BlockType="Switch" Name="Switch1" SID="2366">
    <P Name="Position">[725, 200, 775, 240]</P>
    <P Name="ZOrder">5492</P>
    <P Name="Criteria">u2 &gt; Threshold</P>
    <P Name="InputSameDT">off</P>
    <P Name="SaturateOnIntegerOverflow">off</P>
  </Block>
  <Block BlockType="Outport" Name="OF_Error" SID="2367">
    <P Name="Position">[885, 213, 915, 227]</P>
    <P Name="ZOrder">5489</P>
  </Block>
  <Line>
    <P Name="ZOrder">1</P>
    <P Name="Src">2361#out:1</P>
    <P Name="Points">[9, 0]</P>
    <Branch>
      <P Name="ZOrder">2</P>
      <P Name="Points">[0, 70]</P>
      <P Name="Dst">2364#in:1</P>
    </Branch>
    <Branch>
      <P Name="ZOrder">3</P>
      <P Name="Dst">2360#in:1</P>
    </Branch>
  </Line>
  <Line>
    <P Name="ZOrder">4</P>
    <P Name="Src">2356#out:1</P>
    <P Name="Points">[10, 0]</P>
    <P Name="Dst">2365#in:3</P>
  </Line>
  <Line>
    <P Name="ZOrder">5</P>
    <P Name="Src">2357#out:1</P>
    <P Name="Points">[23, 0; 0, -30]</P>
    <P Name="Dst">2361#in:2</P>
  </Line>
  <Line>
    <P Name="ZOrder">6</P>
    <P Name="Src">2362#out:1</P>
    <P Name="Dst">2358#in:1</P>
  </Line>
  <Line>
    <P Name="ZOrder">7</P>
    <P Name="Src">2358#out:1</P>
    <P Name="Points">[26, 0]</P>
    <Branch>
      <P Name="ZOrder">8</P>
      <P Name="Points">[0, -35]</P>
      <P Name="Dst">2361#in:1</P>
    </Branch>
    <Branch>
      <P Name="ZOrder">9</P>
      <P Name="Dst">2357#in:1</P>
    </Branch>
  </Line>
  <Line>
    <P Name="ZOrder">10</P>
    <P Name="Src">2353#out:1</P>
    <P Name="Points">[10, 0]</P>
    <P Name="Dst">2365#in:1</P>
  </Line>
  <Line>
    <P Name="ZOrder">11</P>
    <P Name="Src">2366#out:1</P>
    <P Name="Dst">2363#in:1</P>
  </Line>
  <Line>
    <P Name="ZOrder">12</P>
    <P Name="Src">2364#out:1</P>
    <P Name="Points">[-88, 0; 0, -30]</P>
    <P Name="Dst">2357#in:2</P>
  </Line>
  <Line>
    <P Name="ZOrder">13</P>
    <P Name="Src">2365#out:1</P>
    <P Name="Dst">2362#in:1</P>
  </Line>
  <Line>
    <P Name="ZOrder">14</P>
    <P Name="Src">2363#out:1</P>
    <P Name="Dst">2367#in:1</P>
  </Line>
  <Line>
    <P Name="ZOrder">15</P>
    <P Name="Src">2355#out:1</P>
    <P Name="Dst">2365#in:2</P>
  </Line>
  <Line>
    <P Name="ZOrder">16</P>
    <P Name="Src">2354#out:1</P>
    <P Name="Dst">2366#in:2</P>
  </Line>
  <Line>
    <P Name="ZOrder">17</P>
    <P Name="Src">2360#out:1</P>
    <P Name="Points">[28, 0; 0, -45]</P>
    <P Name="Dst">2366#in:3</P>
  </Line>
  <Line>
    <P Name="ZOrder">18</P>
    <P Name="Src">2359#out:1</P>
    <P Name="Points">[28, 0; 0, 30]</P>
    <P Name="Dst">2366#in:1</P>
  </Line>
  <Annotation SID="2368">
    <P Name="Name">If the land_flag is set, then disable Optical Flow check</P>
    <P Name="Position">[585, 114, 719, 153]</P>
    <P Name="InternalMargins">[0, 0, 0, 0]</P>
    <P Name="FixedHeight">on</P>
    <P Name="FixedWidth">on</P>
    <P Name="HorizontalAlignment">left</P>
    <P Name="VerticalAlignment">top</P>
    <P Name="ZOrder">-1</P>
  </Annotation>
</System>
