<?xml version="1.0" encoding="utf-8"?>
<System>
  <P Name="Location">[791, 236, 1761, 971]</P>
  <P Name="SystemRect">[0.000000, 0.000000, 0.000000, 0.000000]</P>
  <P Name="SetExecutionDomain">off</P>
  <P Name="ExecutionDomainType">Deduce</P>
  <P Name="ZoomFactor">128</P>
  <P Name="SimulinkSubDomain">Simulink</P>
  <Block BlockType="Inport" Name="opticalFlow_datin" SID="2607">
    <P Name="Position">[-110, 43, -80, 57]</P>
    <P Name="ZOrder">351</P>
    <P Name="ForegroundColor">red</P>
  </Block>
  <Block BlockType="Inport" Name="controlModePosVSOrient_flagin" SID="2608">
    <P Name="Position">[165, 308, 195, 322]</P>
    <P Name="ZOrder">382</P>
    <P Name="ForegroundColor">magenta</P>
    <P Name="Port">2</P>
  </Block>
  <Block BlockType="Inport" Name="sensorIMU_datin" SID="2609">
    <P Name="Position">[10, 93, 40, 107]</P>
    <P Name="ZOrder">1116</P>
    <P Name="ForegroundColor">red</P>
    <P Name="Port">3</P>
  </Block>
  <Block BlockType="Inport" Name="Z_estimin" SID="2610">
    <P Name="Position">[-45, 68, -15, 82]</P>
    <P Name="ZOrder">352</P>
    <P Name="ForegroundColor">red</P>
    <P Name="Port">4</P>
  </Block>
  <Block BlockType="Inport" Name="dz_estimin" SID="2611">
    <P Name="Position">[165, 353, 195, 367]</P>
    <P Name="ZOrder">383</P>
    <P Name="ForegroundColor">red</P>
    <P Name="Port">5</P>
  </Block>
  <Block BlockType="Inport" Name="orient_estimin" SID="2612">
    <P Name="Position">[-65, 118, -35, 132]</P>
    <P Name="ZOrder">381</P>
    <P Name="ForegroundColor">red</P>
    <P Name="Port">6</P>
  </Block>
  <Block BlockType="Inport" Name="angular velocity" SID="2613">
    <P Name="Position">[10, 143, 40, 157]</P>
    <P Name="ZOrder">1122</P>
    <P Name="ForegroundColor">red</P>
    <P Name="Port">7</P>
  </Block>
  <Block BlockType="SubSystem" Name="EstimatorVelocity" SID="2614">
    <P Name="Ports">[5, 1]</P>
    <P Name="Position">[120, 37, 245, 163]</P>
    <P Name="ZOrder">1121</P>
    <P Name="ForegroundColor">red</P>
    <P Name="RequestExecContextInheritance">off</P>
    <System Ref="system_2614"/>
  </Block>
  <Block BlockType="SubSystem" Name="EstimatorXYPosition" SID="2720">
    <P Name="Ports">[4, 1]</P>
    <P Name="Position">[285, 201, 425, 384]</P>
    <P Name="ZOrder">1120</P>
    <P Name="ForegroundColor">red</P>
    <P Name="RequestExecContextInheritance">off</P>
    <System Ref="system_2720"/>
  </Block>
  <Block BlockType="Outport" Name="XY_estimout" SID="2733">
    <P Name="Position">[460, 288, 490, 302]</P>
    <P Name="ZOrder">384</P>
    <P Name="ForegroundColor">red</P>
    <P Name="VectorParamsAs1DForOutWhenUnconnected">off</P>
  </Block>
  <Block BlockType="Outport" Name="dxy_estimout" SID="2734">
    <P Name="Position">[460, 93, 490, 107]</P>
    <P Name="ZOrder">355</P>
    <P Name="ForegroundColor">red</P>
    <P Name="Port">2</P>
    <P Name="VectorParamsAs1DForOutWhenUnconnected">off</P>
  </Block>
  <Line>
    <P Name="ZOrder">1</P>
    <P Name="Src">2720#out:1</P>
    <P Name="Dst">2733#in:1</P>
  </Line>
  <Line>
    <P Name="ZOrder">2</P>
    <P Name="Src">2611#out:1</P>
    <P Name="Dst">2720#in:4</P>
  </Line>
  <Line>
    <P Name="ZOrder">3</P>
    <P Name="Src">2608#out:1</P>
    <P Name="Dst">2720#in:3</P>
  </Line>
  <Line>
    <P Name="ZOrder">4</P>
    <P Name="Src">2610#out:1</P>
    <P Name="Dst">2614#in:2</P>
  </Line>
  <Line>
    <P Name="ZOrder">5</P>
    <P Name="Src">2609#out:1</P>
    <P Name="Dst">2614#in:3</P>
  </Line>
  <Line>
    <P Name="ZOrder">6</P>
    <P Name="Src">2607#out:1</P>
    <P Name="Dst">2614#in:1</P>
  </Line>
  <Line>
    <P Name="ZOrder">7</P>
    <P Name="Src">2614#out:1</P>
    <P Name="Points">[5, 0]</P>
    <Branch>
      <P Name="ZOrder">8</P>
      <P Name="Dst">2734#in:1</P>
    </Branch>
    <Branch>
      <P Name="ZOrder">9</P>
      <P Name="Points">[0, 125]</P>
      <P Name="Dst">2720#in:1</P>
    </Branch>
  </Line>
  <Line>
    <P Name="ZOrder">10</P>
    <P Name="Src">2612#out:1</P>
    <P Name="Points">[122, 0]</P>
    <Branch>
      <P Name="ZOrder">11</P>
      <P Name="Points">[0, 145]</P>
      <P Name="Dst">2720#in:2</P>
    </Branch>
    <Branch>
      <P Name="ZOrder">12</P>
      <P Name="Dst">2614#in:4</P>
    </Branch>
  </Line>
  <Line>
    <P Name="ZOrder">13</P>
    <P Name="Src">2613#out:1</P>
    <P Name="Dst">2614#in:5</P>
  </Line>
</System>
