<?xml version="1.0" encoding="utf-8"?>
<System>
  <P Name="Location">[791, 236, 1761, 971]</P>
  <P Name="SystemRect">[0.000000, 0.000000, 0.000000, 0.000000]</P>
  <P Name="SetExecutionDomain">off</P>
  <P Name="ExecutionDomainType">Deduce</P>
  <P Name="ZoomFactor">121</P>
  <P Name="SimulinkSubDomain">Simulink</P>
  <Block BlockType="Inport" Name="HAL_acc_SI" SID="2778">
    <P Name="Position">[105, 133, 135, 147]</P>
    <P Name="ZOrder">1280</P>
    <P Name="ForegroundColor">red</P>
    <P Name="OutDataTypeStr">Bus: HAL_acc_SI_t</P>
  </Block>
  <Block BlockType="Inport" Name="HAL_gyro_SI" SID="2779">
    <P Name="Position">[90, 253, 120, 267]</P>
    <P Name="ZOrder">1281</P>
    <P Name="ForegroundColor">red</P>
    <P Name="Port">2</P>
    <P Name="OutDataTypeStr">Bus: HAL_gyro_SI_t</P>
  </Block>
  <Block BlockType="Inport" Name="HAL_ultrasound_SI" SID="2780">
    <P Name="Position">[105, 333, 135, 347]</P>
    <P Name="ZOrder">1276</P>
    <P Name="ForegroundColor">red</P>
    <P Name="Port">3</P>
    <P Name="OutDataTypeStr">Bus: HAL_ultrasound_SI_t</P>
    <Port>
      <P Name="PortNumber">1</P>
      <P Name="PropagatedSignals">HAL_ultrasound_SI</P>
      <P Name="ShowPropagatedSignals">on</P>
    </Port>
  </Block>
  <Block BlockType="Inport" Name="HAL_pressure_SI" SID="2781">
    <P Name="Position">[175, 373, 205, 387]</P>
    <P Name="ZOrder">1278</P>
    <P Name="ForegroundColor">red</P>
    <P Name="Port">4</P>
    <P Name="OutDataTypeStr">Bus: HAL_pressure_SI_t</P>
  </Block>
  <Block BlockType="Inport" Name="HAL_vbat_SI" SID="2782">
    <P Name="Position">[105, 433, 135, 447]</P>
    <P Name="ZOrder">1296</P>
    <P Name="ForegroundColor">red</P>
    <P Name="Port">5</P>
    <P Name="OutDataTypeStr">Bus: HAL_vbat_SI_t</P>
  </Block>
  <Block BlockType="BusSelector" Name="Bus&#xA;Selector1" SID="2783">
    <P Name="Ports">[1, 2]</P>
    <P Name="Position">[190, 421, 195, 459]</P>
    <P Name="ZOrder">1298</P>
    <P Name="ForegroundColor">red</P>
    <P Name="ShowName">off</P>
    <P Name="OutputSignals">vbat_V,vbat_percentage</P>
    <Port>
      <P Name="PortNumber">1</P>
      <P Name="Name">&lt;vbat_V&gt;</P>
    </Port>
    <Port>
      <P Name="PortNumber">2</P>
      <P Name="Name">&lt;vbat_percentage&gt;</P>
    </Port>
  </Block>
  <Block BlockType="BusSelector" Name="Bus&#xA;Selector3" SID="2784">
    <P Name="Ports">[1, 3]</P>
    <P Name="Position">[185, 80, 190, 200]</P>
    <P Name="ZOrder">1256</P>
    <P Name="ForegroundColor">red</P>
    <P Name="ShowName">off</P>
    <P Name="OutputSignals">x,y,z</P>
    <Port>
      <P Name="PortNumber">1</P>
      <P Name="Name">&lt;x&gt;</P>
    </Port>
    <Port>
      <P Name="PortNumber">2</P>
      <P Name="Name">&lt;y&gt;</P>
    </Port>
    <Port>
      <P Name="PortNumber">3</P>
      <P Name="Name">&lt;z&gt;</P>
    </Port>
  </Block>
  <Block BlockType="BusSelector" Name="Bus&#xA;Selector4" SID="2785">
    <P Name="Ports">[1, 4]</P>
    <P Name="Position">[165, 201, 170, 319]</P>
    <P Name="ZOrder">1257</P>
    <P Name="ForegroundColor">red</P>
    <P Name="ShowName">off</P>
    <P Name="OutputSignals">x,y,z,temperature</P>
    <Port>
      <P Name="PortNumber">1</P>
      <P Name="Name">&lt;x&gt;</P>
    </Port>
    <Port>
      <P Name="PortNumber">2</P>
      <P Name="Name">&lt;y&gt;</P>
    </Port>
    <Port>
      <P Name="PortNumber">3</P>
      <P Name="Name">&lt;z&gt;</P>
    </Port>
    <Port>
      <P Name="PortNumber">4</P>
      <P Name="Name">&lt;temperature&gt;</P>
    </Port>
  </Block>
  <Block BlockType="BusSelector" Name="Bus&#xA;Selector5" SID="2786">
    <P Name="Ports">[1, 1]</P>
    <P Name="Position">[185, 321, 190, 359]</P>
    <P Name="ZOrder">1258</P>
    <P Name="ForegroundColor">red</P>
    <P Name="ShowName">off</P>
    <P Name="OutputSignals">altitude</P>
    <Port>
      <P Name="PortNumber">1</P>
      <P Name="Name">&lt;altitude&gt;</P>
    </Port>
  </Block>
  <Block BlockType="BusSelector" Name="Bus&#xA;Selector6" SID="2787">
    <P Name="Ports">[1, 1]</P>
    <P Name="Position">[255, 361, 260, 399]</P>
    <P Name="ZOrder">1259</P>
    <P Name="ForegroundColor">red</P>
    <P Name="ShowName">off</P>
    <P Name="OutputSignals">pressure</P>
    <Port>
      <P Name="PortNumber">1</P>
      <P Name="Name">&lt;pressure&gt;</P>
    </Port>
  </Block>
  <Block BlockType="Outport" Name="Out Bus Element" SID="2788">
    <P Name="Position">[320, 95, 330, 105]</P>
    <P Name="ZOrder">1295</P>
    <P Name="ForegroundColor">red</P>
    <P Name="ShowName">off</P>
    <List ListType="InterfaceData">
      <P Name="Version">0</P>
      <P Name="PortNumber">1</P>
      <P Name="PortName">sensordata_datin</P>
      <P Name="Element">ddx</P>
      <P Name="PortBlockIndex">1</P>
      <P Name="IsComposite">1</P>
      <P Name="IsClientServer">0</P>
    </List>
    <P Name="VectorParamsAs1DForOutWhenUnconnected">off</P>
  </Block>
  <Block BlockType="Outport" Name="Out Bus Element1" SID="2789">
    <P Name="Position">[320, 135, 330, 145]</P>
    <P Name="ZOrder">22</P>
    <P Name="ForegroundColor">red</P>
    <P Name="ShowName">off</P>
    <List ListType="InterfaceData">
      <P Name="Version">0</P>
      <P Name="PortNumber">1</P>
      <P Name="PortName">sensordata_datin</P>
      <P Name="Element">ddy</P>
      <P Name="PortBlockIndex">2</P>
      <P Name="IsComposite">1</P>
      <P Name="IsClientServer">0</P>
    </List>
    <P Name="VectorParamsAs1DForOutWhenUnconnected">off</P>
  </Block>
  <Block BlockType="Outport" Name="Out Bus Element2" SID="2790">
    <P Name="Position">[320, 175, 330, 185]</P>
    <P Name="ZOrder">22</P>
    <P Name="ForegroundColor">red</P>
    <P Name="ShowName">off</P>
    <List ListType="InterfaceData">
      <P Name="Version">0</P>
      <P Name="PortNumber">1</P>
      <P Name="PortName">sensordata_datin</P>
      <P Name="Element">ddz</P>
      <P Name="PortBlockIndex">3</P>
      <P Name="IsComposite">1</P>
      <P Name="IsClientServer">0</P>
    </List>
    <P Name="VectorParamsAs1DForOutWhenUnconnected">off</P>
  </Block>
  <Block BlockType="Outport" Name="Out Bus Element3" SID="2791">
    <P Name="Position">[320, 210, 330, 220]</P>
    <P Name="ZOrder">22</P>
    <P Name="ForegroundColor">red</P>
    <P Name="ShowName">off</P>
    <List ListType="InterfaceData">
      <P Name="Version">0</P>
      <P Name="PortNumber">1</P>
      <P Name="PortName">sensordata_datin</P>
      <P Name="Element">p</P>
      <P Name="PortBlockIndex">4</P>
      <P Name="IsComposite">1</P>
      <P Name="IsClientServer">0</P>
    </List>
    <P Name="VectorParamsAs1DForOutWhenUnconnected">off</P>
  </Block>
  <Block BlockType="Outport" Name="Out Bus Element4" SID="2792">
    <P Name="Position">[320, 240, 330, 250]</P>
    <P Name="ZOrder">22</P>
    <P Name="ForegroundColor">red</P>
    <P Name="ShowName">off</P>
    <List ListType="InterfaceData">
      <P Name="Version">0</P>
      <P Name="PortNumber">1</P>
      <P Name="PortName">sensordata_datin</P>
      <P Name="Element">q</P>
      <P Name="PortBlockIndex">5</P>
      <P Name="IsComposite">1</P>
      <P Name="IsClientServer">0</P>
    </List>
    <P Name="VectorParamsAs1DForOutWhenUnconnected">off</P>
  </Block>
  <Block BlockType="Outport" Name="Out Bus Element5" SID="2793">
    <P Name="Position">[320, 270, 330, 280]</P>
    <P Name="ZOrder">22</P>
    <P Name="ForegroundColor">red</P>
    <P Name="ShowName">off</P>
    <List ListType="InterfaceData">
      <P Name="Version">0</P>
      <P Name="PortNumber">1</P>
      <P Name="PortName">sensordata_datin</P>
      <P Name="Element">r</P>
      <P Name="PortBlockIndex">6</P>
      <P Name="IsComposite">1</P>
      <P Name="IsClientServer">0</P>
    </List>
    <P Name="VectorParamsAs1DForOutWhenUnconnected">off</P>
  </Block>
  <Block BlockType="Outport" Name="Out Bus Element6" SID="2794">
    <P Name="Position">[320, 335, 330, 345]</P>
    <P Name="ZOrder">22</P>
    <P Name="ForegroundColor">red</P>
    <P Name="ShowName">off</P>
    <List ListType="InterfaceData">
      <P Name="Version">0</P>
      <P Name="PortNumber">1</P>
      <P Name="PortName">sensordata_datin</P>
      <P Name="Element">altitude_sonar</P>
      <P Name="PortBlockIndex">7</P>
      <P Name="IsComposite">1</P>
      <P Name="IsClientServer">0</P>
    </List>
    <P Name="VectorParamsAs1DForOutWhenUnconnected">off</P>
  </Block>
  <Block BlockType="Outport" Name="Out Bus Element7" SID="2795">
    <P Name="Position">[320, 375, 330, 385]</P>
    <P Name="ZOrder">22</P>
    <P Name="ForegroundColor">red</P>
    <P Name="ShowName">off</P>
    <List ListType="InterfaceData">
      <P Name="Version">0</P>
      <P Name="PortNumber">1</P>
      <P Name="PortName">sensordata_datin</P>
      <P Name="Element">prs</P>
      <P Name="PortBlockIndex">8</P>
      <P Name="IsComposite">1</P>
      <P Name="IsClientServer">0</P>
    </List>
    <P Name="VectorParamsAs1DForOutWhenUnconnected">off</P>
  </Block>
  <Block BlockType="Outport" Name="Out Bus Element8" SID="2796">
    <P Name="Position">[320, 425, 330, 435]</P>
    <P Name="ZOrder">1297</P>
    <P Name="ForegroundColor">red</P>
    <P Name="ShowName">off</P>
    <List ListType="InterfaceData">
      <P Name="Version">0</P>
      <P Name="PortNumber">1</P>
      <P Name="PortName">sensordata_datin</P>
      <P Name="Element">vbat_V</P>
      <P Name="PortBlockIndex">9</P>
      <P Name="IsComposite">1</P>
      <P Name="IsClientServer">0</P>
    </List>
    <P Name="VectorParamsAs1DForOutWhenUnconnected">off</P>
  </Block>
  <Block BlockType="Outport" Name="Out Bus Element9" SID="2797">
    <P Name="Position">[320, 445, 330, 455]</P>
    <P Name="ZOrder">1299</P>
    <P Name="ForegroundColor">red</P>
    <P Name="ShowName">off</P>
    <List ListType="InterfaceData">
      <P Name="Version">0</P>
      <P Name="PortNumber">1</P>
      <P Name="PortName">sensordata_datin</P>
      <P Name="Element">vbat_percentage</P>
      <P Name="PortBlockIndex">10</P>
      <P Name="IsComposite">1</P>
      <P Name="IsClientServer">0</P>
    </List>
    <P Name="VectorParamsAs1DForOutWhenUnconnected">off</P>
  </Block>
  <Block BlockType="Outport" Name="Out1" SID="2798">
    <P Name="Position">[630, 298, 660, 312]</P>
    <P Name="ZOrder">1301</P>
    <P Name="ForegroundColor">red</P>
    <P Name="Port">2</P>
  </Block>
  <Line>
    <P Name="ZOrder">1</P>
    <P Name="Src">2779#out:1</P>
    <P Name="Dst">2785#in:1</P>
  </Line>
  <Line>
    <P Name="ZOrder">2</P>
    <P Name="Src">2778#out:1</P>
    <P Name="Dst">2784#in:1</P>
  </Line>
  <Line>
    <P Name="ZOrder">3</P>
    <P Name="Src">2781#out:1</P>
    <P Name="Dst">2787#in:1</P>
  </Line>
  <Line>
    <P Name="ZOrder">4</P>
    <P Name="Src">2780#out:1</P>
    <P Name="Dst">2786#in:1</P>
  </Line>
  <Line>
    <P Name="Name">&lt;x&gt;</P>
    <P Name="ZOrder">5</P>
    <P Name="Labels">[0, 0]</P>
    <P Name="Src">2785#out:1</P>
    <P Name="Dst">2791#in:1</P>
  </Line>
  <Line>
    <P Name="Name">&lt;z&gt;</P>
    <P Name="ZOrder">6</P>
    <P Name="Labels">[0, 0]</P>
    <P Name="Src">2784#out:3</P>
    <P Name="Dst">2790#in:1</P>
  </Line>
  <Line>
    <P Name="Name">&lt;z&gt;</P>
    <P Name="ZOrder">7</P>
    <P Name="Labels">[0, 0]</P>
    <P Name="Src">2785#out:3</P>
    <P Name="Dst">2793#in:1</P>
  </Line>
  <Line>
    <P Name="Name">&lt;altitude&gt;</P>
    <P Name="ZOrder">8</P>
    <P Name="Labels">[1, 1]</P>
    <P Name="Src">2786#out:1</P>
    <P Name="Dst">2794#in:1</P>
  </Line>
  <Line>
    <P Name="Name">&lt;pressure&gt;</P>
    <P Name="ZOrder">9</P>
    <P Name="Labels">[0, 0]</P>
    <P Name="Src">2787#out:1</P>
    <P Name="Dst">2795#in:1</P>
  </Line>
  <Line>
    <P Name="Name">&lt;y&gt;</P>
    <P Name="ZOrder">10</P>
    <P Name="Labels">[0, 0]</P>
    <P Name="Src">2785#out:2</P>
    <P Name="Dst">2792#in:1</P>
  </Line>
  <Line>
    <P Name="Name">&lt;x&gt;</P>
    <P Name="ZOrder">11</P>
    <P Name="Labels">[0, 0]</P>
    <P Name="Src">2784#out:1</P>
    <P Name="Dst">2788#in:1</P>
  </Line>
  <Line>
    <P Name="Name">&lt;y&gt;</P>
    <P Name="ZOrder">12</P>
    <P Name="Labels">[0, 0]</P>
    <P Name="Src">2784#out:2</P>
    <P Name="Dst">2789#in:1</P>
  </Line>
  <Line>
    <P Name="Name">&lt;vbat_V&gt;</P>
    <P Name="ZOrder">13</P>
    <P Name="Labels">[0, 0]</P>
    <P Name="Src">2783#out:1</P>
    <P Name="Dst">2796#in:1</P>
  </Line>
  <Line>
    <P Name="ZOrder">14</P>
    <P Name="Src">2782#out:1</P>
    <P Name="Dst">2783#in:1</P>
  </Line>
  <Line>
    <P Name="Name">&lt;vbat_percentage&gt;</P>
    <P Name="ZOrder">15</P>
    <P Name="Labels">[1, 1]</P>
    <P Name="Src">2783#out:2</P>
    <P Name="Dst">2797#in:1</P>
  </Line>
  <Line>
    <P Name="Name">&lt;temperature&gt;</P>
    <P Name="ZOrder">16</P>
    <P Name="Labels">[0, 0]</P>
    <P Name="Src">2785#out:4</P>
    <P Name="Dst">2798#in:1</P>
  </Line>
</System>
