<?xml version="1.0" encoding="utf-8"?>
<System>
  <P Name="Location">[791, 236, 1761, 971]</P>
  <P Name="SystemRect">[0.000000, 0.000000, 0.000000, 0.000000]</P>
  <P Name="SetExecutionDomain">off</P>
  <P Name="ExecutionDomainType">Deduce</P>
  <P Name="ZoomFactor">69</P>
  <P Name="SimulinkSubDomain">Simulink</P>
  <Block BlockType="Inport" Name="ReferenceValueServerCmds" SID="410">
    <P Name="Position">[65, 183, 95, 197]</P>
    <P Name="ZOrder">-1</P>
    <P Name="ForegroundColor">red</P>
  </Block>
  <Block BlockType="Inport" Name="EstimatedVal" SID="412">
    <P Name="Position">[65, 583, 95, 597]</P>
    <P Name="ZOrder">7</P>
    <P Name="ForegroundColor">red</P>
    <P Name="Port">2</P>
  </Block>
  <Block BlockType="Inport" Name="Vision-based Data" SID="411">
    <P Name="Position">[65, 748, 95, 762]</P>
    <P Name="ZOrder">6</P>
    <P Name="ForegroundColor">green</P>
    <P Name="Port">3</P>
  </Block>
  <Block BlockType="Terminator" Name=" " SID="1551">
    <P Name="Position">[270, 435, 290, 455]</P>
    <P Name="ZOrder">295</P>
  </Block>
  <Block BlockType="BusSelector" Name="Bus&#xA;Selector" SID="455">
    <P Name="Ports">[1, 1]</P>
    <P Name="Position">[170, 426, 175, 464]</P>
    <P Name="ZOrder">46</P>
    <P Name="ShowName">off</P>
    <P Name="OutputSignals">live_time_ticks</P>
    <Port>
      <P Name="PortNumber">1</P>
      <P Name="Name">&lt;live_time_ticks&gt;</P>
    </Port>
  </Block>
  <Block BlockType="BusSelector" Name="Bus&#xA;Selector1" SID="588">
    <P Name="Ports">[1, 6]</P>
    <P Name="Position">[170, 544, 175, 631]</P>
    <P Name="ZOrder">285</P>
    <P Name="ShowName">off</P>
    <P Name="OutputSignals">X,Y,Z,yaw,pitch,roll</P>
    <Port>
      <P Name="PortNumber">1</P>
      <P Name="Name">&lt;X&gt;</P>
    </Port>
    <Port>
      <P Name="PortNumber">2</P>
      <P Name="Name">&lt;Y&gt;</P>
    </Port>
    <Port>
      <P Name="PortNumber">3</P>
      <P Name="Name">&lt;Z&gt;</P>
    </Port>
    <Port>
      <P Name="PortNumber">4</P>
      <P Name="Name">&lt;yaw&gt;</P>
    </Port>
    <Port>
      <P Name="PortNumber">5</P>
      <P Name="Name">&lt;pitch&gt;</P>
    </Port>
    <Port>
      <P Name="PortNumber">6</P>
      <P Name="Name">&lt;roll&gt;</P>
    </Port>
  </Block>
  <Block BlockType="BusSelector" Name="Bus&#xA;Selector2" SID="1938">
    <P Name="Ports">[1, 2]</P>
    <P Name="Position">[170, 331, 175, 404]</P>
    <P Name="ZOrder">5627</P>
    <P Name="ShowName">off</P>
    <P Name="OutputSignals">land_drone,time_remaining</P>
    <Port>
      <P Name="PortNumber">1</P>
      <P Name="Name">&lt;land_drone&gt;</P>
    </Port>
    <Port>
      <P Name="PortNumber">2</P>
      <P Name="Name">&lt;time_remaining&gt;</P>
    </Port>
  </Block>
  <Block BlockType="BusAssignment" Name="Bus &#xA;Assignment" SID="413">
    <P Name="Ports">[2, 1]</P>
    <P Name="Position">[1025, 180, 1100, 215]</P>
    <P Name="ZOrder">1</P>
    <P Name="ForegroundColor">red</P>
    <P Name="AssignedSignals">pos_ref</P>
  </Block>
  <Block BlockType="DataTypeConversion" Name="Data Type Conversion" SID="1965">
    <P Name="Position">[930, 345, 980, 365]</P>
    <P Name="ZOrder">5632</P>
    <P Name="OutDataTypeStr">single</P>
    <P Name="RndMeth">Floor</P>
    <P Name="SaturateOnIntegerOverflow">off</P>
  </Block>
  <Block BlockType="InportShadow" Name="EstimatedVal1" SID="1966">
    <P Name="Position">[485, 388, 515, 402]</P>
    <P Name="ZOrder">5633</P>
    <P Name="ForegroundColor">red</P>
    <P Name="Port">2</P>
  </Block>
  <Block BlockType="SubSystem" Name="Landing Enable" SID="1991">
    <P Name="Ports">[2, 1]</P>
    <P Name="Position">[335, 332, 450, 403]</P>
    <P Name="ZOrder">5663</P>
    <P Name="RequestExecContextInheritance">off</P>
    <P Name="ContentPreviewEnabled">on</P>
    <System Ref="system_1991"/>
  </Block>
  <Block BlockType="SubSystem" Name="Landing Logic" SID="1970">
    <P Name="Ports">[2, 2]</P>
    <P Name="Position">[550, 336, 715, 414]</P>
    <P Name="ZOrder">5634</P>
    <P Name="RequestExecContextInheritance">off</P>
    <P Name="ContentPreviewEnabled">on</P>
    <System Ref="system_1970"/>
  </Block>
  <Block BlockType="MultiPortSwitch" Name="Multiport&#xA;Switch" SID="1962">
    <P Name="Ports">[3, 1]</P>
    <P Name="Position">[865, 267, 900, 443]</P>
    <P Name="ZOrder">5620</P>
    <P Name="DataPortOrder">Zero-based contiguous</P>
    <P Name="Inputs">2</P>
    <P Name="zeroidx">on</P>
    <P Name="InputSameDT">off</P>
    <P Name="SaturateOnIntegerOverflow">off</P>
  </Block>
  <Block BlockType="Mux" Name="Mux" SID="417">
    <P Name="Ports">[3, 1]</P>
    <P Name="Position">[765, 656, 770, 694]</P>
    <P Name="ZOrder">4</P>
    <P Name="ForegroundColor">red</P>
    <P Name="ShowName">off</P>
    <P Name="Inputs">3</P>
    <P Name="DisplayOption">bar</P>
  </Block>
  <Block BlockType="Logic" Name="NOT" SID="1963">
    <P Name="Ports">[1, 1]</P>
    <P Name="Position">[635, 279, 665, 311]</P>
    <P Name="ZOrder">5631</P>
    <P Name="Operator">NOT</P>
    <P Name="IconShape">distinctive</P>
    <P Name="AllPortsSameDT">off</P>
    <P Name="OutDataTypeStr">boolean</P>
  </Block>
  <Block BlockType="Terminator" Name="Terminator" SID="584">
    <P Name="Position">[205, 745, 225, 765]</P>
    <P Name="ZOrder">282</P>
    <P Name="NameLocation">top</P>
    <P Name="ShowName">off</P>
  </Block>
  <Block BlockType="Terminator" Name="Terminator1" SID="589">
    <P Name="Position">[255, 545, 265, 555]</P>
    <P Name="ZOrder">286</P>
    <P Name="NameLocation">top</P>
    <P Name="ShowName">off</P>
  </Block>
  <Block BlockType="Terminator" Name="Terminator2" SID="591">
    <P Name="Position">[255, 560, 265, 570]</P>
    <P Name="ZOrder">288</P>
    <P Name="NameLocation">top</P>
    <P Name="ShowName">off</P>
  </Block>
  <Block BlockType="Terminator" Name="Terminator3" SID="592">
    <P Name="Position">[255, 575, 265, 585]</P>
    <P Name="ZOrder">289</P>
    <P Name="NameLocation">top</P>
    <P Name="ShowName">off</P>
  </Block>
  <Block BlockType="Terminator" Name="Terminator4" SID="593">
    <P Name="Position">[255, 590, 265, 600]</P>
    <P Name="ZOrder">290</P>
    <P Name="NameLocation">top</P>
    <P Name="ShowName">off</P>
  </Block>
  <Block BlockType="Terminator" Name="Terminator5" SID="615">
    <P Name="Position">[255, 605, 265, 615]</P>
    <P Name="ZOrder">292</P>
    <P Name="NameLocation">top</P>
    <P Name="ShowName">off</P>
  </Block>
  <Block BlockType="Terminator" Name="Terminator6" SID="616">
    <P Name="Position">[255, 620, 265, 630]</P>
    <P Name="ZOrder">293</P>
    <P Name="NameLocation">top</P>
    <P Name="ShowName">off</P>
  </Block>
  <Block BlockType="Constant" Name="xValue" SID="583">
    <P Name="Position">[565, 590, 595, 620]</P>
    <P Name="ZOrder">281</P>
    <P Name="Value">0</P>
  </Block>
  <Block BlockType="Constant" Name="yValue" SID="453">
    <P Name="Position">[565, 660, 595, 690]</P>
    <P Name="ZOrder">44</P>
    <P Name="Value">0</P>
  </Block>
  <Block BlockType="Constant" Name="zValue" SID="452">
    <P Name="Position">[565, 730, 595, 760]</P>
    <P Name="ZOrder">43</P>
    <P Name="Value">-1.1</P>
  </Block>
  <Block BlockType="Outport" Name="UpdatedReferenceCmds" SID="419">
    <P Name="Position">[1155, 193, 1185, 207]</P>
    <P Name="ZOrder">-2</P>
    <P Name="ForegroundColor">red</P>
    <P Name="VectorParamsAs1DForOutWhenUnconnected">off</P>
  </Block>
  <Block BlockType="Outport" Name="land_flag" SID="1964">
    <P Name="Position">[750, 388, 780, 402]</P>
    <P Name="ZOrder">5630</P>
    <P Name="Port">2</P>
  </Block>
  <Line>
    <P Name="ZOrder">1</P>
    <P Name="Src">413#out:1</P>
    <P Name="Dst">419#in:1</P>
  </Line>
  <Line>
    <P Name="ZOrder">2</P>
    <P Name="Src">410#out:1</P>
    <P Name="Points">[41, 0]</P>
    <Branch>
      <P Name="ZOrder">238</P>
      <P Name="Dst">413#in:1</P>
    </Branch>
    <Branch>
      <P Name="ZOrder">147</P>
      <P Name="Points">[0, 180]</P>
      <Branch>
        <P Name="ZOrder">290</P>
        <P Name="Points">[0, 75]</P>
        <P Name="Dst">455#in:1</P>
      </Branch>
      <Branch>
        <P Name="ZOrder">239</P>
        <P Name="Dst">1938#in:1</P>
      </Branch>
    </Branch>
  </Line>
  <Line>
    <P Name="ZOrder">23</P>
    <P Name="Src">453#out:1</P>
    <P Name="Dst">417#in:2</P>
  </Line>
  <Line>
    <P Name="ZOrder">75</P>
    <P Name="Src">412#out:1</P>
    <P Name="Dst">588#in:1</P>
  </Line>
  <Line>
    <P Name="ZOrder">69</P>
    <P Name="Src">583#out:1</P>
    <P Name="Points">[80, 0; 0, 60]</P>
    <P Name="Dst">417#in:1</P>
  </Line>
  <Line>
    <P Name="ZOrder">70</P>
    <P Name="Src">411#out:1</P>
    <P Name="Dst">584#in:1</P>
  </Line>
  <Line>
    <P Name="Name">&lt;X&gt;</P>
    <P Name="ZOrder">78</P>
    <P Name="Labels">[1, 1]</P>
    <P Name="Src">588#out:1</P>
    <P Name="Dst">589#in:1</P>
  </Line>
  <Line>
    <P Name="Name">&lt;Y&gt;</P>
    <P Name="ZOrder">80</P>
    <P Name="Labels">[1, 1]</P>
    <P Name="Src">588#out:2</P>
    <P Name="Dst">591#in:1</P>
  </Line>
  <Line>
    <P Name="Name">&lt;Z&gt;</P>
    <P Name="ZOrder">81</P>
    <P Name="Labels">[1, 1]</P>
    <P Name="Src">588#out:3</P>
    <P Name="Dst">592#in:1</P>
  </Line>
  <Line>
    <P Name="Name">&lt;yaw&gt;</P>
    <P Name="ZOrder">82</P>
    <P Name="Labels">[1, 1]</P>
    <P Name="Src">588#out:4</P>
    <P Name="Dst">593#in:1</P>
  </Line>
  <Line>
    <P Name="Name">&lt;pitch&gt;</P>
    <P Name="ZOrder">95</P>
    <P Name="Labels">[1, 1]</P>
    <P Name="Src">588#out:5</P>
    <P Name="Dst">615#in:1</P>
  </Line>
  <Line>
    <P Name="Name">&lt;roll&gt;</P>
    <P Name="ZOrder">96</P>
    <P Name="Labels">[1, 1]</P>
    <P Name="Src">588#out:6</P>
    <P Name="Dst">616#in:1</P>
  </Line>
  <Line>
    <P Name="ZOrder">171</P>
    <P Name="Src">452#out:1</P>
    <P Name="Points">[80, 0; 0, -60]</P>
    <P Name="Dst">417#in:3</P>
  </Line>
  <Line>
    <P Name="Name">&lt;live_time_ticks&gt;</P>
    <P Name="ZOrder">168</P>
    <P Name="Labels">[0, 0]</P>
    <P Name="Src">455#out:1</P>
    <P Name="Dst">1551#in:1</P>
  </Line>
  <Line>
    <P Name="ZOrder">208</P>
    <P Name="Src">417#out:1</P>
    <P Name="Points">[64, 0; 0, -260]</P>
    <P Name="Dst">1962#in:3</P>
  </Line>
  <Line>
    <P Name="Name">&lt;time_remaining&gt;</P>
    <P Name="ZOrder">280</P>
    <P Name="Labels">[-1, 1]</P>
    <P Name="Src">1938#out:2</P>
    <P Name="Dst">1991#in:2</P>
  </Line>
  <Line>
    <P Name="ZOrder">268</P>
    <P Name="Src">1970#out:2</P>
    <P Name="Dst">1964#in:1</P>
  </Line>
  <Line>
    <P Name="ZOrder">269</P>
    <P Name="Src">1970#out:1</P>
    <P Name="Dst">1962#in:2</P>
  </Line>
  <Line>
    <P Name="ZOrder">200</P>
    <P Name="Src">1963#out:1</P>
    <P Name="Dst">1962#in:1</P>
  </Line>
  <Line>
    <P Name="ZOrder">207</P>
    <P Name="Src">1962#out:1</P>
    <P Name="Dst">1965#in:1</P>
  </Line>
  <Line>
    <P Name="ZOrder">209</P>
    <P Name="Src">1965#out:1</P>
    <P Name="Points">[13, 0; 0, -150]</P>
    <P Name="Dst">413#in:2</P>
  </Line>
  <Line>
    <P Name="ZOrder">265</P>
    <P Name="Src">1966#out:1</P>
    <P Name="Dst">1970#in:2</P>
  </Line>
  <Line>
    <P Name="ZOrder">279</P>
    <P Name="Src">1991#out:1</P>
    <P Name="Points">[23, 0; 0, -15]</P>
    <Branch>
      <P Name="ZOrder">325</P>
      <P Name="Points">[0, -60]</P>
      <P Name="Dst">1963#in:1</P>
    </Branch>
    <Branch>
      <P Name="ZOrder">319</P>
      <P Name="Dst">1970#in:1</P>
    </Branch>
  </Line>
  <Line>
    <P Name="Name">&lt;land_drone&gt;</P>
    <P Name="ZOrder">284</P>
    <P Name="Labels">[0, 0]</P>
    <P Name="Src">1938#out:1</P>
    <P Name="Dst">1991#in:1</P>
  </Line>
  <Annotation SID="612">
    <P Name="Name">Vision-based Data from the
Image Processing System</P>
    <P Name="Position">[134, 681, 287, 803]</P>
    <P Name="InternalMargins">[0, 0, 0, 0]</P>
    <P Name="FixedHeight">on</P>
    <P Name="FixedWidth">on</P>
    <P Name="HorizontalAlignment">left</P>
    <P Name="VerticalAlignment">top</P>
    <P Name="ForegroundColor">[0.956863, 0.980392, 0.921569]</P>
    <P Name="BackgroundColor">[0.956863, 0.980392, 0.921569]</P>
    <P Name="DropShadow">on</P>
    <P Name="AnnotationType">area_annotation</P>
    <P Name="ZOrder">1591</P>
    <P Name="FontSize">12</P>
  </Annotation>
  <Annotation SID="598">
    <P Name="Name">&lt;!DOCTYPE HTML PUBLIC &quot;-//W3C//DTD HTML 4.0//EN&quot; &quot;http://www.w3.org/TR/REC-html40/strict.dtd&quot;&gt;
&lt;html&gt;&lt;head&gt;&lt;meta name=&quot;qrichtext&quot; content=&quot;1&quot; /&gt;&lt;style type=&quot;text/css&quot;&gt;
p, li { white-space: pre-wrap; }
&lt;/style&gt;&lt;/head&gt;&lt;body style=&quot; font-family:&apos;Helvetica&apos;; font-size:10px; font-weight:400; font-style:normal;&quot;&gt;
&lt;p style=&quot; margin-top:0px; margin-bottom:0px; margin-left:0px; margin-right:0px; -qt-block-indent:0; text-indent:0px;&quot;&gt;&lt;span style=&quot; font-size:7px;&quot;&gt;The Minidrone presently takes off to (0,0,-1.1) co-ordinate and stays there.&lt;/span&gt;&lt;/p&gt;&lt;/body&gt;&lt;/html&gt;</P>
    <P Name="Position">[473, 786, 706, 850]</P>
    <P Name="InternalMargins">[0, 0, 0, 0]</P>
    <P Name="FixedHeight">on</P>
    <P Name="FixedWidth">on</P>
    <P Name="HorizontalAlignment">left</P>
    <P Name="VerticalAlignment">top</P>
    <P Name="Interpreter">rich</P>
    <P Name="ZOrder">-1</P>
  </Annotation>
  <Annotation SID="594">
    <P Name="Name">Estimated Values from the 
State Estimator</P>
    <P Name="Position">[129, 487, 288, 658]</P>
    <P Name="InternalMargins">[0, 0, 0, 0]</P>
    <P Name="FixedWidth">on</P>
    <P Name="HorizontalAlignment">left</P>
    <P Name="VerticalAlignment">top</P>
    <P Name="ForegroundColor">[1.000000, 0.870588, 0.756863]</P>
    <P Name="BackgroundColor">[1.000000, 0.870588, 0.756863]</P>
    <P Name="DropShadow">on</P>
    <P Name="AnnotationType">area_annotation</P>
    <P Name="ZOrder">1589</P>
    <P Name="FontSize">12</P>
  </Annotation>
  <Annotation SID="585">
    <P Name="Name">Update the pos_ref (X,Y, Z) position co-ordinates</P>
    <P Name="Position">[454, 525, 725, 777]</P>
    <P Name="InternalMargins">[0, 0, 0, 0]</P>
    <P Name="FixedHeight">on</P>
    <P Name="FixedWidth">on</P>
    <P Name="HorizontalAlignment">left</P>
    <P Name="VerticalAlignment">top</P>
    <P Name="ForegroundColor">[1.000000, 0.870588, 0.756863]</P>
    <P Name="BackgroundColor">[1.000000, 0.870588, 0.756863]</P>
    <P Name="DropShadow">on</P>
    <P Name="AnnotationType">area_annotation</P>
    <P Name="ZOrder">1590</P>
    <P Name="FontSize">12</P>
  </Annotation>
  <Annotation SID="1968">
    <P Name="Name">This subsystem contains the logic to land the drone. The drone starts landing if the land_drone
 flag is set by clicking on the  &quot;Land&quot; button on the Parrot_FlightInterface. The drone also starts 
landing, if the &quot;time_remaining&quot; is less than 5s.</P>
    <P Name="Position">[302, 233, 812, 436]</P>
    <P Name="InternalMargins">[0, 0, 0, 0]</P>
    <P Name="FixedHeight">on</P>
    <P Name="FixedWidth">on</P>
    <P Name="HorizontalAlignment">left</P>
    <P Name="VerticalAlignment">top</P>
    <P Name="ForegroundColor">[1.000000, 0.870588, 0.756863]</P>
    <P Name="BackgroundColor">[1.000000, 0.870588, 0.756863]</P>
    <P Name="DropShadow">on</P>
    <P Name="AnnotationType">area_annotation</P>
    <P Name="ZOrder">1588</P>
    <P Name="FontSize">12</P>
  </Annotation>
</System>
