<?xml version="1.0" encoding="utf-8"?>
<System>
  <P Name="Location">[223, 338, 826, 833]</P>
  <P Name="SystemRect">[0.000000, 0.000000, 0.000000, 0.000000]</P>
  <P Name="SetExecutionDomain">off</P>
  <P Name="ExecutionDomainType">Deduce</P>
  <P Name="SIDHighWatermark">25</P>
  <P Name="SimulinkSubDomain">Simulink</P>
  <Block BlockType="Inport" Name="e" SID="3137::25">
    <P Name="Position">[20, 101, 40, 119]</P>
    <P Name="ZOrder">16</P>
  </Block>
  <Block BlockType="Demux" Name=" Demux " SID="3137::20">
    <P Name="Ports">[1, 1]</P>
    <P Name="Position">[270, 230, 320, 270]</P>
    <P Name="ZOrder">11</P>
    <P Name="Outputs">1</P>
  </Block>
  <Block BlockType="S-Function" Name=" SFunction " SID="3137::19">
    <P Name="Tag">Stateflow S-Function 4</P>
    <P Name="Ports">[1, 2]</P>
    <P Name="Position">[180, 110, 230, 170]</P>
    <P Name="ZOrder">10</P>
    <P Name="FunctionName">sf_sfun</P>
    <P Name="PortCounts">[1 2]</P>
    <P Name="SFunctionDeploymentMode">off</P>
    <P Name="EnableBusSupport">on</P>
    <P Name="SFcnIsStateOwnerBlock">off</P>
    <Port>
      <P Name="PortNumber">2</P>
      <P Name="Name">z</P>
    </Port>
  </Block>
  <Block BlockType="Terminator" Name=" Terminator " SID="3137::21">
    <P Name="Position">[460, 241, 480, 259]</P>
    <P Name="ZOrder">12</P>
  </Block>
  <Block BlockType="Outport" Name="z" SID="3137::5">
    <P Name="Position">[460, 101, 480, 119]</P>
    <P Name="ZOrder">-5</P>
  </Block>
  <Line>
    <P Name="ZOrder">79</P>
    <P Name="Src">3137::25#out:1</P>
    <P Name="Dst">3137::19#in:1</P>
  </Line>
  <Line>
    <P Name="Name">z</P>
    <P Name="ZOrder">80</P>
    <P Name="Labels">[0, 0]</P>
    <P Name="Src">3137::19#out:2</P>
    <P Name="Dst">3137::5#in:1</P>
  </Line>
  <Line>
    <P Name="ZOrder">81</P>
    <P Name="Src">3137::20#out:1</P>
    <P Name="Dst">3137::21#in:1</P>
  </Line>
  <Line>
    <P Name="ZOrder">82</P>
    <P Name="Src">3137::19#out:1</P>
    <P Name="Dst">3137::20#in:1</P>
  </Line>
</System>
