<?xml version="1.0" encoding="utf-8"?>
<System>
  <P Name="Location">[30, 30, 1030, 770]</P>
  <P Name="SystemRect">[0.000000, 0.000000, 0.000000, 0.000000]</P>
  <P Name="SetExecutionDomain">off</P>
  <P Name="ExecutionDomainType">Deduce</P>
  <P Name="SimulinkSubDomain">Simulink</P>
  <Block BlockType="Inport" Name="Land Flag" SID="1992">
    <P Name="Position">[-345, -7, -315, 7]</P>
    <P Name="ZOrder">11</P>
  </Block>
  <Block BlockType="Inport" Name="Time remaining" SID="1993">
    <P Name="Position">[-345, -67, -315, -53]</P>
    <P Name="ZOrder">275</P>
    <P Name="Port">2</P>
  </Block>
  <Block BlockType="Reference" Name="Compare with &#xA;Stop time" SID="1995">
    <P Name="Ports">[1, 1]</P>
    <P Name="Position">[-270, -75, -240, -45]</P>
    <P Name="ZOrder">276</P>
    <P Name="LibraryVersion">1.488</P>
    <P Name="SourceBlock">simulink/Logic and Bit
Operations/Compare
To Constant</P>
    <P Name="SourceType">Compare To Constant</P>
    <P Name="SourceProductBaseCode">SL</P>
    <InstanceData>
      <P Name="RTWMemSecFuncInitTerm">Inherit from model</P>
      <P Name="RTWMemSecFuncExecute">Inherit from model</P>
      <P Name="RTWMemSecDataConstants">Inherit from model</P>
      <P Name="RTWMemSecDataInternal">Inherit from model</P>
      <P Name="RTWMemSecDataParameters">Inherit from model</P>
      <P Name="ContentPreviewEnabled">on</P>
      <P Name="relop">&lt;=</P>
      <P Name="const">5</P>
      <P Name="OutDataTypeStr">boolean</P>
      <P Name="ZeroCross">on</P>
    </InstanceData>
  </Block>
  <Block BlockType="Logic" Name="OR" SID="1996">
    <P Name="Ports">[2, 1]</P>
    <P Name="Position">[-185, -31, -145, 11]</P>
    <P Name="ZOrder">271</P>
    <P Name="Operator">OR</P>
    <P Name="IconShape">distinctive</P>
    <P Name="AllPortsSameDT">off</P>
    <P Name="OutDataTypeStr">boolean</P>
  </Block>
  <Block BlockType="Outport" Name="Land" SID="1997">
    <P Name="Position">[-25, -17, 5, -3]</P>
    <P Name="ZOrder">278</P>
  </Block>
  <Line>
    <P Name="ZOrder">1</P>
    <P Name="Src">1995#out:1</P>
    <P Name="Points">[19, 0; 0, 40]</P>
    <P Name="Dst">1996#in:1</P>
  </Line>
  <Line>
    <P Name="ZOrder">2</P>
    <P Name="Src">1993#out:1</P>
    <P Name="Dst">1995#in:1</P>
  </Line>
  <Line>
    <P Name="ZOrder">6</P>
    <P Name="Src">1992#out:1</P>
    <P Name="Dst">1996#in:2</P>
  </Line>
  <Line>
    <P Name="ZOrder">4</P>
    <P Name="Src">1996#out:1</P>
    <P Name="Dst">1997#in:1</P>
  </Line>
</System>
