<?xml version="1.0" encoding="utf-8"?>
<System>
  <P Name="Location">[-5, 6, 1256, 759]</P>
  <P Name="SystemRect">[0.000000, 0.000000, 0.000000, 0.000000]</P>
  <P Name="SetExecutionDomain">off</P>
  <P Name="ExecutionDomainType">Deduce</P>
  <P Name="ZoomFactor">101</P>
  <P Name="SimulinkSubDomain">Simulink</P>
  <Block BlockType="Inport" Name="Image Data" SID="353">
    <P Name="Position">[465, 183, 495, 197]</P>
    <P Name="ZOrder">5688</P>
  </Block>
  <Block BlockType="Constant" Name="Constant" SID="1526">
    <P Name="Position">[1365, 175, 1395, 205]</P>
    <P Name="ZOrder">5827</P>
    <P Name="Value">0</P>
  </Block>
  <Block BlockType="Reference" Name="PARROT Image Conversion" SID="1064">
    <P Name="Ports">[1, 3]</P>
    <P Name="Position">[615, 160, 735, 220]</P>
    <P Name="ZOrder">5822</P>
    <P Name="LibraryVersion">4.0</P>
    <P Name="SourceBlock">parrotlib/PARROT Image Conversion</P>
    <P Name="SourceType">parrot.ImageProcess</P>
    <P Name="SourceProductBaseCode">MINIDRONES</P>
    <InstanceData>
      <P Name="ImageFormat">RGB</P>
      <P Name="R">on</P>
      <P Name="Y">on</P>
      <P Name="G">on</P>
      <P Name="U">on</P>
      <P Name="B">on</P>
      <P Name="V">on</P>
    </InstanceData>
  </Block>
  <Block BlockType="Terminator" Name="Terminator" SID="1527">
    <P Name="Position">[815, 160, 835, 180]</P>
    <P Name="ZOrder">5828</P>
    <P Name="NameLocation">top</P>
    <P Name="ShowName">off</P>
  </Block>
  <Block BlockType="Terminator" Name="Terminator1" SID="1528">
    <P Name="Position">[815, 180, 835, 200]</P>
    <P Name="ZOrder">5829</P>
    <P Name="NameLocation">top</P>
    <P Name="ShowName">off</P>
  </Block>
  <Block BlockType="Terminator" Name="Terminator2" SID="1529">
    <P Name="Position">[815, 200, 835, 220]</P>
    <P Name="ZOrder">5830</P>
    <P Name="NameLocation">top</P>
    <P Name="ShowName">off</P>
  </Block>
  <Block BlockType="Outport" Name="Vision-based Data" SID="401">
    <P Name="Position">[1535, 183, 1565, 197]</P>
    <P Name="ZOrder">5692</P>
    <P Name="VectorParamsAs1DForOutWhenUnconnected">off</P>
  </Block>
  <Line>
    <P Name="ZOrder">429</P>
    <P Name="Src">1064#out:1</P>
    <P Name="Dst">1527#in:1</P>
  </Line>
  <Line>
    <P Name="ZOrder">427</P>
    <P Name="Src">353#out:1</P>
    <P Name="Dst">1064#in:1</P>
  </Line>
  <Line>
    <P Name="ZOrder">442</P>
    <P Name="Src">1064#out:3</P>
    <P Name="Dst">1529#in:1</P>
  </Line>
  <Line>
    <P Name="ZOrder">446</P>
    <P Name="Src">1064#out:2</P>
    <P Name="Dst">1528#in:1</P>
  </Line>
  <Line>
    <P Name="ZOrder">465</P>
    <P Name="Src">1526#out:1</P>
    <P Name="Dst">401#in:1</P>
  </Line>
  <Annotation SID="1549">
    <P Name="Name">&lt;!DOCTYPE HTML PUBLIC &quot;-//W3C//DTD HTML 4.0//EN&quot; &quot;http://www.w3.org/TR/REC-html40/strict.dtd&quot;&gt;
&lt;html&gt;&lt;head&gt;&lt;meta name=&quot;qrichtext&quot; content=&quot;1&quot; /&gt;&lt;style type=&quot;text/css&quot;&gt;
p, li { white-space: pre-wrap; }
&lt;/style&gt;&lt;/head&gt;&lt;body style=&quot; font-family:&apos;Helvetica&apos;; font-size:10px; font-weight:400; font-style:normal;&quot;&gt;
&lt;p style=&quot; margin-top:0px; margin-bottom:0px; margin-left:0px; margin-right:0px; -qt-block-indent:0; text-indent:0px; line-height:100%;&quot;&gt;&lt;span style=&quot; font-family:&apos;Arial&apos;; font-size:11px; font-weight:600; color:#000000;&quot;&gt;Note: &lt;/span&gt;&lt;/p&gt;
&lt;p style=&quot;-qt-paragraph-type:empty; margin-top:0px; margin-bottom:0px; margin-left:0px; margin-right:0px; -qt-block-indent:0; text-indent:0px; line-height:100%; font-family:&apos;Arial&apos;; font-size:11px; font-weight:600; color:#000000;&quot;&gt;&lt;br /&gt;&lt;/p&gt;
&lt;p style=&quot; margin-top:0px; margin-bottom:0px; margin-left:0px; margin-right:0px; -qt-block-indent:0; text-indent:0px; line-height:100%;&quot;&gt;&lt;span style=&quot; font-family:&apos;Arial&apos;; font-size:12px; color:#000000;&quot;&gt;The PARROT Image Conversion block takes the raw Y1UY2V data provided by the drone&apos;s downward-facing camera, and converts the color space to the desired RGB or YUV output.&lt;/span&gt;&lt;/p&gt;
&lt;p style=&quot;-qt-paragraph-type:empty; margin-top:0px; margin-bottom:0px; margin-left:0px; margin-right:0px; -qt-block-indent:0; text-indent:0px; line-height:100%; font-family:&apos;Arial&apos;; font-size:11px; font-weight:600; color:#000000;&quot;&gt;&lt;br /&gt;&lt;/p&gt;
&lt;p style=&quot;-qt-paragraph-type:empty; margin-top:0px; margin-bottom:12px; margin-left:0px; margin-right:0px; -qt-block-indent:0; text-indent:0px; line-height:100%; font-family:&apos;Arial&apos;; font-size:11px; color:#000000;&quot;&gt;&lt;br /&gt;&lt;/p&gt;
&lt;p style=&quot;-qt-paragraph-type:empty; margin-top:0px; margin-bottom:12px; margin-left:12px; margin-right:0px; -qt-block-indent:1; text-indent:0px; line-height:100%; font-family:&apos;Arial&apos;; font-size:11px; color:#000000;&quot;&gt;&lt;br /&gt;&lt;/p&gt;&lt;/body&gt;&lt;/html&gt;</P>
    <P Name="Position">[558, 26, 820, 143]</P>
    <P Name="InternalMargins">[10, 10, 10, 10]</P>
    <P Name="FixedHeight">on</P>
    <P Name="FixedWidth">on</P>
    <P Name="HorizontalAlignment">left</P>
    <P Name="VerticalAlignment">top</P>
    <P Name="DropShadow">on</P>
    <P Name="Interpreter">rich</P>
    <P Name="ZOrder">-1</P>
  </Annotation>
  <Annotation SID="1550">
    <P Name="Name">&lt;!DOCTYPE HTML PUBLIC &quot;-//W3C//DTD HTML 4.0//EN&quot; &quot;http://www.w3.org/TR/REC-html40/strict.dtd&quot;&gt;
&lt;html&gt;&lt;head&gt;&lt;meta name=&quot;qrichtext&quot; content=&quot;1&quot; /&gt;&lt;style type=&quot;text/css&quot;&gt;
p, li { white-space: pre-wrap; }
&lt;/style&gt;&lt;/head&gt;&lt;body style=&quot; font-family:&apos;Helvetica&apos;; font-size:10px; font-weight:400; font-style:normal;&quot;&gt;
&lt;p style=&quot; margin-top:0px; margin-bottom:0px; margin-left:0px; margin-right:0px; -qt-block-indent:0; text-indent:0px; line-height:100%;&quot;&gt;&lt;span style=&quot; font-family:&apos;Arial&apos;; font-size:11px; font-weight:600; color:#000000;&quot;&gt;Note: &lt;/span&gt;&lt;/p&gt;
&lt;p style=&quot;-qt-paragraph-type:empty; margin-top:0px; margin-bottom:0px; margin-left:0px; margin-right:0px; -qt-block-indent:0; text-indent:0px; line-height:100%; font-family:&apos;Arial&apos;; font-size:11px; font-weight:600; color:#000000;&quot;&gt;&lt;br /&gt;&lt;/p&gt;
&lt;p style=&quot; margin-top:0px; margin-bottom:0px; margin-left:0px; margin-right:0px; -qt-block-indent:0; text-indent:0px; line-height:100%;&quot;&gt;&lt;span style=&quot; font-family:&apos;Arial&apos;; font-size:11px; color:#000000;&quot;&gt;Develop the image processing algorithm and use  the &apos;Vision-based Data&apos; outport to send the processed data to the Flight Control System. The output data can be of any type and size (Try to avoid large data transfers).&lt;/span&gt;&lt;/p&gt;
&lt;p style=&quot;-qt-paragraph-type:empty; margin-top:0px; margin-bottom:0px; margin-left:0px; margin-right:0px; -qt-block-indent:0; text-indent:0px; line-height:100%;&quot;&gt;&lt;br /&gt;&lt;/p&gt;
&lt;p style=&quot;-qt-paragraph-type:empty; margin-top:0px; margin-bottom:0px; margin-left:0px; margin-right:0px; -qt-block-indent:0; text-indent:0px; line-height:100%; font-family:&apos;Arial&apos;; font-size:11px; font-weight:600; color:#000000;&quot;&gt;&lt;br /&gt;&lt;/p&gt;
&lt;p style=&quot;-qt-paragraph-type:empty; margin-top:0px; margin-bottom:12px; margin-left:0px; margin-right:0px; -qt-block-indent:0; text-indent:0px; line-height:100%; font-family:&apos;Arial&apos;; font-size:11px; color:#000000;&quot;&gt;&lt;br /&gt;&lt;/p&gt;
&lt;p style=&quot;-qt-paragraph-type:empty; margin-top:0px; margin-bottom:12px; margin-left:12px; margin-right:0px; -qt-block-indent:1; text-indent:0px; line-height:100%; font-family:&apos;Arial&apos;; font-size:11px; color:#000000;&quot;&gt;&lt;br /&gt;&lt;/p&gt;&lt;/body&gt;&lt;/html&gt;</P>
    <P Name="Position">[1355, 26, 1617, 143]</P>
    <P Name="InternalMargins">[10, 10, 10, 10]</P>
    <P Name="FixedHeight">on</P>
    <P Name="FixedWidth">on</P>
    <P Name="HorizontalAlignment">left</P>
    <P Name="VerticalAlignment">top</P>
    <P Name="DropShadow">on</P>
    <P Name="Interpreter">rich</P>
    <P Name="ZOrder">-2</P>
  </Annotation>
</System>
