<?xml version="1.0" encoding="utf-8"?>
<System>
  <P Name="Location">[791, 236, 1761, 971]</P>
  <P Name="SystemRect">[0.000000, 0.000000, 0.000000, 0.000000]</P>
  <P Name="SetExecutionDomain">off</P>
  <P Name="ExecutionDomainType">Deduce</P>
  <P Name="ZoomFactor">76</P>
  <P Name="SimulinkSubDomain">Simulink</P>
  <Block BlockType="Inport" Name="sensorIMU_datin" SID="1618">
    <P Name="Position">[195, 213, 225, 227]</P>
    <P Name="ZOrder">266</P>
  </Block>
  <Block BlockType="Inport" Name="altSonar_datin" SID="1619">
    <P Name="Position">[155, 288, 185, 302]</P>
    <P Name="ZOrder">271</P>
    <P Name="Port">2</P>
  </Block>
  <Block BlockType="Inport" Name="prsDelta_datin" SID="1620">
    <P Name="Position">[155, 358, 185, 372]</P>
    <P Name="ZOrder">548</P>
    <P Name="Port">3</P>
  </Block>
  <Block BlockType="Inport" Name="dxy_estimin" SID="1621">
    <P Name="Position">[800, 208, 830, 222]</P>
    <P Name="ZOrder">579</P>
    <P Name="Port">4</P>
  </Block>
  <Block BlockType="Inport" Name="orient_estimin" SID="1622">
    <P Name="Position">[30, 138, 60, 152]</P>
    <P Name="ZOrder">265</P>
    <P Name="Port">5</P>
  </Block>
  <Block BlockType="BusSelector" Name="Bus&#xA;Selector2" SID="1623">
    <P Name="Ports">[1, 3]</P>
    <P Name="Position">[285, 187, 290, 253]</P>
    <P Name="ZOrder">1037</P>
    <P Name="ShowName">off</P>
    <P Name="OutputSignals">ddx,ddy,ddz</P>
    <Port>
      <P Name="PortNumber">1</P>
      <P Name="Name">&lt;ddx&gt;</P>
    </Port>
    <Port>
      <P Name="PortNumber">2</P>
      <P Name="Name">&lt;ddy&gt;</P>
    </Port>
    <Port>
      <P Name="PortNumber">3</P>
      <P Name="Name">&lt;ddz&gt;</P>
    </Port>
  </Block>
  <Block BlockType="DataTypeConversion" Name="Data Type Conversion" SID="1624">
    <P Name="Position">[960, 288, 1000, 312]</P>
    <P Name="ZOrder">1039</P>
    <P Name="ShowName">off</P>
    <P Name="OutDataTypeStr">single</P>
    <P Name="RndMeth">Floor</P>
  </Block>
  <Block BlockType="DataTypeConversion" Name="Data Type Conversion1" SID="1625">
    <P Name="Position">[850, 205, 895, 225]</P>
    <P Name="ZOrder">1040</P>
    <P Name="ShowName">off</P>
    <P Name="OutDataTypeStr">double</P>
    <P Name="RndMeth">Floor</P>
  </Block>
  <Block BlockType="DataTypeConversion" Name="Data Type Conversion2" SID="1626">
    <P Name="Position">[1075, 213, 1115, 237]</P>
    <P Name="ZOrder">1131</P>
    <P Name="ShowName">off</P>
    <P Name="OutDataTypeStr">single</P>
    <P Name="RndMeth">Floor</P>
  </Block>
  <Block BlockType="Delay" Name="Delay2" SID="1627">
    <P Name="Ports">[1, 1]</P>
    <P Name="Position">[370, 493, 405, 527]</P>
    <P Name="ZOrder">562</P>
    <P Name="BlockMirror">on</P>
    <P Name="NameLocation">top</P>
    <P Name="ShowName">off</P>
    <P Name="InputPortMap">u0</P>
    <P Name="DelayLength">1</P>
    <P Name="InitialCondition">0</P>
  </Block>
  <Block BlockType="Demux" Name="Demux" SID="1628">
    <P Name="Ports">[1, 2]</P>
    <P Name="Position">[850, 291, 855, 329]</P>
    <P Name="ZOrder">463</P>
    <P Name="ShowName">off</P>
    <P Name="Outputs">2</P>
    <Port>
      <P Name="PortNumber">1</P>
      <P Name="Name">Z</P>
    </Port>
  </Block>
  <Block BlockType="Reference" Name="KalmanFilter_altitude" SID="1629">
    <P Name="Ports">[4, 1]</P>
    <P Name="Position">[700, 249, 795, 371]</P>
    <P Name="ZOrder">461</P>
    <P Name="LibraryVersion">3.0</P>
    <P Name="SourceBlock">ctrlSharedLib/Kalman Filter</P>
    <P Name="SourceType">ctrlKalmanFilter</P>
    <P Name="SourceProductBaseCode">CT,ID</P>
    <InstanceData>
      <P Name="RTWMemSecFuncInitTerm">Inherit from model</P>
      <P Name="RTWMemSecFuncExecute">Inherit from model</P>
      <P Name="RTWMemSecDataConstants">Inherit from model</P>
      <P Name="RTWMemSecDataInternal">Inherit from model</P>
      <P Name="RTWMemSecDataParameters">Inherit from model</P>
      <P Name="ContentPreviewEnabled">off</P>
      <P Name="TimeDomain">Discrete-Time</P>
      <P Name="UseCurrentEstimator">on</P>
      <P Name="ModelSource">Individual A, B, C, D matrices</P>
      <P Name="ModelSourceVariable">sys</P>
      <P Name="A">[1 Ts; 0 1]</P>
      <P Name="B">[0;Ts]</P>
      <P Name="C">[1 0]</P>
      <P Name="D">[0]</P>
      <P Name="NumberOfStates">2</P>
      <P Name="NumberOfInputs">2</P>
      <P Name="NumberOfOutputs">2</P>
      <P Name="InitialEstimateSource">Dialog</P>
      <P Name="X0">[init.posNED(3) 0]</P>
      <P Name="P0">10</P>
      <P Name="UseK">off</P>
      <P Name="UseGH">on</P>
      <P Name="NumberOfProcessNoiseInputs">2</P>
      <P Name="G">Estimator.alt.kf.G</P>
      <P Name="TimeInvariantG">on</P>
      <P Name="H">Estimator.alt.kf.H</P>
      <P Name="TimeInvariantH">on</P>
      <P Name="Q">Estimator.alt.kf.Q</P>
      <P Name="TimeInvariantQ">on</P>
      <P Name="R">Estimator.alt.kf.R</P>
      <P Name="TimeInvariantR">on</P>
      <P Name="N">Estimator.alt.kf.N</P>
      <P Name="TimeInvariantN">on</P>
      <P Name="AddInputPort">on</P>
      <P Name="AddEnablePort">on</P>
      <P Name="ExternalReset">Level hold</P>
      <P Name="OutputEstimatedY">off</P>
      <P Name="OutputP">off</P>
      <P Name="Ts">-1</P>
    </InstanceData>
  </Block>
  <Block BlockType="Math" Name="Math&#xA;Function" SID="1630">
    <P Name="Ports">[1, 1]</P>
    <P Name="Position">[245, 150, 275, 180]</P>
    <P Name="ZOrder">1280</P>
    <P Name="ShowName">off</P>
    <P Name="Operator">transpose</P>
    <P Name="SignedPower">on</P>
  </Block>
  <Block BlockType="Mux" Name="Mux" SID="1631">
    <P Name="Ports">[2, 1]</P>
    <P Name="Position">[915, 200, 920, 255]</P>
    <P Name="ZOrder">465</P>
    <P Name="ShowName">off</P>
    <P Name="Inputs">2</P>
    <P Name="DisplayOption">bar</P>
  </Block>
  <Block BlockType="Mux" Name="Mux2" SID="1632">
    <P Name="Ports">[3, 1]</P>
    <P Name="Position">[335, 193, 340, 247]</P>
    <P Name="ZOrder">1038</P>
    <P Name="ShowName">off</P>
    <P Name="Inputs">3</P>
    <P Name="DisplayOption">bar</P>
  </Block>
  <Block BlockType="SubSystem" Name="OutlierHandling" SID="1633">
    <P Name="Ports">[3, 2]</P>
    <P Name="Position">[375, 340, 590, 390]</P>
    <P Name="ZOrder">578</P>
    <P Name="RequestExecContextInheritance">off</P>
    <System Ref="system_1633"/>
  </Block>
  <Block BlockType="Product" Name="Product" SID="1654">
    <P Name="Ports">[2, 1]</P>
    <P Name="Position">[380, 136, 420, 249]</P>
    <P Name="ZOrder">1043</P>
    <P Name="ShowName">off</P>
    <P Name="Multiplication">Matrix(*)</P>
  </Block>
  <Block BlockType="Product" Name="Product1" SID="1655">
    <P Name="Ports">[2, 1]</P>
    <P Name="Position">[950, 206, 995, 239]</P>
    <P Name="ZOrder">1044</P>
    <P Name="ShowName">off</P>
    <P Name="Multiplication">Matrix(*)</P>
  </Block>
  <Block BlockType="Reference" Name="Rotation Angles to&#xA;Direction Cosine Matrix" SID="1656">
    <P Name="Ports">[1, 1]</P>
    <P Name="Position">[95, 124, 195, 166]</P>
    <P Name="ZOrder">1042</P>
    <P Name="BackgroundColor">[1.000000, 0.501961, 0.501961]</P>
    <P Name="ShowName">off</P>
    <P Name="AttributesFormatString">Rotation Order: %&lt;rotationOrder&gt;</P>
    <P Name="LibraryVersion">6.0</P>
    <P Name="SourceBlock">sharedtransform/Rotation Angles to
Direction Cosine Matrix</P>
    <P Name="SourceType">Ang2DCM</P>
    <P Name="SourceProductBaseCode">AE,PW,DR,MT,UV,VE</P>
    <InstanceData>
      <P Name="RTWMemSecFuncInitTerm">Inherit from model</P>
      <P Name="RTWMemSecFuncExecute">Inherit from model</P>
      <P Name="RTWMemSecDataConstants">Inherit from model</P>
      <P Name="RTWMemSecDataInternal">Inherit from model</P>
      <P Name="RTWMemSecDataParameters">Inherit from model</P>
      <P Name="ContentPreviewEnabled">off</P>
      <P Name="rotationOrder">ZYX</P>
      <P Name="aMode">aMode</P>
    </InstanceData>
  </Block>
  <Block BlockType="Selector" Name="Selector4" SID="1657">
    <P Name="Ports">[1, 1]</P>
    <P Name="Position">[1010, 206, 1050, 244]</P>
    <P Name="ZOrder">468</P>
    <P Name="ShowName">off</P>
    <P Name="InputPortWidth">3</P>
    <P Name="IndexOptions">Index vector (dialog)</P>
    <P Name="Indices">[3]</P>
    <P Name="OutputSizes">1</P>
    <Port>
      <P Name="PortNumber">1</P>
      <P Name="Name">dz</P>
    </Port>
  </Block>
  <Block BlockType="Selector" Name="Selector5" SID="1658">
    <P Name="Ports">[1, 1]</P>
    <P Name="Position">[550, 196, 590, 234]</P>
    <P Name="ZOrder">469</P>
    <P Name="ShowName">off</P>
    <P Name="InputPortWidth">3</P>
    <P Name="IndexOptions">Index vector (dialog)</P>
    <P Name="Indices">[3]</P>
    <P Name="OutputSizes">1</P>
    <Port>
      <P Name="PortNumber">1</P>
      <P Name="Name">ddZ</P>
    </Port>
  </Block>
  <Block BlockType="Sum" Name="Sum" SID="1659">
    <P Name="Ports">[2, 1]</P>
    <P Name="Position">[490, 205, 510, 225]</P>
    <P Name="ZOrder">274</P>
    <P Name="ShowName">off</P>
    <P Name="Inputs">|++</P>
  </Block>
  <Block BlockType="Constant" Name="gravity" SID="1660">
    <P Name="Position">[440, 237, 490, 253]</P>
    <P Name="ZOrder">275</P>
    <P Name="Value">[0 0 g]</P>
  </Block>
  <Block BlockType="Gain" Name="invertzaxisGain" SID="1661">
    <P Name="Position">[235, 280, 265, 310]</P>
    <P Name="ZOrder">462</P>
    <P Name="ShowName">off</P>
    <P Name="Gain">-1</P>
    <P Name="ParamDataTypeStr">single</P>
    <P Name="OutDataTypeStr">double</P>
  </Block>
  <Block BlockType="Reference" Name="outlierBelowFloor" SID="1662">
    <P Name="Ports">[1, 1]</P>
    <P Name="Position">[440, 420, 470, 450]</P>
    <P Name="ZOrder">547</P>
    <P Name="LibraryVersion">1.488</P>
    <P Name="SourceBlock">simulink/Logic and Bit
Operations/Compare
To Constant</P>
    <P Name="SourceType">Compare To Constant</P>
    <P Name="SourceProductBaseCode">SL</P>
    <InstanceData>
      <P Name="RTWMemSecFuncInitTerm">Inherit from model</P>
      <P Name="RTWMemSecFuncExecute">Inherit from model</P>
      <P Name="RTWMemSecDataConstants">Inherit from model</P>
      <P Name="RTWMemSecDataInternal">Inherit from model</P>
      <P Name="RTWMemSecDataParameters">Inherit from model</P>
      <P Name="ContentPreviewEnabled">off</P>
      <P Name="relop">&gt;</P>
      <P Name="const">0</P>
      <P Name="OutDataTypeStr">boolean</P>
      <P Name="ZeroCross">on</P>
    </InstanceData>
  </Block>
  <Block BlockType="Gain" Name="prsToAltGain" SID="1663">
    <P Name="Position">[220, 352, 275, 378]</P>
    <P Name="ZOrder">554</P>
    <P Name="Gain">1/Sensors.altToPrsGain </P>
    <Port>
      <P Name="PortNumber">1</P>
      <P Name="Name">altfrompress</P>
    </Port>
  </Block>
  <Block BlockType="Outport" Name="dz_estimout" SID="1664">
    <P Name="Position">[1135, 218, 1165, 232]</P>
    <P Name="ZOrder">267</P>
    <P Name="VectorParamsAs1DForOutWhenUnconnected">off</P>
  </Block>
  <Block BlockType="Outport" Name="Z_estimout" SID="1665">
    <P Name="Position">[1015, 293, 1045, 307]</P>
    <P Name="ZOrder">268</P>
    <P Name="Port">2</P>
    <P Name="VectorParamsAs1DForOutWhenUnconnected">off</P>
  </Block>
  <Block BlockType="Outport" Name="Alt_prs" SID="1710">
    <P Name="Position">[620, 373, 650, 387]</P>
    <P Name="ZOrder">1281</P>
    <P Name="Port">3</P>
    <P Name="VectorParamsAs1DForOutWhenUnconnected">off</P>
  </Block>
  <Line>
    <P Name="ZOrder">1</P>
    <P Name="Src">1632#out:1</P>
    <P Name="Dst">1654#in:2</P>
  </Line>
  <Line>
    <P Name="ZOrder">2</P>
    <P Name="Src">1618#out:1</P>
    <P Name="Dst">1623#in:1</P>
  </Line>
  <Line>
    <P Name="Name">&lt;ddz&gt;</P>
    <P Name="ZOrder">3</P>
    <P Name="Labels">[0, 0]</P>
    <P Name="Src">1623#out:3</P>
    <P Name="Dst">1632#in:3</P>
  </Line>
  <Line>
    <P Name="Name">&lt;ddy&gt;</P>
    <P Name="ZOrder">4</P>
    <P Name="Labels">[0, 0]</P>
    <P Name="Src">1623#out:2</P>
    <P Name="Dst">1632#in:2</P>
  </Line>
  <Line>
    <P Name="Name">&lt;ddx&gt;</P>
    <P Name="ZOrder">5</P>
    <P Name="Labels">[0, 0]</P>
    <P Name="Src">1623#out:1</P>
    <P Name="Dst">1632#in:1</P>
  </Line>
  <Line>
    <P Name="ZOrder">6</P>
    <P Name="Src">1655#out:1</P>
    <P Name="Dst">1657#in:1</P>
  </Line>
  <Line>
    <P Name="ZOrder">7</P>
    <P Name="Src">1621#out:1</P>
    <P Name="Dst">1625#in:1</P>
  </Line>
  <Line>
    <P Name="ZOrder">8</P>
    <P Name="Src">1627#out:1</P>
    <P Name="Points">[-14, 0; 0, -75]</P>
    <Branch>
      <P Name="ZOrder">9</P>
      <P Name="Points">[0, -55]</P>
      <P Name="Dst">1633#in:3</P>
    </Branch>
    <Branch>
      <P Name="ZOrder">10</P>
      <P Name="Dst">1662#in:1</P>
    </Branch>
  </Line>
  <Line>
    <P Name="Name">altfrompress</P>
    <P Name="ZOrder">11</P>
    <P Name="Labels">[1, 1]</P>
    <P Name="Src">1663#out:1</P>
    <P Name="Dst">1633#in:2</P>
  </Line>
  <Line>
    <P Name="ZOrder">12</P>
    <P Name="Src">1620#out:1</P>
    <P Name="Dst">1663#in:1</P>
  </Line>
  <Line>
    <P Name="ZOrder">13</P>
    <P Name="Src">1662#out:1</P>
    <P Name="Points">[205, 0; 0, -80]</P>
    <P Name="Dst">1629#in:4</P>
  </Line>
  <Line>
    <P Name="ZOrder">14</P>
    <P Name="Src">1628#out:2</P>
    <P Name="Points">[25, 0; 0, -80]</P>
    <P Name="Dst">1631#in:2</P>
  </Line>
  <Line>
    <P Name="Name">dz</P>
    <P Name="ZOrder">15</P>
    <P Name="Labels">[0, 0]</P>
    <P Name="Src">1657#out:1</P>
    <P Name="Dst">1626#in:1</P>
  </Line>
  <Line>
    <P Name="Name">Z</P>
    <P Name="ZOrder">16</P>
    <P Name="Labels">[0, 0]</P>
    <P Name="Src">1628#out:1</P>
    <P Name="Points">[37, 0]</P>
    <Branch>
      <P Name="ZOrder">17</P>
      <P Name="Dst">1624#in:1</P>
    </Branch>
    <Branch>
      <P Name="ZOrder">18</P>
      <P Name="Points">[0, 210]</P>
      <P Name="Dst">1627#in:1</P>
    </Branch>
  </Line>
  <Line>
    <P Name="Name">ddZ</P>
    <P Name="ZOrder">19</P>
    <P Name="Labels">[0, 0]</P>
    <P Name="Src">1658#out:1</P>
    <P Name="Points">[33, 0; 0, 50]</P>
    <P Name="Dst">1629#in:1</P>
  </Line>
  <Line>
    <P Name="ZOrder">20</P>
    <P Name="Src">1631#out:1</P>
    <P Name="Dst">1655#in:2</P>
  </Line>
  <Line>
    <P Name="ZOrder">21</P>
    <P Name="Src">1629#out:1</P>
    <P Name="Dst">1628#in:1</P>
  </Line>
  <Line>
    <P Name="ZOrder">22</P>
    <P Name="Src">1659#out:1</P>
    <P Name="Dst">1658#in:1</P>
  </Line>
  <Line>
    <P Name="ZOrder">23</P>
    <P Name="Src">1660#out:1</P>
    <P Name="Points">[5, 0]</P>
    <P Name="Dst">1659#in:2</P>
  </Line>
  <Line>
    <P Name="ZOrder">24</P>
    <P Name="Src">1654#out:1</P>
    <P Name="Points">[30, 0; 0, 20]</P>
    <P Name="Dst">1659#in:1</P>
  </Line>
  <Line>
    <P Name="ZOrder">25</P>
    <P Name="Src">1619#out:1</P>
    <P Name="Dst">1661#in:1</P>
  </Line>
  <Line>
    <P Name="ZOrder">26</P>
    <P Name="Src">1622#out:1</P>
    <P Name="Dst">1656#in:1</P>
  </Line>
  <Line>
    <P Name="ZOrder">27</P>
    <P Name="Src">1624#out:1</P>
    <P Name="Dst">1665#in:1</P>
  </Line>
  <Line>
    <P Name="ZOrder">28</P>
    <P Name="Src">1625#out:1</P>
    <P Name="Dst">1631#in:1</P>
  </Line>
  <Line>
    <P Name="ZOrder">29</P>
    <P Name="Src">1630#out:1</P>
    <P Name="Dst">1654#in:1</P>
  </Line>
  <Line>
    <P Name="ZOrder">30</P>
    <P Name="Src">1661#out:1</P>
    <P Name="Points">[77, 0]</P>
    <Branch>
      <P Name="ZOrder">31</P>
      <P Name="Dst">1629#in:2</P>
    </Branch>
    <Branch>
      <P Name="ZOrder">32</P>
      <P Name="Points">[0, 55]</P>
      <P Name="Dst">1633#in:1</P>
    </Branch>
  </Line>
  <Line>
    <P Name="ZOrder">33</P>
    <P Name="Src">1626#out:1</P>
    <P Name="Dst">1664#in:1</P>
  </Line>
  <Line>
    <P Name="ZOrder">34</P>
    <P Name="Src">1633#out:1</P>
    <P Name="Points">[40, 0; 0, -30]</P>
    <P Name="Dst">1629#in:3</P>
  </Line>
  <Line>
    <P Name="ZOrder">35</P>
    <P Name="Src">1656#out:1</P>
    <P Name="Points">[24, 0]</P>
    <Branch>
      <P Name="ZOrder">36</P>
      <P Name="Points">[0, 20]</P>
      <P Name="Dst">1630#in:1</P>
    </Branch>
    <Branch>
      <P Name="ZOrder">37</P>
      <P Name="Points">[0, -36; 711, 0]</P>
      <P Name="Dst">1655#in:1</P>
    </Branch>
  </Line>
  <Line>
    <P Name="ZOrder">39</P>
    <P Name="Src">1633#out:2</P>
    <P Name="Dst">1710#in:1</P>
  </Line>
</System>
