<?xml version="1.0" encoding="utf-8"?>
<System>
  <P Name="Location">[30, 30, 1030, 770]</P>
  <P Name="SystemRect">[0.000000, 0.000000, 0.000000, 0.000000]</P>
  <P Name="SetExecutionDomain">off</P>
  <P Name="ExecutionDomainType">Deduce</P>
  <P Name="SimulinkSubDomain">Simulink</P>
  <Block BlockType="Inport" Name="States" SID="1984">
    <P Name="Position">[110, 108, 140, 122]</P>
    <P Name="ZOrder">-1</P>
  </Block>
  <Block BlockType="TriggerPort" Name="Trigger" SID="1985">
    <P Name="Ports">[]</P>
    <P Name="Position">[235, 20, 255, 40]</P>
    <P Name="ZOrder">-2</P>
    <P Name="VariantControl">Variant</P>
    <P Name="StatesWhenEnabling">held</P>
    <P Name="InitialTriggerSignalState">zero</P>
  </Block>
  <Block BlockType="BusSelector" Name="Bus&#xA;Selector" SID="1986">
    <P Name="Ports">[1, 2]</P>
    <P Name="Position">[245, 75, 250, 150]</P>
    <P Name="ZOrder">2</P>
    <P Name="ShowName">off</P>
    <P Name="OutputSignals">X,Y</P>
    <Port>
      <P Name="PortNumber">1</P>
      <P Name="Name">&lt;X&gt;</P>
    </Port>
    <Port>
      <P Name="PortNumber">2</P>
      <P Name="Name">&lt;Y&gt;</P>
    </Port>
  </Block>
  <Block BlockType="Outport" Name="X" SID="1987">
    <P Name="Position">[360, 88, 390, 102]</P>
    <P Name="ZOrder">-3</P>
  </Block>
  <Block BlockType="Outport" Name="Y" SID="1988">
    <P Name="Position">[360, 123, 390, 137]</P>
    <P Name="ZOrder">3</P>
    <P Name="Port">2</P>
  </Block>
  <Line>
    <P Name="ZOrder">1</P>
    <P Name="Src">1984#out:1</P>
    <P Name="Dst">1986#in:1</P>
  </Line>
  <Line>
    <P Name="Name">&lt;X&gt;</P>
    <P Name="ZOrder">2</P>
    <P Name="Labels">[0, 0]</P>
    <P Name="Src">1986#out:1</P>
    <P Name="Dst">1987#in:1</P>
  </Line>
  <Line>
    <P Name="Name">&lt;Y&gt;</P>
    <P Name="ZOrder">3</P>
    <P Name="Labels">[0, 0]</P>
    <P Name="Src">1986#out:2</P>
    <P Name="Dst">1988#in:1</P>
  </Line>
</System>
